Wavelength               Intensity
3.500000000000000000e+02 5.077655579284698470e+05
3.500500050005000503e+02 5.145787932905813796e+05
3.501000100010001006e+02 5.343835749637612607e+05
3.501500150015001509e+02 5.132699710935481708e+05
3.502000200020002012e+02 5.344847358140876750e+05
3.502500250025002515e+02 5.100272871427452192e+05
3.503000300030003018e+02 4.886618633630325785e+05
3.503500350035003521e+02 5.175492943351097638e+05
3.504000400040004024e+02 5.094165103151737130e+05
3.504500450045004527e+02 4.945817361119674752e+05
3.505000500050005030e+02 4.871865375896169571e+05
3.505500550055005533e+02 5.076670381228083861e+05
3.506000600060006036e+02 5.215941589861197281e+05
3.506500650065006539e+02 5.024675225397423492e+05
3.507000700070007042e+02 5.070533776529947645e+05
3.507500750075007545e+02 4.959702514187881607e+05
3.508000800080008048e+02 5.357053775707281893e+05
3.508500850085008551e+02 5.160408822748992825e+05
3.509000900090009054e+02 4.984464555054928060e+05
3.509500950095009557e+02 4.904761360748275765e+05
3.510001000100010060e+02 5.317638357302040095e+05
3.510501050105010563e+02 5.032456229810706573e+05
3.511001100110011066e+02 5.262291425117348554e+05
3.511501150115011569e+02 4.911237218788008322e+05
3.512001200120012072e+02 4.905353389416754944e+05
3.512501250125012575e+02 4.920669261009090114e+05
3.513001300130013078e+02 5.154377510510749416e+05
3.513501350135013581e+02 4.921928599293603329e+05
3.514001400140014084e+02 4.930813126895128516e+05
3.514501450145014587e+02 5.279469750175011577e+05
3.515001500150015090e+02 5.265772619923453312e+05
3.515501550155015593e+02 5.185391347221121541e+05
3.516001600160016096e+02 5.203687031272576423e+05
3.516501650165016599e+02 5.116006469264692860e+05
3.517001700170017102e+02 5.287407183978292160e+05
3.517501750175017605e+02 5.378800648794452427e+05
3.518001800180018108e+02 5.090725616688195732e+05
3.518501850185018611e+02 5.340694574035133701e+05
3.519001900190019114e+02 5.039031456825012574e+05
3.519501950195019617e+02 4.879169957479516161e+05
3.520002000200020120e+02 5.130338357801709208e+05
3.520502050205020623e+02 5.033597499899080140e+05
3.521002100210021126e+02 5.187332212231382728e+05
3.521502150215021629e+02 5.237370805854696082e+05
3.522002200220022132e+02 4.973950198959424742e+05
3.522502250225022635e+02 5.306106422321429709e+05
3.523002300230023138e+02 5.297316635855782079e+05
3.523502350235023641e+02 5.121880094135528198e+05
3.524002400240024144e+02 5.176263803442229982e+05
3.524502450245024647e+02 5.287620584712869022e+05
3.525002500250025150e+02 4.979955070358155644e+05
3.525502550255025653e+02 4.908828929758825107e+05
3.526002600260026156e+02 5.005054434911519638e+05
3.526502650265026659e+02 5.111888734126413474e+05
3.527002700270027162e+02 4.890791381743758102e+05
3.527502750275027665e+02 4.999670260795359500e+05
3.528002800280028168e+02 5.238563488305352512e+05
3.528502850285028671e+02 5.016039578366313945e+05
3.529002900290029174e+02 4.996673577054090565e+05
3.529502950295029677e+02 5.156682951227224548e+05
3.530003000300030180e+02 5.356355428454971407e+05
3.530503050305030683e+02 5.259522296636505052e+05
3.531003100310031186e+02 5.236615797447508667e+05
3.531503150315031689e+02 5.084259146480972995e+05
3.532003200320032192e+02 4.987496671970636235e+05
3.532503250325032695e+02 5.061865811998668360e+05
3.533003300330033198e+02 5.151730448239414254e+05
3.533503350335033701e+02 4.911544362503390876e+05
3.534003400340034204e+02 5.302777093369514914e+05
3.534503450345034707e+02 5.034296732100932859e+05
3.535003500350035210e+02 5.157244124224532861e+05
3.535503550355035713e+02 5.271712612789148698e+05
3.536003600360036216e+02 4.986613002243207302e+05
3.536503650365036719e+02 5.012266605480011785e+05
3.537003700370037222e+02 5.160587465919413953e+05
3.537503750375037725e+02 5.109778420104425750e+05
3.538003800380038228e+02 5.141419537965529598e+05
3.538503850385038731e+02 4.923106864403315703e+05
3.539003900390039234e+02 5.258770683447588235e+05
3.539503950395039737e+02 5.136688176419970114e+05
3.540004000400040240e+02 5.323421921369294869e+05
3.540504050405040743e+02 5.347788670292777242e+05
3.541004100410041247e+02 5.330914899879831355e+05
3.541504150415041750e+02 5.129331287756975507e+05
3.542004200420042253e+02 5.212687213789160014e+05
3.542504250425042756e+02 5.115663712520640111e+05
3.543004300430043259e+02 5.216997355926784803e+05
3.543504350435043762e+02 5.366333860750818858e+05
3.544004400440044265e+02 5.255840965498317964e+05
3.544504450445044768e+02 5.196753527506261016e+05
3.545004500450045271e+02 5.015416302139553009e+05
3.545504550455045774e+02 5.305493888903005281e+05
3.546004600460046277e+02 4.940279245397535269e+05
3.546504650465046780e+02 5.227726276886608684e+05
3.547004700470047283e+02 5.374919914111176040e+05
3.547504750475047786e+02 4.990828450386883342e+05
3.548004800480048289e+02 4.890640486994709354e+05
3.548504850485048223e+02 4.920019242567770416e+05
3.549004900490048726e+02 5.299310623171321349e+05
3.549504950495049229e+02 4.938781061886789976e+05
3.550005000500049732e+02 5.253233422885201871e+05
3.550505050505050235e+02 4.994016595311797573e+05
3.551005100510050738e+02 5.023667061076600221e+05
3.551505150515051241e+02 5.361856904926932184e+05
3.552005200520051744e+02 5.354616419545250246e+05
3.552505250525052247e+02 4.952244985920279287e+05
3.553005300530052750e+02 5.090569542239103466e+05
3.553505350535053253e+02 4.897100946284719394e+05
3.554005400540053756e+02 5.154722763052689843e+05
3.554505450545054259e+02 4.968493099443865940e+05
3.555005500550054762e+02 4.897365732314882916e+05
3.555505550555055265e+02 5.164453234728382085e+05
3.556005600560055768e+02 4.882369049380393699e+05
3.556505650565056271e+02 5.045663403392420150e+05
3.557005700570056774e+02 4.983711824861336499e+05
3.557505750575057277e+02 5.084335143379556830e+05
3.558005800580057780e+02 5.124324093128521927e+05
3.558505850585058283e+02 5.361515438736439683e+05
3.559005900590058786e+02 4.932716926118243719e+05
3.559505950595059289e+02 5.362138178400783800e+05
3.560006000600059792e+02 5.157634124947009841e+05
3.560506050605060295e+02 5.328256565863756696e+05
3.561006100610060798e+02 5.201956883839960210e+05
3.561506150615061301e+02 4.912142500172042055e+05
3.562006200620061804e+02 5.241729001667636330e+05
3.562506250625062307e+02 4.971433889821192133e+05
3.563006300630062810e+02 4.915201067353200633e+05
3.563506350635063313e+02 5.079545476305306074e+05
3.564006400640063816e+02 5.194171029631606070e+05
3.564506450645064319e+02 5.373490856625039596e+05
3.565006500650064822e+02 5.177015766211371520e+05
3.565506550655065325e+02 4.970691874298600596e+05
3.566006600660065828e+02 5.120032408862462617e+05
3.566506650665066331e+02 5.186890793639096664e+05
3.567006700670066834e+02 5.098512227896038676e+05
3.567506750675067337e+02 5.057970543922042125e+05
3.568006800680067840e+02 5.209120550531450426e+05
3.568506850685068343e+02 5.208640947512404528e+05
3.569006900690068846e+02 5.140015376345757395e+05
3.569506950695069349e+02 5.060832262739097932e+05
3.570007000700069852e+02 5.300699470918274019e+05
3.570507050705070355e+02 5.261423768658406334e+05
3.571007100710070858e+02 5.287214102248293348e+05
3.571507150715071361e+02 5.167084346952263732e+05
3.572007200720071864e+02 4.962729358552498161e+05
3.572507250725072367e+02 5.239697640793097089e+05
3.573007300730072870e+02 5.351162730742965359e+05
3.573507350735073373e+02 5.177496020970021491e+05
3.574007400740073876e+02 5.302860708378204145e+05
3.574507450745074379e+02 4.943445742723795120e+05
3.575007500750074882e+02 5.191058585596156772e+05
3.575507550755075385e+02 5.119232749770690571e+05
3.576007600760075889e+02 5.282784315283809556e+05
3.576507650765076392e+02 5.120408982205321663e+05
3.577007700770076895e+02 5.276591811828962527e+05
3.577507750775077398e+02 5.212926254271441139e+05
3.578007800780077901e+02 5.309843422233837191e+05
3.578507850785078404e+02 5.307388842746739974e+05
3.579007900790078907e+02 5.323364804980640765e+05
3.579507950795079410e+02 5.188385094485334703e+05
3.580008000800079913e+02 5.165505430976722855e+05
3.580508050805080416e+02 4.897752064720087801e+05
3.581008100810080919e+02 4.919393556570179644e+05
3.581508150815081422e+02 5.003847712558959611e+05
3.582008200820081925e+02 5.061157361245751381e+05
3.582508250825082428e+02 4.951551260989283328e+05
3.583008300830082931e+02 4.971890274678968708e+05
3.583508350835083434e+02 4.897096573805346270e+05
3.584008400840083937e+02 5.032482439484928036e+05
3.584508450845084440e+02 5.027776591679723351e+05
3.585008500850084943e+02 5.238710863494998193e+05
3.585508550855085446e+02 5.033123167264628573e+05
3.586008600860085949e+02 5.092617327809737180e+05
3.586508650865086452e+02 4.882395207323213108e+05
3.587008700870086955e+02 5.154211774881501915e+05
3.587508750875087458e+02 4.899154800363730756e+05
3.588008800880087961e+02 5.303085840292333160e+05
3.588508850885088464e+02 5.025094015586430323e+05
3.589008900890088967e+02 5.256034732993788784e+05
3.589508950895089470e+02 5.260360553443070967e+05
3.590009000900089973e+02 4.922022413817420020e+05
3.590509050905090476e+02 5.334560633333962178e+05
3.591009100910090979e+02 5.165674210480649490e+05
3.591509150915091482e+02 5.007412696137575549e+05
3.592009200920091985e+02 5.242590289534092881e+05
3.592509250925092488e+02 4.914829504398127319e+05
3.593009300930092991e+02 5.195871516512513626e+05
3.593509350935093494e+02 5.164192691646093735e+05
3.594009400940093997e+02 5.154609828846309101e+05
3.594509450945094500e+02 5.051418281108147348e+05
3.595009500950095003e+02 5.027625020106046577e+05
3.595509550955095506e+02 5.107077271070075803e+05
3.596009600960096009e+02 5.230759722904884256e+05
3.596509650965096512e+02 4.947884574358303216e+05
3.597009700970097015e+02 5.094999597954323981e+05
3.597509750975097518e+02 5.343741809921604581e+05
3.598009800980098021e+02 5.141664568448669161e+05
3.598509850985098524e+02 5.221956768567635445e+05
3.599009900990099027e+02 4.966902688135842327e+05
3.599509950995099530e+02 5.268597006642860360e+05
3.600010001000100033e+02 5.351189012319353642e+05
3.600510051005100536e+02 4.987014316293411539e+05
3.601010101010101039e+02 5.274042658121163258e+05
3.601510151015101542e+02 5.199790111320998403e+05
3.602010201020102045e+02 4.872364582601372385e+05
3.602510251025102548e+02 4.870780850734527921e+05
3.603010301030103051e+02 5.181656594099425129e+05
3.603510351035103554e+02 4.918037084785311599e+05
3.604010401040104057e+02 5.076130335419087205e+05
3.604510451045104560e+02 5.081364207454179414e+05
3.605010501050105063e+02 5.052257728325452190e+05
3.605510551055105566e+02 5.162096497530458146e+05
3.606010601060106069e+02 5.237660093099538353e+05
3.606510651065106572e+02 4.897659447111704503e+05
3.607010701070107075e+02 5.040097146950529423e+05
3.607510751075107578e+02 5.100268831594664953e+05
3.608010801080108081e+02 5.057361052085523261e+05
3.608510851085108584e+02 5.014881003983946866e+05
3.609010901090109087e+02 5.193469825984239578e+05
3.609510951095109590e+02 4.868691888567992719e+05
3.610011001100110093e+02 4.934446514627196593e+05
3.610511051105110596e+02 5.161095731740526971e+05
3.611011101110111099e+02 5.033036271075015538e+05
3.611511151115111602e+02 4.884191366300114314e+05
3.612011201120112105e+02 4.988539617811334901e+05
3.612511251125112608e+02 5.239530557029932970e+05
3.613011301130113111e+02 5.373854083972783992e+05
3.613511351135113614e+02 5.344321321550215362e+05
3.614011401140114117e+02 5.062437628210473922e+05
3.614511451145114620e+02 5.066864162138691172e+05
3.615011501150115123e+02 5.270482398106550099e+05
3.615511551155115626e+02 5.156515827632388682e+05
3.616011601160116129e+02 5.036800469597600750e+05
3.616511651165116632e+02 5.011424062019305420e+05
3.617011701170117135e+02 4.911015187246691785e+05
3.617511751175117638e+02 4.959991870042743394e+05
3.618011801180118141e+02 4.941932556661751005e+05
3.618511851185118644e+02 5.066710539196729078e+05
3.619011901190119147e+02 5.083363793143130024e+05
3.619511951195119650e+02 5.360355000064362539e+05
3.620012001200120153e+02 5.346853670982597396e+05
3.620512051205120656e+02 5.378193261251982767e+05
3.621012101210121159e+02 5.236906812855662429e+05
3.621512151215121662e+02 5.377053708379785530e+05
3.622012201220122165e+02 4.874998040394465788e+05
3.622512251225122668e+02 5.020967051101662801e+05
3.623012301230123171e+02 5.352677185720861889e+05
3.623512351235123674e+02 5.344158115399393719e+05
3.624012401240124177e+02 5.116053664371747873e+05
3.624512451245124680e+02 5.150172272207175847e+05
3.625012501250125183e+02 5.192349133361950517e+05
3.625512551255125686e+02 5.092402945904695662e+05
3.626012601260126189e+02 5.290027291689509293e+05
3.626512651265126692e+02 5.162656516097502899e+05
3.627012701270127195e+02 4.936862927882083459e+05
3.627512751275127698e+02 5.379384098895812640e+05
3.628012801280128201e+02 4.887098785035968758e+05
3.628512851285128704e+02 5.182750499638454057e+05
3.629012901290129207e+02 4.996738626629698556e+05
3.629512951295129710e+02 5.188355753516763216e+05
3.630013001300130213e+02 4.902258680040864856e+05
3.630513051305130716e+02 5.187662101748514688e+05
3.631013101310131219e+02 5.332560279100576881e+05
3.631513151315131722e+02 5.335196590888812207e+05
3.632013201320132225e+02 4.919357185259851394e+05
3.632513251325132728e+02 4.878122614728522603e+05
3.633013301330133231e+02 5.321530249520388898e+05
3.633513351335133734e+02 5.023995663967140135e+05
3.634013401340134237e+02 5.257478752120271092e+05
3.634513451345134740e+02 5.368513757792025572e+05
3.635013501350135243e+02 5.163971603068363620e+05
3.635513551355135746e+02 5.264673674097444164e+05
3.636013601360136249e+02 4.925184857780323364e+05
3.636513651365136752e+02 5.026518265929479385e+05
3.637013701370137255e+02 4.895156368320058682e+05
3.637513751375137758e+02 5.296266236166693270e+05
3.638013801380138261e+02 4.944883741556527675e+05
3.638513851385138764e+02 5.061138395078493049e+05
3.639013901390139267e+02 5.278465376170305535e+05
3.639513951395139770e+02 4.891296330980299390e+05
3.640014001400140273e+02 5.266592477138480172e+05
3.640514051405140776e+02 5.245181722073884448e+05
3.641014101410141279e+02 5.037712165878741653e+05
3.641514151415141214e+02 5.114836281153167365e+05
3.642014201420141717e+02 5.241140532337694895e+05
3.642514251425142220e+02 5.158095992919772980e+05
3.643014301430142723e+02 5.179726089548448799e+05
3.643514351435143226e+02 4.911061348926688079e+05
3.644014401440143729e+02 4.888156093965987675e+05
3.644514451445144232e+02 5.044623683857850847e+05
3.645014501450144735e+02 4.889065916389261838e+05
3.645514551455145238e+02 4.888966051049959497e+05
3.646014601460145741e+02 5.288342272124127485e+05
3.646514651465146244e+02 5.404357523681083694e+05
3.647014701470146747e+02 5.235959523308120552e+05
3.647514751475147250e+02 5.002259563418306061e+05
3.648014801480147753e+02 5.141380042830943130e+05
3.648514851485148256e+02 5.051376668851133436e+05
3.649014901490148759e+02 5.065781066296180361e+05
3.649514951495149262e+02 5.243968220264627598e+05
3.650015001500149765e+02 5.215780302375091705e+05
3.650515051505150268e+02 5.171945942102019326e+05
3.651015101510150771e+02 5.324668917673579417e+05
3.651515151515151274e+02 5.201923318559347535e+05
3.652015201520151777e+02 5.018605048174790572e+05
3.652515251525152280e+02 5.243200195432319306e+05
3.653015301530152783e+02 5.155573449451457127e+05
3.653515351535153286e+02 5.294471341336948099e+05
3.654015401540153789e+02 5.136976466152203502e+05
3.654515451545154292e+02 5.104333001457625651e+05
3.655015501550154795e+02 5.399115536760310642e+05
3.655515551555155298e+02 4.991554936223087134e+05
3.656015601560155801e+02 5.333288716853039805e+05
3.656515651565156304e+02 5.157021195692967740e+05
3.657015701570156807e+02 5.189676252264023642e+05
3.657515751575157310e+02 5.211765831110505387e+05
3.658015801580157813e+02 5.407612913260150235e+05
3.658515851585158316e+02 5.472519444082984701e+05
3.659015901590158819e+02 5.336877165726741077e+05
3.659515951595159322e+02 4.980873899346424732e+05
3.660016001600159825e+02 4.975675672682516160e+05
3.660516051605160328e+02 5.128236521217786940e+05
3.661016101610160831e+02 5.309589939398799324e+05
3.661516151615161334e+02 5.082610927555274684e+05
3.662016201620161837e+02 5.311334267571326345e+05
3.662516251625162340e+02 5.447923015650067246e+05
3.663016301630162843e+02 5.036501391678786604e+05
3.663516351635163346e+02 5.253180535502887797e+05
3.664016401640163849e+02 5.174686296459863079e+05
3.664516451645164352e+02 5.098498675752865965e+05
3.665016501650164855e+02 5.098096438454873860e+05
3.665516551655165358e+02 5.046398793440570007e+05
3.666016601660165861e+02 5.465482680034500081e+05
3.666516651665166364e+02 5.175692771682428429e+05
3.667016701670166867e+02 5.331274305387901841e+05
3.667516751675167370e+02 5.000366358560141525e+05
3.668016801680167873e+02 5.490818459529384272e+05
3.668516851685168376e+02 5.378778365819029277e+05
3.669016901690168879e+02 5.279343794795095455e+05
3.669516951695169382e+02 5.361853228453592164e+05
3.670017001700169885e+02 5.455594086292176507e+05
3.670517051705170388e+02 5.095893213497814722e+05
3.671017101710170891e+02 5.432972808663615724e+05
3.671517151715171394e+02 5.119038318364741863e+05
3.672017201720171897e+02 5.028136941112970817e+05
3.672517251725172400e+02 5.194125434424469131e+05
3.673017301730172903e+02 5.122216212833228055e+05
3.673517351735173406e+02 5.306517096928147366e+05
3.674017401740173909e+02 5.333498811761199031e+05
3.674517451745174412e+02 5.092784450786378002e+05
3.675017501750174915e+02 5.229706410659777466e+05
3.675517551755175418e+02 5.246202139162900858e+05
3.676017601760175921e+02 5.211600472688988084e+05
3.676517651765176424e+02 5.299907548888586462e+05
3.677017701770176927e+02 4.989341970298171509e+05
3.677517751775177430e+02 5.319985243025957607e+05
3.678017801780177933e+02 5.084018059697125573e+05
3.678517851785178436e+02 5.387398213260874618e+05
3.679017901790178939e+02 5.051291702695672866e+05
3.679517951795179442e+02 5.019307910718104686e+05
3.680018001800179945e+02 5.347943501679217443e+05
3.680518051805180448e+02 5.154696299734545755e+05
3.681018101810180951e+02 5.457706514049086254e+05
3.681518151815181454e+02 5.411917939240135020e+05
3.682018201820181957e+02 5.297438528062723344e+05
3.682518251825182460e+02 5.235390025611579185e+05
3.683018301830182963e+02 5.154429671289847465e+05
3.683518351835183466e+02 5.258453080613550264e+05
3.684018401840183969e+02 5.477520472122095525e+05
3.684518451845184472e+02 5.174878345204046927e+05
3.685018501850184975e+02 5.462255140669640386e+05
3.685518551855185478e+02 4.972126466237902059e+05
3.686018601860185981e+02 5.420885627336135367e+05
3.686518651865186484e+02 5.215760851636725129e+05
3.687018701870186987e+02 5.290232671441573184e+05
3.687518751875187490e+02 5.366395483869877644e+05
3.688018801880187993e+02 5.448493148863856914e+05
3.688518851885188496e+02 5.479269853598969057e+05
3.689018901890188999e+02 5.358737757425364107e+05
3.689518951895189502e+02 5.355596018554350594e+05
3.690019001900190005e+02 5.035855366364428774e+05
3.690519051905190508e+02 4.984211050059332629e+05
3.691019101910191011e+02 5.297677965396168875e+05
3.691519151915191514e+02 5.389977748034854885e+05
3.692019201920192017e+02 5.092612660708268522e+05
3.692519251925192521e+02 5.161334605907739024e+05
3.693019301930193024e+02 4.998147399773630896e+05
3.693519351935193527e+02 5.210492811116294470e+05
3.694019401940194030e+02 5.130707398237301386e+05
3.694519451945194533e+02 5.096212561265547411e+05
3.695019501950195036e+02 5.410937477104624268e+05
3.695519551955195539e+02 5.048048915411722846e+05
3.696019601960196042e+02 5.268659225345961750e+05
3.696519651965196545e+02 5.122994824707036605e+05
3.697019701970197048e+02 4.996522908664206625e+05
3.697519751975197551e+02 5.266331834214638220e+05
3.698019801980198054e+02 5.324763865482156398e+05
3.698519851985198557e+02 5.285189049907522276e+05
3.699019901990199060e+02 5.032731311811876949e+05
3.699519951995199563e+02 5.037432488009798690e+05
3.700020002000200066e+02 5.255589096433963859e+05
3.700520052005200569e+02 4.986282297968939529e+05
3.701020102010201072e+02 5.196060469186209375e+05
3.701520152015201575e+02 5.075521326100701699e+05
3.702020202020202078e+02 5.249220218119772617e+05
3.702520252025202581e+02 5.067444697278141393e+05
3.703020302030203084e+02 5.364991326669667615e+05
3.703520352035203587e+02 5.339466452944491757e+05
3.704020402040204090e+02 5.095650993465208448e+05
3.704520452045204593e+02 5.135730621970812208e+05
3.705020502050205096e+02 5.384622311665887246e+05
3.705520552055205599e+02 5.418735350073783193e+05
3.706020602060206102e+02 5.300334724378510145e+05
3.706520652065206605e+02 5.461948668017942691e+05
3.707020702070207108e+02 5.244962321514080977e+05
3.707520752075207611e+02 5.141814867676214199e+05
3.708020802080208114e+02 5.374943930059307022e+05
3.708520852085208617e+02 5.255975124290187377e+05
3.709020902090209120e+02 5.353725418794227298e+05
3.709520952095209623e+02 5.627469218827459263e+05
3.710021002100210126e+02 5.329387116651970427e+05
3.710521052105210629e+02 5.405819225736372173e+05
3.711021102110211132e+02 5.352855924304991495e+05
3.711521152115211635e+02 5.379778968244002899e+05
3.712021202120212138e+02 5.414342582927730400e+05
3.712521252125212641e+02 5.879026330859699519e+05
3.713021302130213144e+02 5.751220713582821190e+05
3.713521352135213647e+02 5.610793156707604649e+05
3.714021402140214150e+02 6.146855991364117945e+05
3.714521452145214653e+02 5.802001643391287653e+05
3.715021502150215156e+02 6.047738613495769678e+05
3.715521552155215659e+02 6.183197105390868383e+05
3.716021602160216162e+02 6.113433032114884118e+05
3.716521652165216665e+02 6.495903772083129734e+05
3.717021702170217168e+02 6.590453605889464961e+05
3.717521752175217671e+02 6.379583653629204491e+05
3.718021802180218174e+02 6.453804032443790929e+05
3.718521852185218677e+02 7.136197723955643596e+05
3.719021902190219180e+02 6.657091251148757292e+05
3.719521952195219683e+02 7.035619438109539915e+05
3.720022002200220186e+02 7.173911022922884440e+05
3.720522052205220689e+02 7.360135538982537109e+05
3.721022102210221192e+02 7.558324229845624650e+05
3.721522152215221695e+02 7.813909658903904492e+05
3.722022202220222198e+02 8.161083669524543220e+05
3.722522252225222701e+02 8.052562937654268462e+05
3.723022302230223204e+02 7.939632335521943169e+05
3.723522352235223707e+02 7.856013933384398697e+05
3.724022402240224210e+02 8.594577396632017335e+05
3.724522452245224713e+02 8.329762507305394392e+05
3.725022502250225216e+02 8.269489650316970656e+05
3.725522552255225719e+02 8.624356929415382911e+05
3.726022602260226222e+02 9.191593267470324645e+05
3.726522652265226725e+02 9.135182140445327386e+05
3.727022702270227228e+02 8.869408372020934476e+05
3.727522752275227731e+02 8.579197562035549199e+05
3.728022802280228234e+02 8.939933609095013235e+05
3.728522852285228737e+02 9.142346193857006729e+05
3.729022902290229240e+02 8.911357949696753640e+05
3.729522952295229743e+02 8.849350369791310513e+05
3.730023002300230246e+02 9.042926046275348635e+05
3.730523052305230749e+02 8.999888146133313421e+05
3.731023102310231252e+02 9.050861016604432371e+05
3.731523152315231755e+02 9.494290088153777178e+05
3.732023202320232258e+02 9.501475221507783281e+05
3.732523252325232761e+02 9.290043561285956530e+05
3.733023302330233264e+02 8.940027147986360360e+05
3.733523352335233767e+02 8.427688318176264875e+05
3.734023402340234270e+02 8.783170702724871226e+05
3.734523452345234773e+02 8.805575656204211991e+05
3.735023502350235276e+02 8.729902443622712744e+05
3.735523552355235779e+02 8.828331645400866400e+05
3.736023602360236282e+02 7.982245133874291787e+05
3.736523652365236785e+02 8.439420004574380582e+05
3.737023702370237288e+02 7.694457455407305388e+05
3.737523752375237791e+02 7.675016064744517207e+05
3.738023802380238294e+02 8.084689249289921718e+05
3.738523852385238797e+02 7.821536007037000963e+05
3.739023902390239300e+02 7.702068630781756947e+05
3.739523952395239803e+02 7.428260604321948485e+05
3.740024002400240306e+02 6.899847261304354761e+05
3.740524052405240809e+02 7.125125035850430140e+05
3.741024102410241312e+02 7.234267993168103276e+05
3.741524152415241247e+02 7.107021354855976533e+05
3.742024202420241750e+02 6.886069646137037780e+05
3.742524252425242253e+02 6.757622373559867265e+05
3.743024302430242756e+02 6.127256218871047022e+05
3.743524352435243259e+02 6.517298265714049339e+05
3.744024402440243762e+02 6.449680516982133267e+05
3.744524452445244265e+02 5.938696886144091841e+05
3.745024502450244768e+02 6.035570407238247572e+05
3.745524552455245271e+02 6.150963325147102587e+05
3.746024602460245774e+02 5.863444196028995793e+05
3.746524652465246277e+02 5.983955589911087882e+05
3.747024702470246780e+02 5.619506253870044602e+05
3.747524752475247283e+02 5.774899876628570491e+05
3.748024802480247786e+02 5.520869581802207977e+05
3.748524852485248289e+02 5.580618878614912974e+05
3.749024902490248792e+02 5.474609467775369994e+05
3.749524952495249295e+02 5.374817193548247451e+05
3.750025002500249798e+02 5.391056460479202215e+05
3.750525052505250301e+02 5.331082463523386978e+05
3.751025102510250804e+02 5.602612116235058056e+05
3.751525152515251307e+02 5.400016174244730501e+05
3.752025202520251810e+02 5.453538886905537220e+05
3.752525252525252313e+02 5.288822717992382823e+05
3.753025302530252816e+02 5.129634363763286383e+05
3.753525352535253319e+02 5.301182827899656259e+05
3.754025402540253822e+02 5.068520058499721927e+05
3.754525452545254325e+02 5.512662980973091908e+05
3.755025502550254828e+02 5.463569664159422973e+05
3.755525552555255331e+02 5.299556053303696681e+05
3.756025602560255834e+02 5.052171757342034834e+05
3.756525652565256337e+02 5.007274072744441219e+05
3.757025702570256840e+02 5.211528031138472143e+05
3.757525752575257343e+02 5.095412039328690735e+05
3.758025802580257846e+02 5.473158130048331805e+05
3.758525852585258349e+02 5.361445321544982726e+05
3.759025902590258852e+02 5.241149236682426999e+05
3.759525952595259355e+02 5.093139676837921143e+05
3.760026002600259858e+02 5.012769110502094263e+05
3.760526052605260361e+02 5.472580919689354487e+05
3.761026102610260864e+02 5.219377165579577559e+05
3.761526152615261367e+02 5.103443367427638732e+05
3.762026202620261870e+02 5.392727917499324540e+05
3.762526252625262373e+02 5.247557642661259742e+05
3.763026302630262876e+02 5.104590544168495690e+05
3.763526352635263379e+02 5.277567205755028408e+05
3.764026402640263882e+02 5.394253342958533904e+05
3.764526452645264385e+02 5.124185127655885299e+05
3.765026502650264888e+02 5.072210129309808253e+05
3.765526552655265391e+02 5.136261620863395510e+05
3.766026602660265894e+02 4.962910708635697956e+05
3.766526652665266397e+02 5.334686284162912052e+05
3.767026702670266900e+02 5.023318155275141471e+05
3.767526752675267403e+02 5.271608467961172573e+05
3.768026802680267906e+02 5.144868589011994191e+05
3.768526852685268409e+02 5.383063300184702966e+05
3.769026902690268912e+02 5.332946681877679657e+05
3.769526952695269415e+02 5.303774958368584048e+05
3.770027002700269918e+02 5.375379000677906442e+05
3.770527052705270421e+02 5.064551351878854912e+05
3.771027102710270924e+02 5.460213850693136919e+05
3.771527152715271427e+02 5.422868892008508556e+05
3.772027202720271930e+02 5.359275603723077802e+05
3.772527252725272433e+02 5.289023801659480669e+05
3.773027302730272936e+02 5.043989892174110864e+05
3.773527352735273439e+02 5.152373297119273338e+05
3.774027402740273942e+02 4.954723212282478344e+05
3.774527452745274445e+02 5.400513118604618357e+05
3.775027502750274948e+02 5.205825641065475647e+05
3.775527552755275451e+02 5.075852575992624625e+05
3.776027602760275954e+02 5.080719046187542262e+05
3.776527652765276457e+02 5.324633015793609666e+05
3.777027702770276960e+02 5.448190541525838198e+05
3.777527752775277463e+02 5.109940636957641109e+05
3.778027802780277966e+02 5.218197830513537046e+05
3.778527852785278469e+02 5.111031202339578886e+05
3.779027902790278972e+02 4.955695706537589431e+05
3.779527952795279475e+02 5.104390781161783380e+05
3.780028002800279978e+02 5.090303717458113679e+05
3.780528052805280481e+02 5.087607422405022662e+05
3.781028102810280984e+02 5.237706190988897579e+05
3.781528152815281487e+02 4.947958487899979809e+05
3.782028202820281990e+02 5.107099065926885814e+05
3.782528252825282493e+02 5.425633802915866254e+05
3.783028302830282996e+02 5.089190364783775294e+05
3.783528352835283499e+02 5.317058838068222394e+05
3.784028402840284002e+02 5.060560771959531703e+05
3.784528452845284505e+02 5.149588012405688642e+05
3.785028502850285008e+02 5.226153697661504848e+05
3.785528552855285511e+02 5.282094760828330182e+05
3.786028602860286014e+02 5.105324058750881813e+05
3.786528652865286517e+02 5.368912210876337485e+05
3.787028702870287020e+02 5.316003494868956041e+05
3.787528752875287523e+02 5.229099444915743079e+05
3.788028802880288026e+02 5.433138900757873198e+05
3.788528852885288529e+02 5.389014592499418650e+05
3.789028902890289032e+02 5.443707399233495817e+05
3.789528952895289535e+02 5.481542465073043713e+05
3.790029002900290038e+02 5.046862977977899718e+05
3.790529052905290541e+02 5.331952607753208140e+05
3.791029102910291044e+02 5.056599954071196844e+05
3.791529152915291547e+02 5.172611426661561127e+05
3.792029202920292050e+02 5.070137595221818774e+05
3.792529252925292553e+02 5.195885771001611720e+05
3.793029302930293056e+02 5.107383054687658441e+05
3.793529352935293559e+02 5.469864697720067343e+05
3.794029402940294062e+02 5.514715318761685630e+05
3.794529452945294565e+02 5.100969154788854066e+05
3.795029502950295068e+02 5.525696465770257637e+05
3.795529552955295571e+02 5.480277981837573461e+05
3.796029602960296074e+02 5.394575460997266928e+05
3.796529652965296577e+02 5.213677336610787315e+05
3.797029702970297080e+02 5.316312095548039069e+05
3.797529752975297583e+02 5.537472959815554786e+05
3.798029802980298086e+02 5.149971352921685902e+05
3.798529852985298589e+02 5.279718456115266308e+05
3.799029902990299092e+02 5.312517960532387951e+05
3.799529952995299595e+02 5.490170258429800160e+05
3.800030003000300098e+02 5.521385153102385812e+05
3.800530053005300601e+02 5.121803332620441797e+05
3.801030103010301104e+02 5.020715916743320413e+05
3.801530153015301607e+02 5.217911875773131615e+05
3.802030203020302110e+02 5.079845729371370398e+05
3.802530253025302613e+02 5.496823153923884965e+05
3.803030303030303116e+02 5.392469967740135035e+05
3.803530353035303619e+02 5.165190408027769299e+05
3.804030403040304122e+02 5.452018795187256765e+05
3.804530453045304625e+02 5.444333500306460774e+05
3.805030503050305128e+02 5.022193439176506363e+05
3.805530553055305631e+02 5.411247195067587309e+05
3.806030603060306134e+02 5.188369660311836633e+05
3.806530653065306637e+02 5.336843630055719987e+05
3.807030703070307140e+02 5.480457005313474219e+05
3.807530753075307643e+02 5.060294081182754599e+05
3.808030803080308146e+02 4.990638403553665848e+05
3.808530853085308649e+02 5.077304562454686966e+05
3.809030903090309153e+02 5.425030153690003790e+05
3.809530953095309656e+02 5.281506898660287261e+05
3.810031003100310159e+02 4.972205532955396920e+05
3.810531053105310662e+02 4.990214168774822028e+05
3.811031103110311165e+02 5.109278286232338869e+05
3.811531153115311668e+02 5.036704510407936177e+05
3.812031203120312171e+02 5.399250007024733350e+05
3.812531253125312674e+02 4.953518083620673860e+05
3.813031303130313177e+02 5.203251963845247519e+05
3.813531353135313680e+02 5.288465443453124026e+05
3.814031403140314183e+02 5.054356818882977241e+05
3.814531453145314686e+02 4.938008250119385775e+05
3.815031503150315189e+02 4.907630555676489021e+05
3.815531553155315692e+02 5.132867791883756872e+05
3.816031603160316195e+02 4.971982440113588236e+05
3.816531653165316698e+02 5.280780532855393831e+05
3.817031703170317201e+02 5.002552097729677917e+05
3.817531753175317704e+02 5.356131048944521463e+05
3.818031803180318207e+02 5.187570201265955111e+05
3.818531853185318710e+02 5.096408913620949024e+05
3.819031903190319213e+02 4.937811780197871267e+05
3.819531953195319716e+02 4.989847272611468215e+05
3.820032003200320219e+02 5.107261314516778802e+05
3.820532053205320722e+02 5.383620476168404566e+05
3.821032103210321225e+02 5.440661610551143531e+05
3.821532153215321728e+02 5.351654793624549638e+05
3.822032203220322231e+02 5.372051908014588989e+05
3.822532253225322734e+02 5.290968553851536708e+05
3.823032303230323237e+02 5.314482081145062111e+05
3.823532353235323740e+02 5.377248711436864687e+05
3.824032403240324243e+02 5.460270301748240599e+05
3.824532453245324746e+02 5.227169769512205967e+05
3.825032503250325249e+02 5.306744301757917274e+05
3.825532553255325752e+02 5.506710643738143845e+05
3.826032603260326255e+02 5.406256943894156720e+05
3.826532653265326758e+02 5.424327113014819333e+05
3.827032703270327261e+02 5.260269589323317632e+05
3.827532753275327195e+02 5.296451126463300316e+05
3.828032803280327698e+02 5.344957663170341402e+05
3.828532853285328201e+02 5.514948998887854395e+05
3.829032903290328704e+02 5.231828573642441188e+05
3.829532953295329207e+02 5.296670692161921179e+05
3.830033003300329710e+02 5.589636215980871348e+05
3.830533053305330213e+02 5.191308543085632846e+05
3.831033103310330716e+02 5.463305874809360830e+05
3.831533153315331219e+02 5.530880601326314500e+05
3.832033203320331722e+02 5.226366994097485440e+05
3.832533253325332225e+02 5.164661961083844653e+05
3.833033303330332728e+02 5.484464140833589481e+05
3.833533353335333231e+02 5.659439102561008185e+05
3.834033403340333734e+02 5.662237692574528046e+05
3.834533453345334237e+02 5.236635648776011076e+05
3.835033503350334740e+02 5.424531561656689737e+05
3.835533553355335243e+02 5.490162816072776914e+05
3.836033603360335746e+02 5.275677753511868650e+05
3.836533653365336249e+02 5.278550215947517427e+05
3.837033703370336752e+02 5.257885379921357380e+05
3.837533753375337255e+02 5.610056745998794213e+05
3.838033803380337758e+02 5.631651978623117320e+05
3.838533853385338261e+02 5.293035985228628851e+05
3.839033903390338764e+02 5.414595709537487710e+05
3.839533953395339267e+02 5.583161435472089797e+05
3.840034003400339770e+02 5.629156384631204419e+05
3.840534053405340273e+02 5.142931679210595321e+05
3.841034103410340776e+02 5.613025923258097610e+05
3.841534153415341279e+02 5.295408224261980504e+05
3.842034203420341782e+02 5.456293645186837530e+05
3.842534253425342285e+02 5.534183743472673232e+05
3.843034303430342788e+02 5.394588896803903626e+05
3.843534353435343291e+02 5.217704909238002147e+05
3.844034403440343795e+02 5.463347112686194014e+05
3.844534453445344298e+02 5.190011821265917388e+05
3.845034503450344801e+02 5.120869495593887987e+05
3.845534553455345304e+02 5.235606965811239788e+05
3.846034603460345807e+02 5.183257876249972614e+05
3.846534653465346310e+02 5.184373144926420646e+05
3.847034703470346813e+02 5.393725247564972378e+05
3.847534753475347316e+02 5.373972421956928447e+05
3.848034803480347819e+02 5.334750051076801028e+05
3.848534853485348322e+02 5.077261799211618491e+05
3.849034903490348825e+02 5.000908219056539820e+05
3.849534953495349328e+02 5.225861948063242598e+05
3.850035003500349831e+02 5.391690124475134071e+05
3.850535053505350334e+02 5.251053076327962335e+05
3.851035103510350837e+02 5.010649176708583254e+05
3.851535153515351340e+02 5.297413063530969666e+05
3.852035203520351843e+02 5.407301377200002316e+05
3.852535253525352346e+02 5.214704255428139004e+05
3.853035303530352849e+02 5.140309768833037815e+05
3.853535353535353352e+02 5.351185144806753378e+05
3.854035403540353855e+02 5.217128550465652370e+05
3.854535453545354358e+02 5.327061320418359246e+05
3.855035503550354861e+02 5.229316993874880718e+05
3.855535553555355364e+02 5.173955865071690641e+05
3.856035603560355867e+02 5.237146370300510898e+05
3.856535653565356370e+02 5.276470782990013249e+05
3.857035703570356873e+02 4.971299126473602373e+05
3.857535753575357376e+02 5.176467410937786335e+05
3.858035803580357879e+02 5.090534737442055484e+05
3.858535853585358382e+02 5.156295850450180005e+05
3.859035903590358885e+02 5.083598074910346768e+05
3.859535953595359388e+02 5.017868633714724565e+05
3.860036003600359891e+02 5.007476631325986236e+05
3.860536053605360394e+02 4.937903116613849998e+05
3.861036103610360897e+02 5.297759339013196295e+05
3.861536153615361400e+02 5.162780830690481816e+05
3.862036203620361903e+02 5.222541589358852361e+05
3.862536253625362406e+02 5.052298910559483338e+05
3.863036303630362909e+02 5.206489066915270523e+05
3.863536353635363412e+02 4.950086116831462132e+05
3.864036403640363915e+02 4.921723599468640750e+05
3.864536453645364418e+02 5.263290073970383964e+05
3.865036503650364921e+02 5.063076821089176810e+05
3.865536553655365424e+02 5.202678603635098552e+05
3.866036603660365927e+02 5.230229186168075539e+05
3.866536653665366430e+02 5.033053426980240038e+05
3.867036703670366933e+02 5.163874747115698992e+05
3.867536753675367436e+02 4.966436289650225663e+05
3.868036803680367939e+02 5.222890447529024095e+05
3.868536853685368442e+02 5.344328230469395639e+05
3.869036903690368945e+02 5.259552581520448439e+05
3.869536953695369448e+02 5.188159733322740067e+05
3.870037003700369951e+02 5.225442197385611944e+05
3.870537053705370454e+02 4.942976326258113841e+05
3.871037103710370957e+02 5.275582166928119259e+05
3.871537153715371460e+02 5.320116176241665380e+05
3.872037203720371963e+02 5.074652974255853915e+05
3.872537253725372466e+02 5.020673645328460261e+05
3.873037303730372969e+02 5.369162997423955239e+05
3.873537353735373472e+02 5.392813712787745753e+05
3.874037403740373975e+02 5.372259064942614641e+05
3.874537453745374478e+02 5.503226683388651581e+05
3.875037503750374981e+02 5.282381277098733699e+05
3.875537553755375484e+02 5.503412108255715575e+05
3.876037603760375987e+02 5.493278781607669080e+05
3.876537653765376490e+02 5.505411340720742010e+05
3.877037703770376993e+02 5.449246619635181269e+05
3.877537753775377496e+02 5.221879879839638015e+05
3.878037803780377999e+02 5.425615507370737614e+05
3.878537853785378502e+02 5.695457761520285858e+05
3.879037903790379005e+02 5.298776742498775711e+05
3.879537953795379508e+02 5.764568235942635220e+05
3.880038003800380011e+02 5.601164667941523949e+05
3.880538053805380514e+02 5.823090174724505050e+05
3.881038103810381017e+02 5.831747610018099658e+05
3.881538153815381520e+02 5.579336997292024316e+05
3.882038203820382023e+02 5.411613904802037869e+05
3.882538253825382526e+02 5.509011578840541188e+05
3.883038303830383029e+02 5.810937094368698308e+05
3.883538353835383532e+02 5.492288723506019451e+05
3.884038403840384035e+02 5.876372513105329126e+05
3.884538453845384538e+02 5.617237804735036334e+05
3.885038503850385041e+02 5.534582560216241982e+05
3.885538553855385544e+02 5.890802903019740479e+05
3.886038603860386047e+02 5.904215048023223644e+05
3.886538653865386550e+02 5.727128163126700092e+05
3.887038703870387053e+02 5.648225040989506524e+05
3.887538753875387556e+02 5.955832243466153741e+05
3.888038803880388059e+02 5.609470342343811644e+05
3.888538853885388562e+02 6.108402234430564567e+05
3.889038903890389065e+02 5.608759373668747721e+05
3.889538953895389568e+02 5.866711427502004663e+05
3.890039003900390071e+02 5.528312764332595980e+05
3.890539053905390574e+02 5.580065045791122830e+05
3.891039103910391077e+02 5.653367228632450569e+05
3.891539153915391580e+02 5.637640417113254080e+05
3.892039203920392083e+02 5.588606303946707631e+05
3.892539253925392586e+02 5.565209911228532437e+05
3.893039303930393089e+02 5.613725542031223886e+05
3.893539353935393592e+02 5.647175694661163725e+05
3.894039403940394095e+02 5.594657570215679007e+05
3.894539453945394598e+02 5.725112497236303752e+05
3.895039503950395101e+02 5.772517975383901503e+05
3.895539553955395604e+02 5.773818993900914211e+05
3.896039603960396107e+02 5.822293159757674439e+05
3.896539653965396610e+02 5.336526480085554067e+05
3.897039703970397113e+02 5.569920254415378440e+05
3.897539753975397616e+02 5.674363602166601922e+05
3.898039803980398119e+02 5.488551383097500075e+05
3.898539853985398622e+02 5.488382684781141579e+05
3.899039903990399125e+02 5.370561355011654086e+05
3.899539953995399628e+02 5.347187951860985486e+05
3.900040004000400131e+02 5.182950681318153511e+05
3.900540054005400634e+02 5.468002898998387391e+05
3.901040104010401137e+02 5.379377536033591023e+05
3.901540154015401640e+02 5.419686209288360551e+05
3.902040204020402143e+02 5.300557046583723277e+05
3.902540254025402646e+02 5.498804830789759289e+05
3.903040304030403149e+02 5.325542283511287533e+05
3.903540354035403652e+02 5.316565604793976527e+05
3.904040404040404155e+02 5.248403955752560869e+05
3.904540454045404658e+02 5.340433745923519600e+05
3.905040504050405161e+02 5.038636105966878822e+05
3.905540554055405664e+02 5.301297750408556312e+05
3.906040604060406167e+02 5.080578993073424208e+05
3.906540654065406670e+02 5.184971436521175783e+05
3.907040704070407173e+02 5.256021990491970209e+05
3.907540754075407676e+02 5.052282933414007421e+05
3.908040804080408179e+02 5.010999566046394757e+05
3.908540854085408682e+02 4.926269908627560362e+05
3.909040904090409185e+02 5.326597256560228998e+05
3.909540954095409688e+02 5.189932643823347171e+05
3.910041004100410191e+02 5.385314418094786815e+05
3.910541054105410694e+02 5.212783309237887152e+05
3.911041104110411197e+02 4.939677082443807158e+05
3.911541154115411700e+02 4.890901054354932858e+05
3.912041204120412203e+02 5.346813467697557062e+05
3.912541254125412706e+02 5.155809390405069571e+05
3.913041304130413209e+02 5.028436564294426935e+05
3.913541354135413712e+02 5.198310165089209913e+05
3.914041404140414215e+02 5.202298695646558190e+05
3.914541454145414718e+02 5.035635627569927601e+05
3.915041504150415221e+02 5.012356593015174149e+05
3.915541554155415724e+02 5.298568848677228671e+05
3.916041604160416227e+02 4.993853719735667109e+05
3.916541654165416730e+02 5.020238845343160210e+05
3.917041704170417233e+02 5.106621513657135656e+05
3.917541754175417736e+02 4.920762736922653858e+05
3.918041804180418239e+02 5.003128002951903618e+05
3.918541854185418742e+02 5.212400980434463127e+05
3.919041904190419245e+02 4.987562575888361898e+05
3.919541954195419748e+02 5.342753637736185919e+05
3.920042004200420251e+02 4.980722838807627559e+05
3.920542054205420754e+02 4.961998097041049623e+05
3.921042104210421257e+02 5.237000374434759142e+05
3.921542154215421760e+02 4.872239205603339360e+05
3.922042204220422263e+02 4.980211764993066317e+05
3.922542254225422766e+02 5.015258469214772340e+05
3.923042304230423269e+02 4.931645570378924604e+05
3.923542354235423772e+02 5.081904069682260160e+05
3.924042404240424275e+02 5.082706512996500824e+05
3.924542454245424778e+02 4.996490881998316036e+05
3.925042504250425281e+02 4.972930916453117970e+05
3.925542554255425785e+02 4.957404668896123185e+05
3.926042604260426288e+02 5.045255625731228502e+05
3.926542654265426791e+02 4.880107224363496061e+05
3.927042704270427294e+02 5.191376726134230848e+05
3.927542754275427797e+02 5.180370304877759190e+05
3.928042804280428300e+02 5.166492644052919932e+05
3.928542854285428803e+02 5.274807426401592093e+05
3.929042904290429306e+02 5.085503128989803372e+05
3.929542954295429809e+02 5.118867745063808979e+05
3.930043004300430312e+02 5.040973145464194822e+05
3.930543054305430815e+02 5.026716685179125052e+05
3.931043104310431318e+02 5.266271642011203803e+05
3.931543154315431821e+02 5.163324997979299515e+05
3.932043204320432324e+02 5.221947094261006569e+05
3.932543254325432827e+02 5.273914740516832098e+05
3.933043304330433330e+02 5.133538924746232806e+05
3.933543354335433833e+02 5.047147690886128694e+05
3.934043404340434336e+02 5.376865410988838412e+05
3.934543454345434839e+02 5.101255346031209338e+05
3.935043504350434773e+02 5.170325991936623468e+05
3.935543554355435276e+02 5.371110516140536638e+05
3.936043604360435779e+02 5.009410930035226629e+05
3.936543654365436282e+02 5.002629905517388252e+05
3.937043704370436785e+02 5.338551716124771629e+05
3.937543754375437288e+02 4.981359011027217493e+05
3.938043804380437791e+02 5.213300230258716620e+05
3.938543854385438294e+02 5.035435479428326944e+05
3.939043904390438797e+02 5.321752882966722827e+05
3.939543954395439300e+02 4.945450115724579082e+05
3.940044004400439803e+02 5.138619996685653459e+05
3.940544054405440306e+02 5.359847892408057814e+05
3.941044104410440809e+02 5.175668840237459517e+05
3.941544154415441312e+02 4.957132660842622281e+05
3.942044204420441815e+02 5.228785926440699259e+05
3.942544254425442318e+02 5.025592501510428847e+05
3.943044304430442821e+02 5.098506966715676244e+05
3.943544354435443324e+02 5.257259458369947970e+05
3.944044404440443827e+02 5.259480670126947807e+05
3.944544454445444330e+02 5.326116240995517001e+05
3.945044504450444833e+02 4.895517743444072548e+05
3.945544554455445336e+02 5.032124404721423634e+05
3.946044604460445839e+02 5.350564977069740416e+05
3.946544654465446342e+02 5.198806853309193975e+05
3.947044704470446845e+02 4.928789527507993043e+05
3.947544754475447348e+02 5.355626155817890540e+05
3.948044804480447851e+02 5.256894436959768645e+05
3.948544854485448354e+02 5.259781473441655980e+05
3.949044904490448857e+02 5.354374261731453007e+05
3.949544954495449360e+02 5.240442182751731016e+05
3.950045004500449863e+02 5.050926350995279499e+05
3.950545054505450366e+02 5.398333309984273510e+05
3.951045104510450869e+02 4.909548070392072550e+05
3.951545154515451372e+02 5.323286284663896076e+05
3.952045204520451875e+02 4.898131120501892292e+05
3.952545254525452378e+02 5.411003703668429516e+05
3.953045304530452881e+02 5.106078753602763172e+05
3.953545354535453384e+02 5.316504024430199061e+05
3.954045404540453887e+02 4.940177276717875502e+05
3.954545454545454390e+02 5.327211859455843223e+05
3.955045504550454893e+02 4.946268262229929096e+05
3.955545554555455396e+02 5.088895241045444272e+05
3.956045604560455899e+02 5.264487125728511019e+05
3.956545654565456402e+02 5.024088988276058226e+05
3.957045704570456905e+02 5.000385647116818000e+05
3.957545754575457408e+02 5.079158014099660213e+05
3.958045804580457911e+02 4.984697584302024334e+05
3.958545854585458414e+02 5.485180739777650451e+05
3.959045904590458917e+02 5.295123714476149762e+05
3.959545954595459420e+02 5.143209727137755253e+05
3.960046004600459923e+02 5.154456658226600848e+05
3.960546054605460427e+02 5.047475143048072350e+05
3.961046104610460930e+02 5.462466028441736707e+05
3.961546154615461433e+02 5.140861922546037240e+05
3.962046204620461936e+02 5.414839823726472678e+05
3.962546254625462439e+02 5.109152662294626352e+05
3.963046304630462942e+02 5.348699200352960033e+05
3.963546354635463445e+02 5.091056223680293770e+05
3.964046404640463948e+02 5.098811040952470503e+05
3.964546454645464451e+02 5.101525600670841523e+05
3.965046504650464954e+02 5.568748375082862331e+05
3.965546554655465457e+02 5.366221068295285804e+05
3.966046604660465960e+02 5.548779237550520338e+05
3.966546654665466463e+02 5.254375472703619162e+05
3.967046704670466966e+02 5.321801700664119562e+05
3.967546754675467469e+02 5.237025085137189599e+05
3.968046804680467972e+02 5.629526845920854248e+05
3.968546854685468475e+02 5.155193783017015667e+05
3.969046904690468978e+02 5.623002784666484222e+05
3.969546954695469481e+02 5.328123432085803943e+05
3.970047004700469984e+02 5.455570849436254939e+05
3.970547054705470487e+02 5.493775146738173207e+05
3.971047104710470990e+02 5.478373358586934628e+05
3.971547154715471493e+02 5.332036402822956443e+05
3.972047204720471996e+02 5.425056781887114048e+05
3.972547254725472499e+02 5.349086120200473815e+05
3.973047304730473002e+02 5.308470426263336558e+05
3.973547354735473505e+02 5.581222929798669647e+05
3.974047404740474008e+02 5.544002976515620248e+05
3.974547454745474511e+02 5.570152397642793367e+05
3.975047504750475014e+02 5.238848309673981275e+05
3.975547554755475517e+02 5.545102354377929587e+05
3.976047604760476020e+02 5.511509686785141239e+05
3.976547654765476523e+02 5.527441276462718379e+05
3.977047704770477026e+02 5.309848734530530637e+05
3.977547754775477529e+02 5.285249485465103062e+05
3.978047804780478032e+02 5.286784640788901597e+05
3.978547854785478535e+02 5.517442289813294774e+05
3.979047904790479038e+02 5.456302811084475834e+05
3.979547954795479541e+02 5.110267750338868937e+05
3.980048004800480044e+02 5.225207521550427191e+05
3.980548054805480547e+02 5.202554730370885227e+05
3.981048104810481050e+02 5.221219798410885851e+05
3.981548154815481553e+02 5.428715081080354284e+05
3.982048204820482056e+02 5.002526681260011974e+05
3.982548254825482559e+02 5.142983005089844228e+05
3.983048304830483062e+02 5.382637600789337885e+05
3.983548354835483565e+02 5.134767936565902201e+05
3.984048404840484068e+02 5.437871356492969207e+05
3.984548454845484571e+02 4.957383150501348427e+05
3.985048504850485074e+02 5.189443170433079358e+05
3.985548554855485577e+02 5.343645376881525153e+05
3.986048604860486080e+02 4.946758283925084397e+05
3.986548654865486583e+02 5.163253973604269559e+05
3.987048704870487086e+02 5.024470186506343889e+05
3.987548754875487589e+02 5.162053957079561660e+05
3.988048804880488092e+02 5.120204592377417139e+05
3.988548854885488595e+02 4.901182430228496087e+05
3.989048904890489098e+02 5.276711706149920356e+05
3.989548954895489601e+02 5.201410465588832740e+05
3.990049004900490104e+02 4.955559634859399521e+05
3.990549054905490607e+02 4.949084223666449543e+05
3.991049104910491110e+02 5.067344571998056490e+05
3.991549154915491613e+02 4.925974052864757832e+05
3.992049204920492116e+02 5.047212146525617572e+05
3.992549254925492619e+02 5.342183911636359990e+05
3.993049304930493122e+02 5.060571427278831834e+05
3.993549354935493625e+02 5.240979726340993657e+05
3.994049404940494128e+02 5.017964548490315210e+05
3.994549454945494631e+02 5.333969696537971031e+05
3.995049504950495134e+02 4.944904299157176865e+05
3.995549554955495637e+02 5.082590757422534516e+05
3.996049604960496140e+02 5.263550932847743388e+05
3.996549654965496643e+02 5.275810203310517827e+05
3.997049704970497146e+02 5.321719534012785880e+05
3.997549754975497649e+02 5.357546202854457079e+05
3.998049804980498152e+02 5.195401116576240165e+05
3.998549854985498655e+02 4.878749974766644300e+05
3.999049904990499158e+02 5.095960781704190304e+05
3.999549954995499661e+02 5.327864108268390410e+05
4.000050005000500164e+02 5.038737661125538289e+05
4.000550055005500667e+02 5.347412492459437344e+05
4.001050105010501170e+02 4.991526970543126808e+05
4.001550155015501673e+02 5.136723365580479731e+05
4.002050205020502176e+02 4.876863236309422064e+05
4.002550255025502679e+02 5.096982723286564578e+05
4.003050305030503182e+02 5.218803058926226222e+05
4.003550355035503685e+02 4.923215965617135516e+05
4.004050405040504188e+02 5.163440193316357327e+05
4.004550455045504691e+02 5.344561512470459566e+05
4.005050505050505194e+02 5.033403945753138978e+05
4.005550555055505697e+02 5.353704279407771537e+05
4.006050605060506200e+02 4.998498277863776311e+05
4.006550655065506703e+02 4.876043249849034473e+05
4.007050705070507206e+02 5.248322217289760010e+05
4.007550755075507709e+02 5.362201211113911122e+05
4.008050805080508212e+02 4.906351776696812594e+05
4.008550855085508715e+02 4.920725122409205651e+05
4.009050905090509218e+02 5.041154226832053391e+05
4.009550955095509721e+02 5.015368401120419730e+05
4.010051005100510224e+02 5.201725860761603690e+05
4.010551055105510727e+02 5.267587908433574485e+05
4.011051105110511230e+02 5.060209173249421874e+05
4.011551155115511733e+02 5.175449244595362688e+05
4.012051205120512236e+02 5.074749876820875797e+05
4.012551255125512739e+02 5.276801610402157530e+05
4.013051305130513242e+02 4.902185217375221546e+05
4.013551355135513745e+02 5.176578852882438223e+05
4.014051405140514248e+02 5.012037558467237977e+05
4.014551455145514751e+02 4.973739893461449537e+05
4.015051505150515254e+02 5.246984810955523280e+05
4.015551555155515757e+02 5.039537753529091715e+05
4.016051605160516260e+02 5.219896952710864716e+05
4.016551655165516763e+02 5.148691215582281584e+05
4.017051705170517266e+02 5.326139029719957616e+05
4.017551755175517769e+02 5.124515644035647856e+05
4.018051805180517704e+02 5.117695864913457190e+05
4.018551855185518207e+02 5.349741347094608936e+05
4.019051905190518710e+02 5.069519429716297309e+05
4.019551955195519213e+02 4.915382897823460517e+05
4.020052005200519716e+02 5.283303265932353679e+05
4.020552055205520219e+02 4.877399169659795007e+05
4.021052105210520722e+02 4.888011983204526477e+05
4.021552155215521225e+02 5.112837094325618818e+05
4.022052205220521728e+02 5.159158590111169615e+05
4.022552255225522231e+02 5.110200048391320743e+05
4.023052305230522734e+02 5.010861727785978583e+05
4.023552355235523237e+02 5.046890788952194853e+05
4.024052405240523740e+02 4.894718047018697252e+05
4.024552455245524243e+02 5.042473287301275996e+05
4.025052505250524746e+02 5.267226369914119132e+05
4.025552555255525249e+02 5.088888768581755576e+05
4.026052605260525752e+02 5.125467296302103787e+05
4.026552655265526255e+02 4.936135356882287306e+05
4.027052705270526758e+02 4.936300821177237667e+05
4.027552755275527261e+02 5.370433403012632625e+05
4.028052805280527764e+02 5.251524403968512779e+05
4.028552855285528267e+02 5.033095312863336294e+05
4.029052905290528770e+02 5.016747826231431100e+05
4.029552955295529273e+02 5.223707773016892606e+05
4.030053005300529776e+02 4.956715444481027080e+05
4.030553055305530279e+02 5.289653426752659725e+05
4.031053105310530782e+02 4.929009357390119112e+05
4.031553155315531285e+02 5.279276039522453211e+05
4.032053205320531788e+02 5.010673850931948400e+05
4.032553255325532291e+02 4.904790469093474094e+05
4.033053305330532794e+02 5.297886305114264833e+05
4.033553355335533297e+02 5.295119137929555727e+05
4.034053405340533800e+02 4.895908182940937113e+05
4.034553455345534303e+02 4.908565434805792756e+05
4.035053505350534806e+02 5.106977917071820702e+05
4.035553555355535309e+02 5.125078027203155216e+05
4.036053605360535812e+02 5.121574692106104922e+05
4.036553655365536315e+02 5.015556432461190270e+05
4.037053705370536818e+02 5.004141097148449044e+05
4.037553755375537321e+02 5.130315340233203024e+05
4.038053805380537824e+02 5.150621737020682776e+05
4.038553855385538327e+02 4.961416271556146094e+05
4.039053905390538830e+02 4.901202394751081592e+05
4.039553955395539333e+02 4.971453924213443534e+05
4.040054005400539836e+02 5.145369646254240652e+05
4.040554055405540339e+02 5.201246900878766319e+05
4.041054105410540842e+02 5.089200550679231528e+05
4.041554155415541345e+02 4.960231842199435341e+05
4.042054205420541848e+02 5.189340540749753709e+05
4.042554255425542351e+02 4.940483995372712379e+05
4.043054305430542854e+02 5.300816267846560804e+05
4.043554355435543357e+02 5.293961990315911826e+05
4.044054405440543860e+02 5.367115316988357808e+05
4.044554455445544363e+02 5.353488382963289041e+05
4.045054505450544866e+02 5.088467496222945629e+05
4.045554555455545369e+02 5.023421281007498619e+05
4.046054605460545872e+02 4.925557169080720632e+05
4.046554655465546375e+02 4.875712647629985586e+05
4.047054705470546878e+02 5.049537813293868676e+05
4.047554755475547381e+02 5.059803887993694516e+05
4.048054805480547884e+02 5.191553219200765598e+05
4.048554855485548387e+02 4.909260212575577316e+05
4.049054905490548890e+02 5.285499334770638961e+05
4.049554955495549393e+02 5.039628799191847793e+05
4.050055005500549896e+02 5.290140890276574064e+05
4.050555055505550399e+02 5.008772048597472021e+05
4.051055105510550902e+02 5.359039218546266202e+05
4.051555155515551405e+02 5.145761874953140505e+05
4.052055205520551908e+02 5.274957015904970467e+05
4.052555255525552411e+02 5.335041095494742040e+05
4.053055305530552914e+02 5.315524981826345902e+05
4.053555355535553417e+02 5.347707737326811766e+05
4.054055405540553920e+02 5.185663034648473840e+05
4.054555455545554423e+02 5.098783027688507573e+05
4.055055505550554926e+02 5.252371245699627325e+05
4.055555555555555429e+02 5.324436916004153900e+05
4.056055605560555932e+02 5.152513570560559165e+05
4.056555655565556435e+02 5.349608076542664785e+05
4.057055705570556938e+02 5.327499513394380920e+05
4.057555755575557441e+02 5.160219513877127320e+05
4.058055805580557944e+02 5.285172846346506849e+05
4.058555855585558447e+02 5.265385543765455950e+05
4.059055905590558950e+02 4.993281337421397911e+05
4.059555955595559453e+02 5.291258924444454024e+05
4.060056005600559956e+02 5.076123911930033355e+05
4.060556055605560459e+02 4.880345317518481170e+05
4.061056105610560962e+02 5.367093878982914612e+05
4.061556155615561465e+02 4.985873758135621320e+05
4.062056205620561968e+02 5.053088929437161423e+05
4.062556255625562471e+02 5.288425631857803091e+05
4.063056305630562974e+02 5.150408365826469380e+05
4.063556355635563477e+02 5.224690135381871951e+05
4.064056405640563980e+02 4.996271321110285935e+05
4.064556455645564483e+02 4.948562036841080408e+05
4.065056505650564986e+02 5.169546635035966174e+05
4.065556555655565489e+02 4.976854716650517657e+05
4.066056605660565992e+02 4.880143057231568382e+05
4.066556655665566495e+02 5.362740495974014048e+05
4.067056705670566998e+02 5.091733613424203359e+05
4.067556755675567501e+02 5.172424020799340797e+05
4.068056805680568004e+02 5.312690588830899214e+05
4.068556855685568507e+02 5.249376576283461181e+05
4.069056905690569010e+02 5.297726431228675647e+05
4.069556955695569513e+02 5.183571150150022586e+05
4.070057005700570016e+02 4.998207412353388499e+05
4.070557055705570519e+02 5.206888212035814649e+05
4.071057105710571022e+02 4.872636702727192314e+05
4.071557155715571525e+02 5.085900685132136568e+05
4.072057205720572028e+02 5.115662956662704819e+05
4.072557255725572531e+02 5.345986078758012736e+05
4.073057305730573034e+02 5.108949892430295004e+05
4.073557355735573537e+02 5.140279636221453547e+05
4.074057405740574040e+02 5.344600697843546513e+05
4.074557455745574543e+02 5.302665756103266031e+05
4.075057505750575046e+02 5.291030043178049382e+05
4.075557555755575549e+02 5.258232338867587969e+05
4.076057605760576052e+02 5.015756257023599464e+05
4.076557655765576555e+02 5.277983114141802071e+05
4.077057705770577059e+02 5.332930028561456129e+05
4.077557755775577562e+02 5.191222487572723185e+05
4.078057805780578065e+02 5.338389390505345073e+05
4.078557855785578568e+02 4.958819877209321712e+05
4.079057905790579071e+02 5.150663134474542458e+05
4.079557955795579574e+02 5.253430944575786125e+05
4.080058005800580077e+02 5.207639314887070213e+05
4.080558055805580580e+02 5.359135425791010493e+05
4.081058105810581083e+02 5.092088710829197662e+05
4.081558155815581586e+02 5.099950294735067873e+05
4.082058205820582089e+02 5.384094796335041756e+05
4.082558255825582592e+02 5.402518740438371897e+05
4.083058305830583095e+02 5.122699927053048741e+05
4.083558355835583598e+02 5.441120929801124148e+05
4.084058405840584101e+02 5.358037165899575921e+05
4.084558455845584604e+02 5.172210977316271747e+05
4.085058505850585107e+02 5.263025715435745660e+05
4.085558555855585610e+02 5.307491183320190758e+05
4.086058605860586113e+02 5.094625295308121131e+05
4.086558655865586616e+02 5.304542728194926167e+05
4.087058705870587119e+02 5.124686013719047187e+05
4.087558755875587622e+02 5.107369151406376041e+05
4.088058805880588125e+02 5.121235805244356743e+05
4.088558855885588628e+02 5.287248381630232325e+05
4.089058905890589131e+02 5.488798545249690069e+05
4.089558955895589634e+02 5.603306740026142215e+05
4.090059005900590137e+02 5.443710085894935764e+05
4.090559055905590640e+02 5.157322669027383090e+05
4.091059105910591143e+02 5.446704246265623951e+05
4.091559155915591646e+02 5.246470013045562664e+05
4.092059205920592149e+02 5.494565026264085900e+05
4.092559255925592652e+02 5.509370052951801335e+05
4.093059305930593155e+02 5.732194654554347508e+05
4.093559355935593658e+02 5.557059040993559174e+05
4.094059405940594161e+02 5.805328158030970953e+05
4.094559455945594664e+02 5.457759095772107830e+05
4.095059505950595167e+02 5.715766171417061705e+05
4.095559555955595670e+02 5.771680193903432228e+05
4.096059605960596173e+02 5.861014446781445295e+05
4.096559655965596676e+02 5.454770969869307010e+05
4.097059705970597179e+02 5.594415266161238542e+05
4.097559755975597682e+02 5.836809776859469712e+05
4.098059805980598185e+02 5.476114383646647912e+05
4.098559855985598688e+02 5.698449076605287846e+05
4.099059905990599191e+02 5.619205627073723590e+05
4.099559955995599694e+02 5.556979767922958126e+05
4.100060006000600197e+02 5.538053978226395557e+05
4.100560056005600700e+02 6.071339803800602676e+05
4.101060106010601203e+02 5.599177927066026023e+05
4.101560156015601706e+02 5.746911092713504331e+05
4.102060206020602209e+02 6.048684715382308932e+05
4.102560256025602712e+02 5.703259750948577421e+05
4.103060306030603215e+02 6.084813598465120886e+05
4.103560356035603718e+02 5.765571703352986369e+05
4.104060406040604221e+02 6.031257894583153538e+05
4.104560456045604724e+02 5.498606035619881004e+05
4.105060506050605227e+02 6.002981209232425317e+05
4.105560556055605730e+02 5.670307566715829307e+05
4.106060606060606233e+02 5.545833956918073818e+05
4.106560656065606736e+02 6.003177291581174359e+05
4.107060706070607239e+02 5.692461439597493736e+05
4.107560756075607742e+02 5.397084348552009324e+05
4.108060806080608245e+02 5.723073834855663590e+05
4.108560856085608748e+02 5.702308363988554338e+05
4.109060906090609251e+02 5.885769938849774189e+05
4.109560956095609754e+02 5.730678725515377009e+05
4.110061006100610257e+02 5.496204389590037754e+05
4.110561056105610760e+02 5.620198152930596843e+05
4.111061106110611263e+02 5.261277670864758547e+05
4.111561156115611766e+02 5.375583223307159496e+05
4.112061206120612269e+02 5.265879932337870123e+05
4.112561256125612772e+02 5.383358940437072888e+05
4.113061306130613275e+02 5.540825570997531759e+05
4.113561356135613778e+02 5.431410383955852594e+05
4.114061406140614281e+02 5.398877290508662118e+05
4.114561456145614784e+02 5.560814505710417870e+05
4.115061506150615287e+02 5.446533674118299969e+05
4.115561556155615790e+02 5.069275168412855710e+05
4.116061606160616293e+02 5.491582066371844849e+05
4.116561656165616796e+02 5.111586996691367822e+05
4.117061706170617299e+02 5.095089320170773426e+05
4.117561756175617802e+02 5.231054353486225009e+05
4.118061806180618305e+02 5.446048708701123251e+05
4.118561856185618808e+02 5.159190987503424985e+05
4.119061906190619311e+02 4.965092876480449340e+05
4.119561956195619814e+02 5.330054930349766510e+05
4.120062006200620317e+02 5.357443595425047679e+05
4.120562056205620820e+02 5.396168086388419615e+05
4.121062106210621323e+02 5.177206818137726514e+05
4.121562156215621826e+02 5.266245240663102595e+05
4.122062206220622329e+02 4.931168062344175996e+05
4.122562256225622832e+02 5.135641245117770159e+05
4.123062306230623335e+02 5.062574810503427871e+05
4.123562356235623838e+02 5.130698086198778474e+05
4.124062406240624341e+02 5.333507753263388295e+05
4.124562456245624844e+02 5.134423371112871682e+05
4.125062506250625347e+02 5.122972979094064212e+05
4.125562556255625282e+02 4.932150318633427960e+05
4.126062606260625785e+02 5.301619420671515400e+05
4.126562656265626288e+02 5.385376885001293849e+05
4.127062706270626791e+02 5.384428415045166621e+05
4.127562756275627294e+02 5.119263063946823822e+05
4.128062806280627797e+02 5.004161470975952107e+05
4.128562856285628300e+02 5.260438597149453126e+05
4.129062906290628803e+02 5.136517153173576226e+05
4.129562956295629306e+02 5.242921313625270268e+05
4.130063006300629809e+02 5.375663422371982597e+05
4.130563056305630312e+02 5.064590201271838159e+05
4.131063106310630815e+02 5.358086036484979559e+05
4.131563156315631318e+02 5.273331306976734195e+05
4.132063206320631821e+02 5.268603998081746977e+05
4.132563256325632324e+02 4.990960162681373768e+05
4.133063306330632827e+02 5.056190456534982077e+05
4.133563356335633330e+02 5.039628052938155597e+05
4.134063406340633833e+02 5.048019200849451590e+05
4.134563456345634336e+02 5.128053285853330744e+05
4.135063506350634839e+02 4.907895890005402034e+05
4.135563556355635342e+02 5.202779003755660960e+05
4.136063606360635845e+02 5.222011580721965875e+05
4.136563656365636348e+02 4.875200924276005826e+05
4.137063706370636851e+02 4.929379201189634623e+05
4.137563756375637354e+02 5.199732779101313208e+05
4.138063806380637857e+02 5.137604390410478227e+05
4.138563856385638360e+02 5.274236585908792913e+05
4.139063906390638863e+02 5.060500462856049999e+05
4.139563956395639366e+02 5.062434711482921266e+05
4.140064006400639869e+02 5.366299086594727123e+05
4.140564056405640372e+02 5.376831921558346367e+05
4.141064106410640875e+02 5.367558276041854406e+05
4.141564156415641378e+02 4.986357944024468889e+05
4.142064206420641881e+02 4.890870494615318603e+05
4.142564256425642384e+02 4.981914013173254207e+05
4.143064306430642887e+02 5.170908379784130957e+05
4.143564356435643390e+02 5.200697496954792296e+05
4.144064406440643893e+02 5.368651570844543166e+05
4.144564456445644396e+02 4.937654693655903684e+05
4.145064506450644899e+02 4.891469425083203241e+05
4.145564556455645402e+02 5.310308841445770813e+05
4.146064606460645905e+02 5.174506157993359375e+05
4.146564656465646408e+02 4.957032723662375356e+05
4.147064706470646911e+02 5.092681402946604649e+05
4.147564756475647414e+02 4.981615556603877922e+05
4.148064806480647917e+02 5.119457047472202685e+05
4.148564856485648420e+02 5.087703444327403558e+05
4.149064906490648923e+02 5.360235033085617470e+05
4.149564956495649426e+02 4.900958331623544218e+05
4.150065006500649929e+02 5.280650116269465070e+05
4.150565056505650432e+02 4.999919051148454892e+05
4.151065106510650935e+02 5.142943847548139747e+05
4.151565156515651438e+02 5.229130188846785459e+05
4.152065206520651941e+02 4.911001090671514976e+05
4.152565256525652444e+02 5.127486327256971854e+05
4.153065306530652947e+02 5.225739056322884280e+05
4.153565356535653450e+02 5.205233898009705590e+05
4.154065406540653953e+02 5.326097087306928588e+05
4.154565456545654456e+02 4.947958285161509411e+05
4.155065506550654959e+02 5.075812357112891041e+05
4.155565556555655462e+02 4.954324555684910156e+05
4.156065606560655965e+02 5.100080452675997512e+05
4.156565656565656468e+02 4.991958249539947719e+05
4.157065706570656971e+02 4.946825975570852170e+05
4.157565756575657474e+02 5.351274641182480846e+05
4.158065806580657977e+02 4.918568762788547319e+05
4.158565856585658480e+02 5.192120413704081438e+05
4.159065906590658983e+02 4.951658275228191051e+05
4.159565956595659486e+02 4.926032316888574278e+05
4.160066006600659989e+02 5.047861447718804702e+05
4.160566056605660492e+02 5.208902773472172557e+05
4.161066106610660995e+02 5.060880979360010824e+05
4.161566156615661498e+02 5.316059157877449179e+05
4.162066206620662001e+02 5.164920405911416747e+05
4.162566256625662504e+02 5.239455862253523082e+05
4.163066306630663007e+02 5.271467413066494046e+05
4.163566356635663510e+02 5.105643301189968479e+05
4.164066406640664013e+02 4.892024766292513232e+05
4.164566456645664516e+02 4.964828874027586426e+05
4.165066506650665019e+02 4.885236596378335962e+05
4.165566556655665522e+02 5.194270520909298211e+05
4.166066606660666025e+02 4.956514052190875518e+05
4.166566656665666528e+02 5.155879123158773873e+05
4.167066706670667031e+02 5.172210602308288217e+05
4.167566756675667534e+02 5.196646196626158780e+05
4.168066806680668037e+02 5.144923391618341557e+05
4.168566856685668540e+02 4.985429494195486186e+05
4.169066906690669043e+02 5.027763649507766240e+05
4.169566956695669546e+02 4.895882006595511339e+05
4.170067006700670049e+02 4.976356663832710474e+05
4.170567056705670552e+02 4.957393177405528259e+05
4.171067106710671055e+02 5.152144880362767144e+05
4.171567156715671558e+02 5.348083250380505342e+05
4.172067206720672061e+02 5.206243944169305032e+05
4.172567256725672564e+02 5.298646171584390104e+05
4.173067306730673067e+02 5.071247952677973663e+05
4.173567356735673570e+02 5.097469626724375994e+05
4.174067406740674073e+02 5.211944055157389957e+05
4.174567456745674576e+02 5.306954223922119709e+05
4.175067506750675079e+02 5.058514694217813667e+05
4.175567556755675582e+02 5.399405181548232213e+05
4.176067606760676085e+02 5.069485568797459127e+05
4.176567656765676588e+02 5.114880833540534368e+05
4.177067706770677091e+02 5.080456459991961601e+05
4.177567756775677594e+02 5.043557627221259172e+05
4.178067806780678097e+02 4.993833332896619104e+05
4.178567856785678600e+02 5.063054904001227696e+05
4.179067906790679103e+02 4.955955819203959545e+05
4.179567956795679606e+02 4.982327503695479245e+05
4.180068006800680109e+02 5.037939426674518036e+05
4.180568056805680612e+02 5.139967123079183511e+05
4.181068106810681115e+02 5.267732866228988860e+05
4.181568156815681618e+02 5.079583090326489764e+05
4.182068206820682121e+02 5.486230721460033674e+05
4.182568256825682624e+02 5.380755572131052613e+05
4.183068306830683127e+02 5.238110603648143588e+05
4.183568356835683630e+02 5.157959132603477919e+05
4.184068406840684133e+02 5.375306485849656165e+05
4.184568456845684636e+02 5.389557075939122587e+05
4.185068506850685139e+02 5.201646877991270740e+05
4.185568556855685642e+02 5.495799583290212322e+05
4.186068606860686145e+02 5.232795417685784632e+05
4.186568656865686648e+02 5.775036084356519859e+05
4.187068706870687151e+02 5.674351254362127511e+05
4.187568756875687654e+02 5.571001535013361135e+05
4.188068806880688157e+02 5.776057533678170294e+05
4.188568856885688660e+02 5.974338350353614660e+05
4.189068906890689163e+02 5.744960915512870997e+05
4.189568956895689666e+02 5.991653487998122582e+05
4.190069006900690169e+02 5.863964808138494845e+05
4.190569056905690672e+02 6.127989346744676586e+05
4.191069106910691175e+02 5.712395964879491366e+05
4.191569156915691678e+02 6.057000921057056403e+05
4.192069206920692181e+02 5.775894726169366622e+05
4.192569256925692684e+02 6.059790026442493545e+05
4.193069306930693187e+02 6.004139836182333529e+05
4.193569356935693691e+02 6.386633924240461783e+05
4.194069406940694194e+02 5.939688846968762809e+05
4.194569456945694697e+02 6.558316820657291682e+05
4.195069506950695200e+02 6.350592444027294405e+05
4.195569556955695703e+02 6.289939155902540078e+05
4.196069606960696206e+02 6.482481240896534873e+05
4.196569656965696709e+02 6.215178661781910341e+05
4.197069706970697212e+02 6.369281026009600610e+05
4.197569756975697715e+02 6.237175923170479946e+05
4.198069806980698218e+02 6.607360265210970538e+05
4.198569856985698721e+02 6.474148009758000262e+05
4.199069906990699224e+02 6.473945326821346534e+05
4.199569956995699727e+02 6.303739252056945115e+05
4.200070007000700230e+02 6.743494559732773341e+05
4.200570057005700733e+02 6.777278883605538867e+05
4.201070107010701236e+02 6.493118788039142964e+05
4.201570157015701739e+02 6.608527557323388755e+05
4.202070207020702242e+02 6.353897138675682945e+05
4.202570257025702745e+02 6.762285584431809839e+05
4.203070307030702679e+02 6.339922406897069886e+05
4.203570357035703182e+02 6.593824258258407936e+05
4.204070407040703685e+02 6.580250672373888083e+05
4.204570457045704188e+02 6.450118656995352358e+05
4.205070507050704691e+02 6.267132776363873854e+05
4.205570557055705194e+02 6.218701224931593752e+05
4.206070607060705697e+02 6.466839080062628491e+05
4.206570657065706200e+02 6.228690483141646255e+05
4.207070707070706703e+02 6.243305052512382390e+05
4.207570757075707206e+02 5.969561362103025895e+05
4.208070807080707709e+02 6.062105939852601150e+05
4.208570857085708212e+02 6.240294798700457904e+05
4.209070907090708715e+02 5.927650540849317331e+05
4.209570957095709218e+02 5.824857127411887050e+05
4.210071007100709721e+02 5.569861815755501157e+05
4.210571057105710224e+02 5.750776028095689835e+05
4.211071107110710727e+02 5.897428262007529847e+05
4.211571157115711230e+02 5.491976914350714069e+05
4.212071207120711733e+02 5.384080633996245451e+05
4.212571257125712236e+02 5.511155836435784586e+05
4.213071307130712739e+02 5.731062107870555483e+05
4.213571357135713242e+02 5.378609118695410434e+05
4.214071407140713745e+02 5.659528207269683480e+05
4.214571457145714248e+02 5.361687289039548486e+05
4.215071507150714751e+02 5.317653258373879362e+05
4.215571557155715254e+02 5.556287899770088261e+05
4.216071607160715757e+02 5.618945343100539176e+05
4.216571657165716260e+02 5.503058165677994257e+05
4.217071707170716763e+02 5.527367620514228474e+05
4.217571757175717266e+02 5.263325384198547108e+05
4.218071807180717769e+02 5.284994506124369800e+05
4.218571857185718272e+02 5.061877837286759750e+05
4.219071907190718775e+02 5.298734071114866529e+05
4.219571957195719278e+02 5.363217525551731233e+05
4.220072007200719781e+02 5.343612034464139724e+05
4.220572057205720284e+02 5.397311750330087962e+05
4.221072107210720787e+02 5.293871905374174239e+05
4.221572157215721290e+02 5.305951748919041129e+05
4.222072207220721793e+02 5.210494782645308296e+05
4.222572257225722296e+02 5.092195450189380208e+05
4.223072307230722799e+02 5.235986803139016265e+05
4.223572357235723302e+02 5.099492111334761139e+05
4.224072407240723805e+02 5.329756314298933139e+05
4.224572457245724308e+02 5.173840270104486262e+05
4.225072507250724811e+02 5.145442867041087593e+05
4.225572557255725314e+02 4.900168203341340413e+05
4.226072607260725817e+02 5.324623849148589652e+05
4.226572657265726320e+02 5.092364553880505264e+05
4.227072707270726823e+02 5.170296584751540213e+05
4.227572757275727326e+02 4.929151864759097225e+05
4.228072807280727829e+02 5.000461115672914311e+05
4.228572857285728332e+02 5.366683255563286366e+05
4.229072907290728836e+02 5.282152947467188351e+05
4.229572957295729339e+02 4.964859451800451498e+05
4.230073007300729842e+02 4.997506111811124720e+05
4.230573057305730345e+02 5.261571637120842934e+05
4.231073107310730848e+02 5.103868126461224747e+05
4.231573157315731351e+02 5.225928098470694385e+05
4.232073207320731854e+02 5.288694168148639146e+05
4.232573257325732357e+02 5.007232661372115253e+05
4.233073307330732860e+02 4.899727624339596950e+05
4.233573357335733363e+02 5.139947374531827518e+05
4.234073407340733866e+02 4.900003814527773065e+05
4.234573457345734369e+02 5.056673808383432915e+05
4.235073507350734872e+02 5.343422646335562458e+05
4.235573557355735375e+02 4.943996246701000491e+05
4.236073607360735878e+02 5.022945173314731801e+05
4.236573657365736381e+02 4.950719087536180741e+05
4.237073707370736884e+02 5.219678330623863731e+05
4.237573757375737387e+02 5.220260436712927185e+05
4.238073807380737890e+02 5.206897457486521453e+05
4.238573857385738393e+02 4.916927999983107438e+05
4.239073907390738896e+02 4.952110006011501537e+05
4.239573957395739399e+02 5.064316592602402670e+05
4.240074007400739902e+02 4.871717514142307919e+05
4.240574057405740405e+02 4.894228173160181614e+05
4.241074107410740908e+02 5.060691299873413518e+05
4.241574157415741411e+02 4.978134488587583182e+05
4.242074207420741914e+02 5.064441977751781233e+05
4.242574257425742417e+02 5.002026907869780553e+05
4.243074307430742920e+02 5.006075335556825157e+05
4.243574357435743423e+02 5.285018863134608837e+05
4.244074407440743926e+02 5.048987034999789903e+05
4.244574457445744429e+02 5.102572470839490416e+05
4.245074507450744932e+02 5.066110730728584458e+05
4.245574557455745435e+02 5.009677042349908152e+05
4.246074607460745938e+02 4.983062709534986061e+05
4.246574657465746441e+02 4.879155843559914501e+05
4.247074707470746944e+02 5.304261479742679512e+05
4.247574757475747447e+02 5.276129547545356909e+05
4.248074807480747950e+02 4.952664606157622766e+05
4.248574857485748453e+02 5.311300752341053449e+05
4.249074907490748956e+02 5.230895141988393152e+05
4.249574957495749459e+02 5.284416954559102887e+05
4.250075007500749962e+02 5.213143681927404250e+05
4.250575057505750465e+02 5.047964299826465431e+05
4.251075107510750968e+02 5.225822053899020539e+05
4.251575157515751471e+02 5.175632381559435162e+05
4.252075207520751974e+02 5.107079015924570849e+05
4.252575257525752477e+02 4.900059101817287738e+05
4.253075307530752980e+02 4.998745391859053052e+05
4.253575357535753483e+02 5.162067220044431160e+05
4.254075407540753986e+02 4.874859970762094017e+05
4.254575457545754489e+02 5.187614715332313208e+05
4.255075507550754992e+02 5.217973588334642700e+05
4.255575557555755495e+02 5.204052018734682933e+05
4.256075607560755998e+02 5.376754462673808448e+05
4.256575657565756501e+02 5.194435344237225363e+05
4.257075707570757004e+02 5.241337748387071770e+05
4.257575757575757507e+02 5.210888078409035807e+05
4.258075807580758010e+02 5.052571716963173822e+05
4.258575857585758513e+02 5.140396312578611542e+05
4.259075907590759016e+02 5.020464324648635811e+05
4.259575957595759519e+02 4.941288251238765079e+05
4.260076007600760022e+02 5.021646860647175345e+05
4.260576057605760525e+02 5.235989651207283605e+05
4.261076107610761028e+02 5.089768787681146641e+05
4.261576157615761531e+02 5.225848796069992241e+05
4.262076207620762034e+02 5.329588318010002840e+05
4.262576257625762537e+02 4.870912572279931628e+05
4.263076307630763040e+02 4.966742289712329512e+05
4.263576357635763543e+02 5.272884433901567245e+05
4.264076407640764046e+02 5.078127881329332595e+05
4.264576457645764549e+02 5.328155284853707999e+05
4.265076507650765052e+02 5.118210531889423728e+05
4.265576557655765555e+02 5.356046668080304516e+05
4.266076607660766058e+02 5.373204441208250355e+05
4.266576657665766561e+02 4.875020339729074039e+05
4.267076707670767064e+02 4.880867996173664578e+05
4.267576757675767567e+02 5.085827339566441369e+05
4.268076807680768070e+02 5.317180147828939371e+05
4.268576857685768573e+02 5.375948211850493681e+05
4.269076907690769076e+02 4.942589904065862647e+05
4.269576957695769579e+02 5.026958472422010964e+05
4.270077007700770082e+02 4.970441848441155744e+05
4.270577057705770585e+02 5.284862421068114927e+05
4.271077107710771088e+02 4.936934788152723922e+05
4.271577157715771591e+02 5.103562799171481165e+05
4.272077207720772094e+02 5.350994728508241242e+05
4.272577257725772597e+02 4.927035291290529422e+05
4.273077307730773100e+02 5.243774169216474984e+05
4.273577357735773603e+02 4.991347185605504783e+05
4.274077407740774106e+02 4.938384799688565545e+05
4.274577457745774609e+02 5.337154856395281386e+05
4.275077507750775112e+02 5.272327623278080719e+05
4.275577557755775615e+02 5.319693389198433142e+05
4.276077607760776118e+02 5.237194276676748996e+05
4.276577657765776621e+02 5.261991644430398010e+05
4.277077707770777124e+02 4.911712904690789874e+05
4.277577757775777627e+02 5.330420248878339771e+05
4.278077807780778130e+02 5.139938724060303066e+05
4.278577857785778633e+02 5.341229427686971612e+05
4.279077907790779136e+02 4.877333215446652612e+05
4.279577957795779639e+02 4.992710773682433646e+05
4.280078007800780142e+02 5.336381193731315434e+05
4.280578057805780645e+02 5.261198608940404374e+05
4.281078107810781148e+02 5.134792762997527607e+05
4.281578157815781651e+02 5.238309867567443871e+05
4.282078207820782154e+02 5.086196103452033130e+05
4.282578257825782657e+02 5.191140919458374265e+05
4.283078307830783160e+02 5.177914019250050769e+05
4.283578357835783663e+02 4.892382727091843262e+05
4.284078407840784166e+02 5.160144719041112112e+05
4.284578457845784669e+02 4.995415425345512340e+05
4.285078507850785172e+02 4.916798532472889638e+05
4.285578557855785675e+02 4.880755213636470144e+05
4.286078607860786178e+02 5.372027244147784077e+05
4.286578657865786681e+02 5.230311222897458938e+05
4.287078707870787184e+02 5.191487528812656528e+05
4.287578757875787687e+02 4.977908322713491507e+05
4.288078807880788190e+02 5.071152359013274545e+05
4.288578857885788693e+02 5.066352174166883342e+05
4.289078907890789196e+02 5.267545088628360536e+05
4.289578957895789699e+02 5.165332653608872788e+05
4.290079007900790202e+02 5.177723063334595645e+05
4.290579057905790705e+02 5.084936069796939264e+05
4.291079107910791208e+02 5.367935167597862892e+05
4.291579157915791711e+02 4.965696677239661221e+05
4.292079207920792214e+02 5.091758195721216034e+05
4.292579257925792717e+02 5.264662623399734730e+05
4.293079307930793220e+02 5.324669250997864874e+05
4.293579357935793723e+02 5.332684101509660250e+05
4.294079407940794226e+02 4.907336248791938415e+05
4.294579457945794729e+02 4.881933925012985128e+05
4.295079507950795232e+02 5.271696747888015816e+05
4.295579557955795735e+02 5.310219120746577391e+05
4.296079607960796238e+02 5.057885252538581844e+05
4.296579657965796741e+02 5.190699041000466677e+05
4.297079707970797244e+02 5.106395033341316157e+05
4.297579757975797747e+02 4.896800897567844950e+05
4.298079807980798250e+02 5.168058485684792395e+05
4.298579857985798753e+02 5.162967274658138631e+05
4.299079907990799256e+02 4.904750998214659048e+05
4.299579957995799759e+02 4.992307555591174169e+05
4.300080008000800262e+02 5.358929819018315757e+05
4.300580058005800765e+02 4.973454681541897007e+05
4.301080108010801268e+02 4.967824025203321944e+05
4.301580158015801771e+02 5.115934164050359977e+05
4.302080208020802274e+02 5.045295873188325786e+05
4.302580258025802777e+02 5.293525015432602959e+05
4.303080308030803280e+02 5.148375564673822955e+05
4.303580358035803783e+02 5.027080008585892501e+05
4.304080408040804286e+02 4.872215020430184086e+05
4.304580458045804789e+02 5.278406823443544563e+05
4.305080508050805292e+02 5.096431862802999676e+05
4.305580558055805795e+02 4.973552856079931953e+05
4.306080608060806298e+02 5.052186534986990737e+05
4.306580658065806801e+02 5.198065882204921218e+05
4.307080708070807304e+02 5.224739604791990132e+05
4.307580758075807807e+02 5.192009352735654102e+05
4.308080808080808310e+02 5.066644425042833900e+05
4.308580858085808813e+02 5.012991128241358092e+05
4.309080908090809316e+02 5.290594346229117364e+05
4.309580958095809819e+02 5.090145198204343324e+05
4.310081008100810323e+02 5.001042337492042570e+05
4.310581058105810826e+02 4.900296093600829481e+05
4.311081108110811329e+02 5.346355141566937091e+05
4.311581158115811832e+02 5.252597555380653357e+05
4.312081208120812335e+02 5.298830338788394583e+05
4.312581258125812838e+02 5.257719931288111256e+05
4.313081308130813341e+02 4.997280690137670026e+05
4.313581358135813844e+02 4.895906098935317714e+05
4.314081408140814347e+02 4.935306439700717456e+05
4.314581458145814850e+02 5.007363717913076398e+05
4.315081508150815353e+02 5.165068584030531347e+05
4.315581558155815856e+02 4.920696579078804352e+05
4.316081608160816359e+02 5.031401216018399573e+05
4.316581658165816862e+02 5.219029273559664143e+05
4.317081708170817365e+02 5.395437251296765171e+05
4.317581758175817868e+02 5.067502255538125173e+05
4.318081808180818371e+02 5.343514339951699367e+05
4.318581858185818874e+02 5.064822720160280005e+05
4.319081908190819377e+02 5.349876152115165023e+05
4.319581958195819880e+02 5.176004626135365106e+05
4.320082008200820383e+02 5.068052720126362983e+05
4.320582058205820886e+02 5.040549255990551319e+05
4.321082108210821389e+02 5.347334178602581378e+05
4.321582158215821892e+02 5.344594201545774704e+05
4.322082208220821826e+02 5.459498326344712405e+05
4.322582258225822329e+02 5.402379346091975458e+05
4.323082308230822832e+02 4.979680007771289675e+05
4.323582358235823335e+02 5.415576781232045032e+05
4.324082408240823838e+02 5.166313297046785592e+05
4.324582458245824341e+02 5.048876329067506595e+05
4.325082508250824844e+02 5.445098038144204766e+05
4.325582558255825347e+02 5.373421777188719716e+05
4.326082608260825850e+02 5.554042523688330548e+05
4.326582658265826353e+02 5.354580926753709791e+05
4.327082708270826856e+02 5.191780087053441675e+05
4.327582758275827359e+02 5.172579560359427705e+05
4.328082808280827862e+02 5.508281778904963285e+05
4.328582858285828365e+02 5.227605960785168572e+05
4.329082908290828868e+02 5.539971121015357785e+05
4.329582958295829371e+02 5.409870578673481941e+05
4.330083008300829874e+02 5.652452435124402400e+05
4.330583058305830377e+02 5.402258248188421130e+05
4.331083108310830880e+02 5.677233545731186168e+05
4.331583158315831383e+02 5.437868602633927949e+05
4.332083208320831886e+02 5.686405440189054934e+05
4.332583258325832389e+02 5.700931686961455271e+05
4.333083308330832892e+02 6.001507296210072236e+05
4.333583358335833395e+02 5.753893917001155205e+05
4.334083408340833898e+02 5.680143266800038982e+05
4.334583458345834401e+02 5.885872682150988840e+05
4.335083508350834904e+02 5.733733973798331572e+05
4.335583558355835407e+02 5.734713770943162963e+05
4.336083608360835910e+02 5.727556620484996820e+05
4.336583658365836413e+02 5.764706649460610934e+05
4.337083708370836916e+02 6.107058256895930972e+05
4.337583758375837419e+02 6.061734045903601218e+05
4.338083808380837922e+02 6.273894676728351042e+05
4.338583858385838425e+02 5.865771148083314765e+05
4.339083908390838928e+02 6.089562145403049653e+05
4.339583958395839431e+02 6.189558695116371382e+05
4.340084008400839934e+02 6.264716294581813272e+05
4.340584058405840437e+02 6.167233837841589702e+05
4.341084108410840940e+02 6.069313063879775582e+05
4.341584158415841443e+02 6.110665845906292088e+05
4.342084208420841946e+02 6.214827931768817361e+05
4.342584258425842449e+02 5.804468569849005435e+05
4.343084308430842952e+02 6.067881718869361794e+05
4.343584358435843455e+02 5.742896807387444424e+05
4.344084408440843958e+02 5.993472435203769710e+05
4.344584458445844461e+02 5.885382746779635781e+05
4.345084508450844964e+02 6.115740656245079590e+05
4.345584558455845468e+02 5.708283312682046089e+05
4.346084608460845971e+02 5.609062821779194055e+05
4.346584658465846474e+02 5.788235660739713348e+05
4.347084708470846977e+02 5.868894761964468053e+05
4.347584758475847480e+02 5.551358983584006783e+05
4.348084808480847983e+02 5.459660854095238028e+05
4.348584858485848486e+02 5.808779474141368410e+05
4.349084908490848989e+02 5.531121781601093244e+05
4.349584958495849492e+02 5.513972304859599099e+05
4.350085008500849995e+02 5.414483167358430801e+05
4.350585058505850498e+02 5.329187988112997264e+05
4.351085108510851001e+02 5.698789132367856801e+05
4.351585158515851504e+02 5.378080189015187789e+05
4.352085208520852007e+02 5.611267488528434187e+05
4.352585258525852510e+02 5.278898882672211621e+05
4.353085308530853013e+02 5.617221337686262559e+05
4.353585358535853516e+02 5.585804737985542743e+05
4.354085408540854019e+02 5.158440435893535032e+05
4.354585458545854522e+02 5.088577559564327239e+05
4.355085508550855025e+02 5.303631132225587498e+05
4.355585558555855528e+02 5.062787093978813500e+05
4.356085608560856031e+02 5.265847393766292371e+05
4.356585658565856534e+02 5.498384704527321737e+05
4.357085708570857037e+02 5.102602681332146167e+05
4.357585758575857540e+02 5.098246760086868308e+05
4.358085808580858043e+02 5.197279600048200809e+05
4.358585858585858546e+02 5.044427075573697221e+05
4.359085908590859049e+02 5.398398138168196892e+05
4.359585958595859552e+02 5.068965000787012978e+05
4.360086008600860055e+02 5.037934065301824594e+05
4.360586058605860558e+02 5.420840085546042537e+05
4.361086108610861061e+02 5.409584058885965496e+05
4.361586158615861564e+02 5.021338075511739589e+05
4.362086208620862067e+02 5.097447491180134821e+05
4.362586258625862570e+02 5.130871530162798008e+05
4.363086308630863073e+02 5.051370807588574826e+05
4.363586358635863576e+02 5.216795415160483681e+05
4.364086408640864079e+02 5.080536500742146163e+05
4.364586458645864582e+02 5.308116991899928544e+05
4.365086508650865085e+02 5.337187534750654595e+05
4.365586558655865588e+02 4.989053811338571832e+05
4.366086608660866091e+02 4.968830672328725923e+05
4.366586658665866594e+02 5.086107121971752495e+05
4.367086708670867097e+02 4.963657981477222056e+05
4.367586758675867600e+02 5.341197885536247632e+05
4.368086808680868103e+02 4.986402244899729267e+05
4.368586858685868606e+02 5.038580286890329444e+05
4.369086908690869109e+02 5.067067049503373564e+05
4.369586958695869612e+02 5.038846987816398032e+05
4.370087008700870115e+02 5.211819148927335627e+05
4.370587058705870618e+02 4.943501631591534824e+05
4.371087108710871121e+02 4.993801855268237996e+05
4.371587158715871624e+02 5.070361900099447230e+05
4.372087208720872127e+02 5.355067449425654486e+05
4.372587258725872630e+02 5.064955582564115175e+05
4.373087308730873133e+02 4.898905942368177348e+05
4.373587358735873636e+02 5.173744496831580764e+05
4.374087408740874139e+02 4.897617030982226715e+05
4.374587458745874642e+02 5.004118968306640163e+05
4.375087508750875145e+02 5.197255354763869545e+05
4.375587558755875648e+02 5.056266785795462201e+05
4.376087608760876151e+02 4.891829476119861356e+05
4.376587658765876654e+02 4.938020030826680595e+05
4.377087708770877157e+02 4.940757290042062523e+05
4.377587758775877660e+02 5.318030971005236497e+05
4.378087808780878163e+02 5.200499033322247560e+05
4.378587858785878666e+02 5.289385531694650417e+05
4.379087908790879169e+02 5.043319955246974132e+05
4.379587958795879672e+02 5.163803958405875019e+05
4.380088008800880175e+02 5.103872091873477330e+05
4.380588058805880678e+02 5.121222617840201710e+05
4.381088108810881181e+02 5.378295656701317057e+05
4.381588158815881684e+02 5.261966780475509586e+05
4.382088208820882187e+02 4.959161495080547174e+05
4.382588258825882690e+02 5.200548424952724599e+05
4.383088308830883193e+02 4.884234209492465598e+05
4.383588358835883696e+02 4.910088347380683990e+05
4.384088408840884199e+02 5.038077860839653295e+05
4.384588458845884702e+02 4.905774965902520344e+05
4.385088508850885205e+02 5.203203400474755908e+05
4.385588558855885708e+02 4.881104941386131104e+05
4.386088608860886211e+02 4.945705689734503394e+05
4.386588658865886714e+02 5.296936166635357076e+05
4.387088708870887217e+02 5.101812665034448146e+05
4.387588758875887720e+02 4.933363005416868255e+05
4.388088808880888223e+02 5.265415263231255813e+05
4.388588858885888726e+02 5.334224690722316736e+05
4.389088908890889229e+02 5.025596475733565167e+05
4.389588958895889732e+02 4.928097009133285028e+05
4.390089008900890235e+02 4.926247302325384808e+05
4.390589058905890738e+02 5.094374120599157177e+05
4.391089108910891241e+02 5.166505097288824036e+05
4.391589158915891744e+02 5.239312561310743331e+05
4.392089208920892247e+02 5.220924655874336604e+05
4.392589258925892750e+02 5.106665034260741086e+05
4.393089308930893253e+02 5.059260189378908253e+05
4.393589358935893188e+02 5.106475399979520589e+05
4.394089408940893691e+02 5.178878523518153816e+05
4.394589458945894194e+02 5.155938083748153294e+05
4.395089508950894697e+02 5.076535710089618224e+05
4.395589558955895200e+02 5.248054322982169688e+05
4.396089608960895703e+02 5.240120333153680549e+05
4.396589658965896206e+02 4.916966878261685488e+05
4.397089708970896709e+02 4.922278320946291205e+05
4.397589758975897212e+02 4.986462951869872049e+05
4.398089808980897715e+02 5.171219542971967603e+05
4.398589858985898218e+02 5.138763055398628348e+05
4.399089908990898721e+02 5.024335748672955087e+05
4.399589958995899224e+02 5.164171315380472224e+05
4.400090009000899727e+02 5.223189632451566868e+05
4.400590059005900230e+02 5.127219450487811700e+05
4.401090109010900733e+02 5.279354492166937562e+05
4.401590159015901236e+02 5.204086933365639416e+05
4.402090209020901739e+02 5.046640003954214044e+05
4.402590259025902242e+02 5.218228267430367414e+05
4.403090309030902745e+02 4.888012427684873692e+05
4.403590359035903248e+02 5.224899408875672962e+05
4.404090409040903751e+02 5.065450232777064666e+05
4.404590459045904254e+02 5.302633445865737740e+05
4.405090509050904757e+02 4.890485792869523284e+05
4.405590559055905260e+02 5.059676938948535826e+05
4.406090609060905763e+02 5.157715245542657794e+05
4.406590659065906266e+02 5.068214408205288928e+05
4.407090709070906769e+02 5.076157368492336827e+05
4.407590759075907272e+02 5.171292149526327266e+05
4.408090809080907775e+02 4.912227184550263337e+05
4.408590859085908278e+02 4.992463988964302698e+05
4.409090909090908781e+02 5.148950821747314185e+05
4.409590959095909284e+02 5.235731680519015645e+05
4.410091009100909787e+02 4.993528739737618598e+05
4.410591059105910290e+02 5.151683018790912465e+05
4.411091109110910793e+02 5.360199614821521100e+05
4.411591159115911296e+02 4.924387967750800308e+05
4.412091209120911799e+02 5.345588621503444156e+05
4.412591259125912302e+02 5.228421035170662799e+05
4.413091309130912805e+02 5.283601089818556793e+05
4.413591359135913308e+02 5.158307476954332669e+05
4.414091409140913811e+02 5.241549702718281769e+05
4.414591459145914314e+02 5.184442417654012097e+05
4.415091509150914817e+02 5.215449653752946761e+05
4.415591559155915320e+02 5.097101299933569389e+05
4.416091609160915823e+02 5.299547516738842241e+05
4.416591659165916326e+02 5.319937446269122884e+05
4.417091709170916829e+02 5.130422488414038671e+05
4.417591759175917332e+02 5.231544354604696855e+05
4.418091809180917835e+02 5.219483558283276507e+05
4.418591859185918338e+02 5.302438311847588047e+05
4.419091909190918841e+02 5.146891184951117029e+05
4.419591959195919344e+02 5.187575642383254017e+05
4.420092009200919847e+02 5.311296145775669720e+05
4.420592059205920350e+02 4.948813137308067526e+05
4.421092109210920853e+02 5.351166958146671532e+05
4.421592159215921356e+02 5.362376668453029124e+05
4.422092209220921859e+02 5.299011201525460929e+05
4.422592259225922362e+02 5.180184833518110681e+05
4.423092309230922865e+02 5.181256678289721604e+05
4.423592359235923368e+02 5.014675827247095294e+05
4.424092409240923871e+02 5.344766497245649807e+05
4.424592459245924374e+02 4.921585635936374310e+05
4.425092509250924877e+02 4.911408975576987723e+05
4.425592559255925380e+02 5.173613000892575365e+05
4.426092609260925883e+02 5.328177908167035785e+05
4.426592659265926386e+02 5.306111488019343233e+05
4.427092709270926889e+02 5.032365524910573149e+05
4.427592759275927392e+02 5.002381897089909180e+05
4.428092809280927895e+02 5.226183990432567662e+05
4.428592859285928398e+02 4.942583432234270731e+05
4.429092909290928901e+02 5.281971058957504574e+05
4.429592959295929404e+02 5.048548311628110823e+05
4.430093009300929907e+02 5.020854740063482895e+05
4.430593059305930410e+02 4.903977913286516559e+05
4.431093109310930913e+02 5.078723666643414181e+05
4.431593159315931416e+02 5.226148102553208591e+05
4.432093209320931919e+02 5.264163660618781578e+05
4.432593259325932422e+02 4.905273130926806480e+05
4.433093309330932925e+02 5.262953394566646311e+05
4.433593359335933428e+02 5.075985052154674195e+05
4.434093409340933931e+02 5.113349991417792626e+05
4.434593459345934434e+02 5.011225895410188823e+05
4.435093509350934937e+02 5.349179420487128664e+05
4.435593559355935440e+02 5.228808471933326218e+05
4.436093609360935943e+02 5.259337920018652221e+05
4.436593659365936446e+02 5.167298211603914388e+05
4.437093709370936949e+02 5.372834848056765040e+05
4.437593759375937452e+02 4.917015080305465381e+05
4.438093809380937955e+02 4.935998501711433637e+05
4.438593859385938458e+02 5.210629614639522624e+05
4.439093909390938961e+02 5.116528628556025797e+05
4.439593959395939464e+02 5.321595209194369381e+05
4.440094009400939967e+02 5.302074466922776774e+05
4.440594059405940470e+02 5.349277894532072823e+05
4.441094109410940973e+02 4.914863560180586064e+05
4.441594159415941476e+02 4.949054665962816216e+05
4.442094209420941979e+02 5.366441005749835167e+05
4.442594259425942482e+02 4.918951020748059382e+05
4.443094309430942985e+02 5.064140577331277309e+05
4.443594359435943488e+02 5.243644080842389958e+05
4.444094409440943991e+02 4.882597068761854898e+05
4.444594459445944494e+02 5.270552182937577600e+05
4.445094509450944997e+02 5.096237314960411750e+05
4.445594559455945500e+02 5.149721021167649305e+05
4.446094609460946003e+02 5.331903433701364556e+05
4.446594659465946506e+02 4.967736165132118622e+05
4.447094709470947009e+02 4.974440214384776191e+05
4.447594759475947512e+02 4.900011465895836591e+05
4.448094809480948015e+02 5.298167948316147085e+05
4.448594859485948518e+02 5.115507799092065543e+05
4.449094909490949021e+02 5.280104218471931526e+05
4.449594959495949524e+02 4.873949355199253187e+05
4.450095009500950027e+02 5.003134866629486205e+05
4.450595059505950530e+02 5.002663348200906767e+05
4.451095109510951033e+02 5.128463530902239727e+05
4.451595159515951536e+02 5.067070933799061459e+05
4.452095209520952039e+02 5.262962009969690116e+05
4.452595259525952542e+02 4.953146014878260903e+05
4.453095309530953045e+02 5.088544288880687673e+05
4.453595359535953548e+02 5.115924488714517793e+05
4.454095409540954051e+02 5.210855213566917810e+05
4.454595459545954554e+02 4.957493920661278535e+05
4.455095509550955057e+02 4.885403722144800704e+05
4.455595559555955560e+02 4.923178025888898410e+05
4.456095609560956063e+02 4.933490114703127183e+05
4.456595659565956566e+02 4.887024230188626680e+05
4.457095709570957069e+02 5.306837881370291580e+05
4.457595759575957572e+02 5.277426574379028752e+05
4.458095809580958075e+02 5.238377288982168538e+05
4.458595859585958578e+02 5.308119063052252168e+05
4.459095909590959081e+02 4.965979526036060997e+05
4.459595959595959584e+02 5.075396590941373724e+05
4.460096009600960087e+02 5.025445772079821909e+05
4.460596059605960590e+02 5.170696689415719593e+05
4.461096109610961093e+02 5.288992714483394520e+05
4.461596159615961597e+02 5.291090414441684261e+05
4.462096209620962100e+02 5.151490793109387159e+05
4.462596259625962603e+02 5.353659044166378444e+05
4.463096309630963106e+02 4.878399637319842004e+05
4.463596359635963609e+02 5.320107270140432520e+05
4.464096409640964112e+02 5.290843252099353122e+05
4.464596459645964615e+02 5.081876691402672441e+05
4.465096509650965118e+02 5.074559054978029453e+05
4.465596559655965621e+02 5.310302915884718532e+05
4.466096609660966124e+02 5.006800311530199833e+05
4.466596659665966627e+02 5.284690731683244230e+05
4.467096709670967130e+02 5.041507454241901287e+05
4.467596759675967633e+02 5.213595489081873093e+05
4.468096809680968136e+02 5.144532637565859477e+05
4.468596859685968639e+02 4.987426414310352411e+05
4.469096909690969142e+02 4.966849403287432506e+05
4.469596959695969645e+02 5.133218316015282180e+05
4.470097009700970148e+02 5.251322187792512123e+05
4.470597059705970651e+02 4.941731944230411318e+05
4.471097109710971154e+02 5.030398361877962598e+05
4.471597159715971657e+02 5.296902846261990489e+05
4.472097209720972160e+02 5.000371110710893408e+05
4.472597259725972663e+02 5.372254611241680104e+05
4.473097309730973166e+02 5.077197998208533973e+05
4.473597359735973669e+02 5.372090555418938166e+05
4.474097409740974172e+02 5.300881109478400322e+05
4.474597459745974675e+02 5.301007816093611764e+05
4.475097509750975178e+02 4.909007682800900657e+05
4.475597559755975681e+02 5.165093171388971386e+05
4.476097609760976184e+02 5.003815282697467483e+05
4.476597659765976687e+02 5.138567682312153047e+05
4.477097709770977190e+02 5.097381815057805507e+05
4.477597759775977693e+02 5.046854472107148031e+05
4.478097809780978196e+02 5.292119030703429598e+05
4.478597859785978699e+02 5.324203185314639704e+05
4.479097909790979202e+02 5.166033783939811983e+05
4.479597959795979705e+02 5.034312877657901845e+05
4.480098009800980208e+02 5.010432218943159678e+05
4.480598059805980711e+02 5.339777107258101460e+05
4.481098109810981214e+02 4.997867464873705758e+05
4.481598159815981717e+02 4.878924706016608980e+05
4.482098209820982220e+02 5.093295333083585720e+05
4.482598259825982723e+02 5.352683168018967845e+05
4.483098309830983226e+02 4.924019966292319004e+05
4.483598359835983729e+02 5.367204583938652650e+05
4.484098409840984232e+02 5.134757606325584347e+05
4.484598459845984735e+02 5.266740396903088549e+05
4.485098509850985238e+02 4.872569713174148346e+05
4.485598559855985741e+02 5.011070718081720406e+05
4.486098609860986244e+02 5.247277678109662374e+05
4.486598659865986747e+02 5.321167055646150839e+05
4.487098709870987250e+02 5.315250625320292311e+05
4.487598759875987753e+02 5.237326647507044254e+05
4.488098809880988256e+02 5.272105582270167070e+05
4.488598859885988759e+02 5.377296632423218107e+05
4.489098909890989262e+02 5.000374194227087428e+05
4.489598959895989765e+02 4.956901476183593622e+05
4.490099009900990268e+02 5.312588863293603063e+05
4.490599059905990771e+02 5.268752262520266231e+05
4.491099109910991274e+02 5.146982109029115527e+05
4.491599159915991777e+02 5.019558258686522604e+05
4.492099209920992280e+02 4.877603707015601103e+05
4.492599259925992783e+02 4.976014487169069471e+05
4.493099309930993286e+02 5.095622525942131761e+05
4.493599359935993789e+02 5.222576262017781264e+05
4.494099409940994292e+02 5.107851404534087633e+05
4.494599459945994795e+02 5.023461367176199565e+05
4.495099509950995298e+02 5.160983064675906789e+05
4.495599559955995801e+02 5.032724899289311143e+05
4.496099609960996304e+02 5.175026518175099627e+05
4.496599659965996807e+02 4.880324564552237280e+05
4.497099709970997310e+02 4.952677726635092404e+05
4.497599759975997813e+02 5.366643008839228423e+05
4.498099809980998316e+02 5.326180221845454071e+05
4.498599859985998819e+02 5.076571846607913030e+05
4.499099909990999322e+02 5.078470007060038042e+05
4.499599959995999825e+02 5.207191959266166668e+05
4.500100010001000328e+02 5.077796200300859637e+05
4.500600060006000831e+02 5.202017270917780115e+05
4.501100110011001334e+02 5.323611127584510250e+05
4.501600160016001837e+02 4.978524873705247301e+05
4.502100210021002340e+02 5.249076359162362060e+05
4.502600260026002843e+02 5.119227406912347651e+05
4.503100310031003346e+02 5.303792516462026397e+05
4.503600360036003849e+02 5.022830292118043872e+05
4.504100410041004352e+02 5.212379792748845066e+05
4.504600460046004855e+02 5.208941245537162758e+05
4.505100510051005358e+02 5.006989906342093018e+05
4.505600560056005861e+02 5.062604762509320281e+05
4.506100610061006364e+02 5.236568829675726593e+05
4.506600660066006867e+02 5.249364769748897525e+05
4.507100710071007370e+02 5.134770852880087914e+05
4.507600760076007873e+02 5.152340019003827474e+05
4.508100810081008376e+02 5.033725201827113051e+05
4.508600860086008879e+02 5.350816320285684196e+05
4.509100910091009382e+02 5.216830365460638423e+05
4.509600960096009885e+02 5.038012935554445139e+05
4.510101010101010388e+02 4.975790916167799733e+05
4.510601060106010891e+02 4.901873366017601802e+05
4.511101110111011394e+02 4.900586873552752077e+05
4.511601160116011897e+02 5.237857656762533006e+05
4.512101210121012400e+02 5.094157501538388315e+05
4.512601260126012335e+02 5.301187407424194971e+05
4.513101310131012838e+02 4.976452621761594783e+05
4.513601360136013341e+02 5.029468525664896588e+05
4.514101410141013844e+02 4.884837296090893797e+05
4.514601460146014347e+02 5.362943749176546698e+05
4.515101510151014850e+02 5.128680118581793504e+05
4.515601560156015353e+02 4.957084946655344684e+05
4.516101610161015856e+02 5.288042781967354240e+05
4.516601660166016359e+02 5.016470663520980743e+05
4.517101710171016862e+02 4.973807928481401759e+05
4.517601760176017365e+02 5.144934313876823289e+05
4.518101810181017868e+02 4.897033124160779989e+05
4.518601860186018371e+02 4.903951116065608221e+05
4.519101910191018874e+02 5.020477009998176363e+05
4.519601960196019377e+02 5.006382994190584286e+05
4.520102010201019880e+02 5.035327190062950249e+05
4.520602060206020383e+02 4.990991259820654523e+05
4.521102110211020886e+02 5.243534476085669594e+05
4.521602160216021389e+02 5.183210901533572469e+05
4.522102210221021892e+02 5.329702968987199711e+05
4.522602260226022395e+02 5.049857426244188100e+05
4.523102310231022898e+02 5.306199315585400909e+05
4.523602360236023401e+02 4.941634945507603115e+05
4.524102410241023904e+02 5.188917123184095253e+05
4.524602460246024407e+02 5.130792444112878293e+05
4.525102510251024910e+02 4.983798473476789077e+05
4.525602560256025413e+02 5.312307205862289993e+05
4.526102610261025916e+02 5.267399091265221359e+05
4.526602660266026419e+02 5.335237599310918013e+05
4.527102710271026922e+02 4.998540545525958296e+05
4.527602760276027425e+02 5.136741641090394114e+05
4.528102810281027928e+02 5.093878627064026077e+05
4.528602860286028431e+02 5.216328404478320153e+05
4.529102910291028934e+02 5.291047267168934923e+05
4.529602960296029437e+02 5.157316438929735450e+05
4.530103010301029940e+02 5.350359255145629868e+05
4.530603060306030443e+02 5.096154829929664847e+05
4.531103110311030946e+02 4.874037074049429502e+05
4.531603160316031449e+02 5.061424584841404576e+05
4.532103210321031952e+02 5.263151521642252337e+05
4.532603260326032455e+02 5.135123540891006705e+05
4.533103310331032958e+02 5.223311913546606083e+05
4.533603360336033461e+02 5.008767233888060437e+05
4.534103410341033964e+02 5.338634686265964992e+05
4.534603460346034467e+02 5.121685361576087307e+05
4.535103510351034970e+02 5.030061976117382874e+05
4.535603560356035473e+02 5.340838620754947187e+05
4.536103610361035976e+02 5.329608993941835361e+05
4.536603660366036479e+02 5.281548737082495354e+05
4.537103710371036982e+02 4.986878105566629674e+05
4.537603760376037485e+02 5.351069209536723793e+05
4.538103810381037988e+02 5.165540282613510499e+05
4.538603860386038491e+02 4.961352363288052147e+05
4.539103910391038994e+02 5.231738381976514356e+05
4.539603960396039497e+02 5.179092097385213128e+05
4.540104010401040000e+02 5.166260701217062888e+05
4.540604060406040503e+02 5.155062034592332202e+05
4.541104110411041006e+02 5.057432464003576315e+05
4.541604160416041509e+02 4.973803773370509152e+05
4.542104210421042012e+02 5.008336835943266051e+05
4.542604260426042515e+02 4.942775581635012059e+05
4.543104310431043018e+02 5.172765260017300025e+05
4.543604360436043521e+02 5.109455691745509394e+05
4.544104410441044024e+02 5.377831706148203230e+05
4.544604460446044527e+02 5.275002547056910116e+05
4.545104510451045030e+02 5.022344389434418408e+05
4.545604560456045533e+02 4.916291700987013173e+05
4.546104610461046036e+02 4.909846559903300367e+05
4.546604660466046539e+02 5.298122926920806058e+05
4.547104710471047042e+02 4.936850218443473568e+05
4.547604760476047545e+02 5.136730751427349169e+05
4.548104810481048048e+02 4.968065177636196604e+05
4.548604860486048551e+02 5.073418352048080997e+05
4.549104910491049054e+02 5.330670722929014592e+05
4.549604960496049557e+02 5.268277296108464943e+05
4.550105010501050060e+02 4.926748830611162120e+05
4.550605060506050563e+02 5.104931835942518665e+05
4.551105110511051066e+02 5.288625617805428337e+05
4.551605160516051569e+02 5.182243179805613472e+05
4.552105210521052072e+02 4.931782352205088828e+05
4.552605260526052575e+02 5.313783765286315465e+05
4.553105310531053078e+02 5.008549192479280755e+05
4.553605360536053581e+02 5.177890249873096473e+05
4.554105410541054084e+02 4.957064605649361038e+05
4.554605460546054587e+02 5.018261532193851890e+05
4.555105510551055090e+02 5.273866306054911111e+05
4.555605560556055593e+02 4.902270397059618263e+05
4.556105610561056096e+02 5.165113109054987435e+05
4.556605660566056599e+02 5.336311260372884572e+05
4.557105710571057102e+02 4.868486189235475031e+05
4.557605760576057605e+02 5.075969038081283215e+05
4.558105810581058108e+02 5.070255457486691885e+05
4.558605860586058611e+02 5.027888278652409208e+05
4.559105910591059114e+02 4.895565055620802450e+05
4.559605960596059617e+02 5.052065624497617828e+05
4.560106010601060120e+02 5.234641216975407442e+05
4.560606060606060623e+02 5.340289402953430545e+05
4.561106110611061126e+02 5.166979818169524660e+05
4.561606160616061629e+02 4.881099801577007747e+05
4.562106210621062132e+02 4.984568203780677868e+05
4.562606260626062635e+02 5.149140215428209631e+05
4.563106310631063138e+02 5.080468010907262797e+05
4.563606360636063641e+02 5.146788276335244300e+05
4.564106410641064144e+02 5.085604582784526865e+05
4.564606460646064647e+02 5.082778576650313335e+05
4.565106510651065150e+02 5.333645180983454920e+05
4.565606560656065653e+02 5.103856291039910866e+05
4.566106610661066156e+02 5.153321126593576046e+05
4.566606660666066659e+02 5.108514964232050115e+05
4.567106710671067162e+02 5.086528962398405420e+05
4.567606760676067665e+02 4.913246910263096797e+05
4.568106810681068168e+02 5.076914769430909655e+05
4.568606860686068671e+02 5.158595489281256450e+05
4.569106910691069174e+02 4.987585746448821155e+05
4.569606960696069677e+02 5.336298605314065935e+05
4.570107010701070180e+02 5.109952910438326653e+05
4.570607060706070683e+02 5.323711109680576483e+05
4.571107110711071186e+02 5.018679508862576331e+05
4.571607160716071689e+02 5.374193587746530538e+05
4.572107210721072192e+02 5.241718367238357896e+05
4.572607260726072695e+02 5.232057941075032577e+05
4.573107310731073198e+02 5.184889194941588212e+05
4.573607360736073701e+02 5.157731354971178807e+05
4.574107410741074204e+02 5.086760707504060701e+05
4.574607460746074707e+02 5.251813712427490391e+05
4.575107510751075210e+02 5.227587608648421010e+05
4.575607560756075713e+02 5.254068128471325617e+05
4.576107610761076216e+02 5.212002003633286804e+05
4.576607660766076719e+02 5.371944920734328916e+05
4.577107710771077222e+02 5.135114965946006705e+05
4.577607760776077725e+02 5.165356767672674614e+05
4.578107810781078229e+02 5.029731908340561204e+05
4.578607860786078732e+02 4.867408890015673242e+05
4.579107910791079235e+02 5.069866193791131955e+05
4.579607960796079738e+02 4.980748523501284653e+05
4.580108010801080241e+02 5.317280054531876231e+05
4.580608060806080744e+02 5.008372543328616302e+05
4.581108110811081247e+02 4.939577731722904718e+05
4.581608160816081750e+02 5.083857020421210909e+05
4.582108210821082253e+02 5.068613270046050893e+05
4.582608260826082756e+02 4.872896508057495812e+05
4.583108310831083259e+02 5.165815816656197421e+05
4.583608360836083762e+02 4.967815465464944718e+05
4.584108410841083696e+02 5.291721794636803679e+05
4.584608460846084199e+02 4.965492691022456274e+05
4.585108510851084702e+02 4.904506725249924348e+05
4.585608560856085205e+02 5.140503567857131129e+05
4.586108610861085708e+02 5.178970610417581047e+05
4.586608660866086211e+02 5.075299769570632488e+05
4.587108710871086714e+02 4.973615763932210975e+05
4.587608760876087217e+02 4.958670949519312126e+05
4.588108810881087720e+02 4.868337423963551410e+05
4.588608860886088223e+02 5.131075041888469132e+05
4.589108910891088726e+02 5.115620074972150614e+05
4.589608960896089229e+02 5.281032006759260548e+05
4.590109010901089732e+02 4.941599124700993998e+05
4.590609060906090235e+02 5.300527673705670750e+05
4.591109110911090738e+02 5.044313076354464865e+05
4.591609160916091241e+02 5.312838959745533066e+05
4.592109210921091744e+02 5.157907201781072654e+05
4.592609260926092247e+02 5.234319856271674507e+05
4.593109310931092750e+02 5.136972944979111780e+05
4.593609360936093253e+02 5.194338282746952609e+05
4.594109410941093756e+02 5.357781289371177554e+05
4.594609460946094259e+02 5.144904542526470032e+05
4.595109510951094762e+02 4.983108769773475360e+05
4.595609560956095265e+02 5.228667406817845767e+05
4.596109610961095768e+02 5.047411033794427640e+05
4.596609660966096271e+02 5.038022699681522790e+05
4.597109710971096774e+02 4.881793694660944748e+05
4.597609760976097277e+02 4.876229479135533911e+05
4.598109810981097780e+02 4.989499739665379748e+05
4.598609860986098283e+02 5.276592734481260413e+05
4.599109910991098786e+02 5.112071798031955841e+05
4.599609960996099289e+02 4.957182433432299877e+05
4.600110011001099792e+02 5.328595001619115938e+05
4.600610061006100295e+02 5.301501069118548185e+05
4.601110111011100798e+02 5.282361650021470850e+05
4.601610161016101301e+02 5.221706136086270562e+05
4.602110211021101804e+02 5.161552364517429960e+05
4.602610261026102307e+02 4.899025323097428773e+05
4.603110311031102810e+02 4.912117904820596450e+05
4.603610361036103313e+02 5.046763388949788641e+05
4.604110411041103816e+02 4.881883498387692380e+05
4.604610461046104319e+02 4.879749723564081942e+05
4.605110511051104822e+02 4.991435181791138602e+05
4.605610561056105325e+02 5.218590202415325912e+05
4.606110611061105828e+02 5.041979342800455051e+05
4.606610661066106331e+02 5.358684106614398770e+05
4.607110711071106834e+02 4.957246330399186700e+05
4.607610761076107337e+02 5.306668788133995840e+05
4.608110811081107840e+02 5.207304451493845554e+05
4.608610861086108343e+02 5.092540717759887921e+05
4.609110911091108846e+02 5.266734762799296295e+05
4.609610961096109349e+02 5.292215954090309097e+05
4.610111011101109852e+02 4.912527679887963459e+05
4.610611061106110355e+02 5.007437963876919239e+05
4.611111111111110858e+02 5.329901612539149355e+05
4.611611161116111361e+02 5.223563356394825969e+05
4.612111211121111864e+02 5.029267235919253435e+05
4.612611261126112367e+02 5.055764069834626280e+05
4.613111311131112870e+02 5.170159335610240232e+05
4.613611361136113374e+02 4.974581223786862683e+05
4.614111411141113877e+02 5.262337732638042653e+05
4.614611461146114380e+02 5.267249113932349719e+05
4.615111511151114883e+02 5.202882326181859244e+05
4.615611561156115386e+02 4.972178885925387149e+05
4.616111611161115889e+02 5.207770580919058411e+05
4.616611661166116392e+02 5.065380552168881986e+05
4.617111711171116895e+02 5.237805921949106269e+05
4.617611761176117398e+02 5.100759053120168974e+05
4.618111811181117901e+02 5.153488930932742660e+05
4.618611861186118404e+02 4.960985078607450123e+05
4.619111911191118907e+02 4.879778607598391245e+05
4.619611961196119410e+02 5.227804661933226744e+05
4.620112011201119913e+02 5.182089504864516784e+05
4.620612061206120416e+02 5.316638374758906430e+05
4.621112111211120919e+02 5.020187478014560184e+05
4.621612161216121422e+02 5.328181197985603940e+05
4.622112211221121925e+02 4.962539118770392961e+05
4.622612261226122428e+02 5.231771258059710381e+05
4.623112311231122931e+02 5.365733850519515108e+05
4.623612361236123434e+02 4.956561189299005200e+05
4.624112411241123937e+02 5.285813188570837956e+05
4.624612461246124440e+02 5.063580131652989658e+05
4.625112511251124943e+02 5.070443769159824005e+05
4.625612561256125446e+02 5.273972903430017177e+05
4.626112611261125949e+02 5.037605749903685646e+05
4.626612661266126452e+02 4.921595616599656059e+05
4.627112711271126955e+02 5.033486589619626175e+05
4.627612761276127458e+02 5.142689713832839043e+05
4.628112811281127961e+02 5.378447392969265347e+05
4.628612861286128464e+02 4.917582323747299379e+05
4.629112911291128967e+02 4.946275729631050490e+05
4.629612961296129470e+02 5.334933569504325278e+05
4.630113011301129973e+02 5.035690514883658034e+05
4.630613061306130476e+02 5.175176720869654673e+05
4.631113111311130979e+02 5.279576825908060418e+05
4.631613161316131482e+02 5.356691259975961875e+05
4.632113211321131985e+02 4.908583456104291254e+05
4.632613261326132488e+02 5.222320438214263413e+05
4.633113311331132991e+02 4.935115415049712174e+05
4.633613361336133494e+02 5.189554901293590083e+05
4.634113411341133997e+02 5.010159919017957291e+05
4.634613461346134500e+02 5.335819885653009405e+05
4.635113511351135003e+02 5.129620922534327256e+05
4.635613561356135506e+02 5.198112044651859906e+05
4.636113611361136009e+02 5.173943906518974691e+05
4.636613661366136512e+02 5.266786413919383194e+05
4.637113711371137015e+02 4.984234210271079210e+05
4.637613761376137518e+02 5.368748240856102202e+05
4.638113811381138021e+02 5.138712847783517791e+05
4.638613861386138524e+02 5.324727620443429332e+05
4.639113911391139027e+02 4.905166196080951486e+05
4.639613961396139530e+02 5.278421822043601424e+05
4.640114011401140033e+02 5.135678170990762301e+05
4.640614061406140536e+02 5.230672361879794626e+05
4.641114111411141039e+02 5.045059269405642408e+05
4.641614161416141542e+02 5.360082646963096922e+05
4.642114211421142045e+02 5.037674733374177013e+05
4.642614261426142548e+02 5.255567014509947039e+05
4.643114311431143051e+02 4.965836420162203722e+05
4.643614361436143554e+02 5.231084603077745414e+05
4.644114411441144057e+02 5.378155282848167699e+05
4.644614461446144560e+02 5.340316707034693100e+05
4.645114511451145063e+02 4.952650765960158897e+05
4.645614561456145566e+02 4.993067394748734660e+05
4.646114611461146069e+02 5.207723136584489257e+05
4.646614661466146572e+02 5.360637497540396871e+05
4.647114711471147075e+02 5.011171622119798558e+05
4.647614761476147578e+02 5.311697217734252336e+05
4.648114811481148081e+02 4.939150674409255153e+05
4.648614861486148584e+02 5.220390491204006248e+05
4.649114911491149087e+02 4.977843317697020830e+05
4.649614961496149590e+02 5.114913450965996599e+05
4.650115011501150093e+02 4.872217731240040157e+05
4.650615061506150596e+02 4.995677963330363273e+05
4.651115111511151099e+02 5.115568002672820585e+05
4.651615161516151602e+02 5.087472394135178183e+05
4.652115211521152105e+02 5.121370887767128879e+05
4.652615261526152608e+02 5.068628876304228324e+05
4.653115311531153111e+02 5.004759359228028916e+05
4.653615361536153614e+02 5.187377509339167736e+05
4.654115411541154117e+02 4.991342876740874490e+05
4.654615461546154620e+02 4.910547257328733103e+05
4.655115511551155123e+02 5.115436219005800667e+05
4.655615561556155626e+02 5.023548672919921228e+05
4.656115611561156129e+02 5.245633456412816886e+05
4.656615661566156632e+02 5.140437769898370025e+05
4.657115711571157135e+02 4.904359174419789924e+05
4.657615761576157638e+02 4.974286178345388616e+05
4.658115811581158141e+02 4.916954504621372325e+05
4.658615861586158644e+02 5.320142340209248941e+05
4.659115911591159147e+02 5.059720967684318894e+05
4.659615961596159650e+02 5.291264375025556656e+05
4.660116011601160153e+02 5.094344133979151957e+05
4.660616061606160656e+02 5.235660615146581549e+05
4.661116111611161159e+02 4.970615020023307879e+05
4.661616161616161662e+02 5.331179450793310534e+05
4.662116211621162165e+02 4.926724827246990171e+05
4.662616261626162668e+02 5.171690585271518212e+05
4.663116311631163171e+02 5.178056275452182745e+05
4.663616361636163674e+02 5.285932325796008809e+05
4.664116411641164177e+02 5.117954730885362951e+05
4.664616461646164680e+02 5.282956375624017091e+05
4.665116511651165183e+02 5.143711559556460707e+05
4.665616561656165686e+02 5.165277647260796512e+05
4.666116611661166189e+02 4.878734463346385164e+05
4.666616661666166692e+02 5.130777786908589769e+05
4.667116711671167195e+02 5.370476763454211177e+05
4.667616761676167698e+02 5.042158400009642355e+05
4.668116811681168201e+02 4.999735506477179588e+05
4.668616861686168704e+02 5.266568566868519410e+05
4.669116911691169207e+02 5.201128716729249572e+05
4.669616961696169710e+02 4.959284720613012323e+05
4.670117011701170213e+02 5.062366760126277222e+05
4.670617061706170716e+02 5.031208683458307059e+05
4.671117111711171219e+02 5.052221670258457307e+05
4.671617161716171722e+02 5.044834850008233334e+05
4.672117211721172225e+02 5.160082286506585660e+05
4.672617261726172728e+02 5.291886661045709625e+05
4.673117311731173231e+02 5.164157917437929427e+05
4.673617361736173734e+02 4.903859919664531481e+05
4.674117411741174237e+02 4.879472526801926433e+05
4.674617461746174740e+02 5.274718712607150665e+05
4.675117511751175243e+02 5.050162609088306199e+05
4.675617561756175746e+02 5.257312429755131016e+05
4.676117611761176249e+02 4.962496059570388752e+05
4.676617661766176752e+02 5.208440589794197003e+05
4.677117711771177255e+02 5.239965784856029204e+05
4.677617761776177758e+02 5.194653039078001748e+05
4.678117811781178261e+02 5.051657206825629692e+05
4.678617861786178764e+02 5.248663227024039952e+05
4.679117911791179267e+02 4.979174459912165185e+05
4.679617961796179770e+02 5.188318367719143862e+05
4.680118011801180273e+02 5.297448032045720611e+05
4.680618061806180776e+02 4.872708123378323507e+05
4.681118111811181279e+02 5.136362373479194939e+05
4.681618161816181782e+02 5.319107647823011503e+05
4.682118211821182285e+02 5.267305665807584301e+05
4.682618261826182788e+02 4.941539208193305531e+05
4.683118311831183291e+02 5.087101807688363479e+05
4.683618361836183794e+02 4.963667426291517913e+05
4.684118411841184297e+02 4.910352643462253618e+05
4.684618461846184800e+02 5.123173289208182250e+05
4.685118511851185303e+02 5.367491388114766451e+05
4.685618561856185806e+02 5.263263444393352838e+05
4.686118611861186309e+02 5.243478527481908677e+05
4.686618661866186812e+02 5.307623789464774309e+05
4.687118711871187315e+02 5.374461289101081202e+05
4.687618761876187818e+02 4.875270202687528799e+05
4.688118811881188321e+02 5.108478489005456795e+05
4.688618861886188824e+02 4.967195010944760288e+05
4.689118911891189327e+02 4.953839576725161751e+05
4.689618961896189830e+02 5.171890263601317420e+05
4.690119011901190333e+02 5.349334487872293685e+05
4.690619061906190836e+02 5.042002938575940789e+05
4.691119111911191339e+02 5.242277000524448231e+05
4.691619161916191842e+02 5.044494226774128038e+05
4.692119211921192345e+02 5.240145412415388273e+05
4.692619261926192848e+02 4.950821256904490292e+05
4.693119311931193351e+02 4.953734911506079370e+05
4.693619361936193854e+02 5.087739413897148916e+05
4.694119411941194357e+02 5.180018180461905431e+05
4.694619461946194861e+02 5.202031189901644248e+05
4.695119511951195364e+02 4.912579907754802844e+05
4.695619561956195867e+02 5.280812484815961216e+05
4.696119611961196370e+02 5.045350169169850997e+05
4.696619661966196873e+02 4.906569004141595797e+05
4.697119711971197376e+02 4.979134668773167650e+05
4.697619761976197879e+02 5.161707810453331331e+05
4.698119811981198382e+02 5.281841903012497351e+05
4.698619861986198885e+02 5.045865499860383570e+05
4.699119911991199388e+02 5.370512134415253531e+05
4.699619961996199891e+02 5.086749138939854456e+05
4.700120012001200394e+02 4.877832369709810591e+05
4.700620062006200897e+02 5.012516783264281694e+05
4.701120112011201400e+02 5.242923695282813860e+05
4.701620162016201903e+02 4.872103495908590266e+05
4.702120212021202406e+02 5.017000886364536709e+05
4.702620262026202909e+02 5.283164900087628048e+05
4.703120312031202843e+02 5.091353855048046098e+05
4.703620362036203346e+02 5.072259427825892344e+05
4.704120412041203849e+02 5.142344669819216942e+05
4.704620462046204352e+02 5.204929195893223514e+05
4.705120512051204855e+02 5.137935432665735134e+05
4.705620562056205358e+02 4.931959508348300587e+05
4.706120612061205861e+02 5.242876684219421004e+05
4.706620662066206364e+02 5.229392155140439281e+05
4.707120712071206867e+02 5.193722217958532856e+05
4.707620762076207370e+02 5.004671393667735392e+05
4.708120812081207873e+02 5.207173128900076263e+05
4.708620862086208376e+02 5.211803929272926180e+05
4.709120912091208879e+02 4.980475224324586452e+05
4.709620962096209382e+02 5.321522353353538783e+05
4.710121012101209885e+02 4.963098281528569059e+05
4.710621062106210388e+02 5.165796206005892018e+05
4.711121112111210891e+02 5.200404283522286569e+05
4.711621162116211394e+02 4.884337386765930569e+05
4.712121212121211897e+02 5.149288896074315999e+05
4.712621262126212400e+02 5.056064386186300544e+05
4.713121312131212903e+02 4.983923520853821537e+05
4.713621362136213406e+02 5.199736064267118927e+05
4.714121412141213909e+02 4.998796151287511457e+05
4.714621462146214412e+02 4.932689195676085074e+05
4.715121512151214915e+02 4.968593625756467809e+05
4.715621562156215418e+02 5.071955340450531221e+05
4.716121612161215921e+02 5.127844963644668460e+05
4.716621662166216424e+02 5.196716428829512442e+05
4.717121712171216927e+02 4.891020929598090006e+05
4.717621762176217430e+02 4.870369815298312460e+05
4.718121812181217933e+02 5.184752690708503360e+05
4.718621862186218436e+02 4.902539467973268474e+05
4.719121912191218939e+02 5.137470245810727356e+05
4.719621962196219442e+02 5.187268652509303647e+05
4.720122012201219945e+02 5.157179696180891478e+05
4.720622062206220448e+02 4.995347262486304971e+05
4.721122112211220951e+02 5.365313876480885083e+05
4.721622162216221454e+02 5.061669331522109569e+05
4.722122212221221957e+02 5.203769005919982446e+05
4.722622262226222460e+02 5.076820448026335798e+05
4.723122312231222963e+02 5.374934429049026221e+05
4.723622362236223466e+02 5.132858446532970993e+05
4.724122412241223969e+02 5.181205759664876387e+05
4.724622462246224472e+02 5.153810221605884726e+05
4.725122512251224975e+02 5.235067536960773286e+05
4.725622562256225478e+02 4.967406696905526333e+05
4.726122612261225981e+02 4.980199635643287911e+05
4.726622662266226484e+02 5.233346768403152237e+05
4.727122712271226987e+02 4.992151046108235605e+05
4.727622762276227490e+02 5.354404884474903811e+05
4.728122812281227993e+02 5.306286665059776278e+05
4.728622862286228496e+02 5.318013353513561888e+05
4.729122912291228999e+02 5.104471789739665110e+05
4.729622962296229502e+02 5.319056758285369724e+05
4.730123012301230006e+02 5.091363707137610763e+05
4.730623062306230509e+02 5.146013278153195861e+05
4.731123112311231012e+02 5.244592416316660820e+05
4.731623162316231515e+02 4.949812942770892405e+05
4.732123212321232018e+02 5.095510483069540351e+05
4.732623262326232521e+02 5.251891327233305201e+05
4.733123312331233024e+02 5.184735944843214238e+05
4.733623362336233527e+02 5.333014096845730674e+05
4.734123412341234030e+02 5.049077280440194882e+05
4.734623462346234533e+02 5.339320870382804424e+05
4.735123512351235036e+02 4.927138988599566510e+05
4.735623562356235539e+02 5.065311736682556220e+05
4.736123612361236042e+02 5.200957110820584930e+05
4.736623662366236545e+02 4.877251203985463362e+05
4.737123712371237048e+02 5.315293244062282611e+05
4.737623762376237551e+02 5.163589251787971007e+05
4.738123812381238054e+02 5.213236915379243437e+05
4.738623862386238557e+02 5.357351636615023017e+05
4.739123912391239060e+02 5.296098057495153043e+05
4.739623962396239563e+02 5.375421392967343563e+05
4.740124012401240066e+02 4.910268954089615145e+05
4.740624062406240569e+02 4.960798051308673457e+05
4.741124112411241072e+02 5.044662665187414386e+05
4.741624162416241575e+02 5.009583284326768480e+05
4.742124212421242078e+02 5.239311162118864595e+05
4.742624262426242581e+02 5.192554211367430980e+05
4.743124312431243084e+02 5.326949402614462888e+05
4.743624362436243587e+02 5.271996434752839850e+05
4.744124412441244090e+02 5.221987769438610994e+05
4.744624462446244593e+02 5.121272071954961284e+05
4.745124512451245096e+02 5.149836312691744533e+05
4.745624562456245599e+02 5.313368057364345295e+05
4.746124612461246102e+02 5.363995114430652466e+05
4.746624662466246605e+02 5.163399653316077893e+05
4.747124712471247108e+02 5.317427021470090840e+05
4.747624762476247611e+02 4.964128458618453005e+05
4.748124812481248114e+02 5.054161334989875322e+05
4.748624862486248617e+02 5.142156319686931092e+05
4.749124912491249120e+02 5.167572309999111458e+05
4.749624962496249623e+02 5.357086243373905309e+05
4.750125012501250126e+02 5.213806814927381929e+05
4.750625062506250629e+02 5.044873845914985868e+05
4.751125112511251132e+02 4.926052550592896296e+05
4.751625162516251635e+02 5.186597749821580946e+05
4.752125212521252138e+02 4.893702545228214003e+05
4.752625262526252641e+02 4.985162230595689034e+05
4.753125312531253144e+02 5.262174096677998314e+05
4.753625362536253647e+02 5.152004031087035546e+05
4.754125412541254150e+02 5.316431866314114304e+05
4.754625462546254653e+02 5.362709350053139497e+05
4.755125512551255156e+02 5.197678457045553951e+05
4.755625562556255659e+02 4.889442025109218666e+05
4.756125612561256162e+02 4.938570181258446537e+05
4.756625662566256665e+02 4.972431787143361289e+05
4.757125712571257168e+02 5.316147935325647704e+05
4.757625762576257671e+02 5.091476733214003616e+05
4.758125812581258174e+02 5.229292321186432964e+05
4.758625862586258677e+02 4.873311835515825660e+05
4.759125912591259180e+02 5.086386770049225306e+05
4.759625962596259683e+02 5.081931266933167935e+05
4.760126012601260186e+02 5.253116296737426892e+05
4.760626062606260689e+02 5.285070330146451015e+05
4.761126112611261192e+02 4.964132677191378316e+05
4.761626162616261695e+02 5.106740424958831863e+05
4.762126212621262198e+02 4.996476635703490465e+05
4.762626262626262701e+02 5.364245447552987607e+05
4.763126312631263204e+02 5.115326547765700961e+05
4.763626362636263707e+02 5.057927217039219104e+05
4.764126412641264210e+02 4.905450805530559737e+05
4.764626462646264713e+02 5.021189351019886089e+05
4.765126512651265216e+02 4.957690154832248227e+05
4.765626562656265719e+02 5.076685531341790338e+05
4.766126612661266222e+02 5.031721414521532133e+05
4.766626662666266725e+02 5.248049745806512656e+05
4.767126712671267228e+02 5.185066261931673507e+05
4.767626762676267731e+02 5.167739516422823654e+05
4.768126812681268234e+02 5.163017469648456899e+05
4.768626862686268737e+02 5.291997442622422241e+05
4.769126912691269240e+02 5.244913753362314310e+05
4.769626962696269743e+02 5.317211872724276036e+05
4.770127012701270246e+02 4.967422130784682813e+05
4.770627062706270749e+02 5.153192584078405052e+05
4.771127112711271252e+02 4.986271314237903571e+05
4.771627162716271755e+02 5.285821845944484230e+05
4.772127212721272258e+02 4.961963062128360034e+05
4.772627262726272761e+02 4.909318790793372900e+05
4.773127312731273264e+02 5.049347811755859293e+05
4.773627362736273767e+02 5.356775399352574022e+05
4.774127412741274270e+02 5.360225045022178674e+05
4.774627462746274205e+02 5.131181139178306330e+05
4.775127512751274708e+02 5.092206202292999369e+05
4.775627562756275211e+02 5.100664098098528921e+05
4.776127612761275714e+02 4.945645522731365054e+05
4.776627662766276217e+02 5.375770106620860752e+05
4.777127712771276720e+02 5.156411701971294824e+05
4.777627762776277223e+02 5.054214584143324755e+05
4.778127812781277726e+02 5.150144975633173017e+05
4.778627862786278229e+02 5.297168385463160230e+05
4.779127912791278732e+02 5.232203282174301567e+05
4.779627962796279235e+02 5.341051761313150637e+05
4.780128012801279738e+02 5.033267781358297798e+05
4.780628062806280241e+02 5.119418913943500957e+05
4.781128112811280744e+02 5.249977772551419912e+05
4.781628162816281247e+02 5.313195951759889722e+05
4.782128212821281750e+02 5.158594149662859272e+05
4.782628262826282253e+02 4.878483434645640082e+05
4.783128312831282756e+02 4.874768282267480972e+05
4.783628362836283259e+02 5.037929616657833685e+05
4.784128412841283762e+02 4.888543559135946562e+05
4.784628462846284265e+02 5.285510214467972983e+05
4.785128512851284768e+02 5.049462855114814593e+05
4.785628562856285271e+02 4.990567083217261243e+05
4.786128612861285774e+02 5.142303888005682384e+05
4.786628662866286277e+02 5.002949912878125906e+05
4.787128712871286780e+02 5.353366594328425126e+05
4.787628762876287283e+02 5.304543186391574563e+05
4.788128812881287786e+02 5.160695524109553080e+05
4.788628862886288289e+02 5.257012919992026873e+05
4.789128912891288792e+02 5.215693992581664934e+05
4.789628962896289295e+02 5.041357637573287939e+05
4.790129012901289798e+02 5.046856122602582909e+05
4.790629062906290301e+02 5.121311687692022533e+05
4.791129112911290804e+02 5.025129599990146235e+05
4.791629162916291307e+02 5.164117430164158577e+05
4.792129212921291810e+02 5.261203689253836637e+05
4.792629262926292313e+02 5.334214491974200355e+05
4.793129312931292816e+02 5.010221732776970603e+05
4.793629362936293319e+02 5.180912855645769741e+05
4.794129412941293822e+02 5.135984257165606250e+05
4.794629462946294325e+02 5.210297533406952862e+05
4.795129512951294828e+02 5.340336264128156472e+05
4.795629562956295331e+02 5.043756426958965603e+05
4.796129612961295834e+02 5.099485994333604467e+05
4.796629662966296337e+02 5.352846071532645728e+05
4.797129712971296840e+02 5.351382742188421544e+05
4.797629762976297343e+02 5.260931189750578487e+05
4.798129812981297846e+02 5.027402904994876008e+05
4.798629862986298349e+02 5.214699115093522123e+05
4.799129912991298852e+02 4.974007729240145418e+05
4.799629962996299355e+02 4.951937068884868058e+05
4.800130013001299858e+02 4.988692440446340479e+05
4.800630063006300361e+02 5.171237370144247543e+05
4.801130113011300864e+02 4.971775049970987020e+05
4.801630163016301367e+02 5.223365929411817924e+05
4.802130213021301870e+02 5.011219135666380171e+05
4.802630263026302373e+02 5.336795401917856652e+05
4.803130313031302876e+02 5.259753620720758336e+05
4.803630363036303379e+02 5.035704184681270854e+05
4.804130413041303882e+02 5.212591074455014314e+05
4.804630463046304385e+02 5.253317251229820540e+05
4.805130513051304888e+02 5.218579711615685374e+05
4.805630563056305391e+02 5.049134892368641449e+05
4.806130613061305894e+02 4.985137101529900101e+05
4.806630663066306397e+02 4.893402397925929981e+05
4.807130713071306900e+02 5.123208373351562186e+05
4.807630763076307403e+02 4.917109766028657323e+05
4.808130813081307906e+02 5.257838642267666291e+05
4.808630863086308409e+02 5.087909175204368075e+05
4.809130913091308912e+02 5.088800967728602700e+05
4.809630963096309415e+02 5.072434065549632069e+05
4.810131013101309918e+02 5.176244094191062031e+05
4.810631063106310421e+02 5.236253162084317883e+05
4.811131113111310924e+02 5.356751724805195117e+05
4.811631163116311427e+02 5.364954025359991938e+05
4.812131213121311930e+02 5.083038787912504049e+05
4.812631263126312433e+02 5.263131877476710360e+05
4.813131313131312936e+02 5.025744272687839693e+05
4.813631363136313439e+02 5.184454398725315114e+05
4.814131413141313942e+02 4.899881467196431477e+05
4.814631463146314445e+02 5.305672656164906221e+05
4.815131513151314948e+02 5.158775212710725609e+05
4.815631563156315451e+02 5.194338063520804862e+05
4.816131613161315954e+02 5.230166184991858900e+05
4.816631663166316457e+02 5.067881208238523104e+05
4.817131713171316960e+02 5.231028499052301049e+05
4.817631763176317463e+02 4.975987611896088929e+05
4.818131813181317966e+02 5.287428620400689542e+05
4.818631863186318469e+02 5.125709397367407801e+05
4.819131913191318972e+02 4.890579124200879596e+05
4.819631963196319475e+02 5.304941419968254631e+05
4.820132013201319978e+02 4.942093078545619501e+05
4.820632063206320481e+02 4.976290415029418655e+05
4.821132113211320984e+02 5.336950185047014384e+05
4.821632163216321487e+02 5.199455255694046500e+05
4.822132213221321990e+02 4.869667027656728751e+05
4.822632263226322493e+02 5.282481281420149608e+05
4.823132313231322996e+02 4.983101945186217199e+05
4.823632363236323499e+02 5.320939760434663622e+05
4.824132413241324002e+02 5.095068703429655870e+05
4.824632463246324505e+02 4.925399370149664464e+05
4.825132513251325008e+02 5.219234908391871722e+05
4.825632563256325511e+02 5.178515711583463708e+05
4.826132613261326014e+02 5.135674094190196483e+05
4.826632663266326517e+02 5.107896096056805109e+05
4.827132713271327020e+02 5.322336427447957685e+05
4.827632763276327523e+02 5.029459112209244631e+05
4.828132813281328026e+02 5.113504548488613800e+05
4.828632863286328529e+02 4.909477119692726992e+05
4.829132913291329032e+02 5.059934188935148995e+05
4.829632963296329535e+02 5.035958149468263728e+05
4.830133013301330038e+02 4.949958849255149835e+05
4.830633063306330541e+02 4.953615134606202482e+05
4.831133113311331044e+02 4.903986903751418577e+05
4.831633163316331547e+02 5.209527035875784350e+05
4.832133213321332050e+02 5.260953165602129884e+05
4.832633263326332553e+02 5.307976334999026731e+05
4.833133313331333056e+02 5.212067071781150880e+05
4.833633363336333559e+02 4.898190624264636426e+05
4.834133413341334062e+02 5.121351680238788249e+05
4.834633463346334565e+02 4.986165581569530186e+05
4.835133513351335068e+02 5.279517207711681258e+05
4.835633563356335571e+02 5.341386575619665673e+05
4.836133613361336074e+02 5.051127840792118805e+05
4.836633663366336577e+02 5.395077696486199275e+05
4.837133713371337080e+02 4.985254708661384648e+05
4.837633763376337583e+02 5.248604862049815711e+05
4.838133813381338086e+02 5.333813998862692388e+05
4.838633863386338589e+02 5.330316872397476109e+05
4.839133913391339092e+02 5.176124705962538137e+05
4.839633963396339595e+02 5.159043136267973459e+05
4.840134013401340098e+02 5.055245471098332200e+05
4.840634063406340601e+02 5.248665008456625510e+05
4.841134113411341104e+02 5.135384324282068410e+05
4.841634163416341607e+02 5.033918342741652159e+05
4.842134213421342110e+02 5.274303879715816583e+05
4.842634263426342613e+02 5.408978458129315404e+05
4.843134313431343116e+02 5.283632863316887524e+05
4.843634363436343619e+02 5.522020925825641025e+05
4.844134413441344122e+02 5.463104588578275871e+05
4.844634463446344625e+02 5.239671181365007069e+05
4.845134513451345128e+02 5.477233213444297435e+05
4.845634563456345631e+02 5.259047376183231827e+05
4.846134613461346134e+02 5.321572159579964355e+05
4.846634663466346638e+02 5.515796309370906092e+05
4.847134713471347141e+02 5.503246306779350853e+05
4.847634763476347644e+02 5.475211463233595714e+05
4.848134813481348147e+02 5.643970651027181884e+05
4.848634863486348650e+02 5.701646412640068447e+05
4.849134913491349153e+02 5.976768431262359954e+05
4.849634963496349656e+02 5.994995420253761113e+05
4.850135013501350159e+02 5.691750240541842068e+05
4.850635063506350662e+02 6.108799803416318027e+05
4.851135113511351165e+02 5.943511029021276627e+05
4.851635163516351668e+02 6.094674387883767486e+05
4.852135213521352171e+02 5.880724993900061818e+05
4.852635263526352674e+02 6.308160740242729662e+05
4.853135313531353177e+02 6.207162324506555451e+05
4.853635363536353680e+02 6.615479858487182064e+05
4.854135413541354183e+02 6.107934828983325278e+05
4.854635463546354686e+02 6.157704478938129032e+05
4.855135513551355189e+02 6.680168369186709169e+05
4.855635563556355692e+02 6.808979092111237114e+05
4.856135613561356195e+02 6.356068639977900311e+05
4.856635663566356698e+02 6.481952849482623860e+05
4.857135713571357201e+02 6.448577706045677187e+05
4.857635763576357704e+02 6.941127621714735869e+05
4.858135813581358207e+02 6.698554593469031388e+05
4.858635863586358710e+02 7.092307966541820206e+05
4.859135913591359213e+02 7.012250252150009619e+05
4.859635963596359716e+02 6.761524488419770496e+05
4.860136013601360219e+02 6.884431017424196471e+05
4.860636063606360722e+02 7.062768001948493766e+05
4.861136113611361225e+02 6.887689048257932300e+05
4.861636163616361728e+02 6.866996660810275935e+05
4.862136213621362231e+02 6.764915601121813525e+05
4.862636263626362734e+02 6.773117665977677098e+05
4.863136313631363237e+02 7.035795611628444167e+05
4.863636363636363740e+02 7.086139941448089667e+05
4.864136413641364243e+02 6.707293501375751803e+05
4.864636463646364746e+02 6.743630819678438129e+05
4.865136513651365249e+02 6.625495733281727880e+05
4.865636563656365752e+02 6.866032812936870614e+05
4.866136613661366255e+02 6.986625863693736028e+05
4.866636663666366758e+02 6.390275907188130077e+05
4.867136713671367261e+02 6.722156925463483203e+05
4.867636763676367764e+02 6.397398588161022635e+05
4.868136813681368267e+02 6.411946732633063802e+05
4.868636863686368770e+02 6.102625453001173446e+05
4.869136913691369273e+02 6.437367588196416618e+05
4.869636963696369776e+02 6.344994017113236478e+05
4.870137013701370279e+02 5.895165980929263169e+05
4.870637063706370782e+02 6.068922596050477587e+05
4.871137113711371285e+02 5.840327903818549821e+05
4.871637163716371788e+02 6.278222480424175737e+05
4.872137213721372291e+02 5.714714917590455152e+05
4.872637263726372794e+02 5.604420561354162637e+05
4.873137313731373297e+02 5.858648264433587901e+05
4.873637363736373800e+02 5.903125476613623323e+05
4.874137413741374303e+02 5.939248413916418795e+05
4.874637463746374806e+02 5.484930857740960782e+05
4.875137513751375309e+02 5.598697506764802383e+05
4.875637563756375812e+02 5.586654474877848988e+05
4.876137613761376315e+02 5.644958510083190631e+05
4.876637663766376818e+02 5.455205418281090679e+05
4.877137713771377321e+02 5.343060488636007067e+05
4.877637763776377824e+02 5.331536626136339037e+05
4.878137813781378327e+02 5.307901209868768929e+05
4.878637863786378830e+02 5.545122311415844597e+05
4.879137913791379333e+02 5.121984625064660795e+05
4.879637963796379836e+02 5.055151371555224177e+05
4.880138013801380339e+02 5.307168848384338198e+05
4.880638063806380842e+02 5.339571809684030013e+05
4.881138113811381345e+02 5.177286343557725195e+05
4.881638163816381848e+02 5.456891122365016490e+05
4.882138213821382351e+02 4.957464263721806929e+05
4.882638263826382854e+02 5.122124897274712566e+05
4.883138313831383357e+02 5.209361699131070054e+05
4.883638363836383860e+02 5.422789477482679067e+05
4.884138413841384363e+02 5.075701104890969000e+05
4.884638463846384866e+02 5.241633116620426299e+05
4.885138513851385369e+02 5.167125427513223840e+05
4.885638563856385872e+02 5.006832480633673258e+05
4.886138613861386375e+02 5.158404390517540742e+05
4.886638663866386878e+02 5.133767139603704563e+05
4.887138713871387381e+02 5.053922919404606801e+05
4.887638763876387884e+02 5.035196953271363163e+05
4.888138813881388387e+02 5.242830005928149330e+05
4.888638863886388890e+02 5.198209856773635838e+05
4.889138913891389393e+02 5.072887091165778693e+05
4.889638963896389896e+02 5.264216647279136814e+05
4.890139013901390399e+02 5.086468305437089875e+05
4.890639063906390902e+02 5.020175001592311310e+05
4.891139113911391405e+02 5.033468221903152298e+05
4.891639163916391908e+02 5.167499593202834949e+05
4.892139213921392411e+02 5.228006553745816927e+05
4.892639263926392914e+02 5.256340020449565491e+05
4.893139313931393417e+02 5.335665409942497499e+05
4.893639363936393920e+02 4.986472385782032507e+05
4.894139413941394423e+02 5.282894441384479869e+05
4.894639463946394926e+02 5.212960693150961888e+05
4.895139513951395429e+02 5.066484885761956102e+05
4.895639563956395932e+02 5.067124878983033122e+05
4.896139613961396435e+02 4.920403445939407684e+05
4.896639663966396938e+02 5.037707814891956514e+05
4.897139713971397441e+02 5.287529389700735919e+05
4.897639763976397944e+02 5.162369872099620407e+05
4.898139813981398447e+02 4.976364706344452570e+05
4.898639863986398950e+02 5.211805837732616346e+05
4.899139913991399453e+02 4.907140882021115394e+05
4.899639963996399956e+02 4.899058066660132026e+05
4.900140014001400459e+02 5.098324165875875042e+05
4.900640064006400962e+02 5.365955360501724062e+05
4.901140114011401465e+02 5.069572135064637987e+05
4.901640164016401968e+02 5.249370858446515631e+05
4.902140214021402471e+02 5.372793576376251876e+05
4.902640264026402974e+02 5.359896177783176536e+05
4.903140314031403477e+02 5.079289414552694070e+05
4.903640364036403980e+02 5.204775244289879920e+05
4.904140414041404483e+02 5.378651129191739019e+05
4.904640464046404986e+02 5.378079778414114844e+05
4.905140514051405489e+02 4.964623164693683502e+05
4.905640564056405424e+02 4.907623398450037348e+05
4.906140614061405927e+02 4.954027654744989704e+05
4.906640664066406430e+02 5.180158059311438701e+05
4.907140714071406933e+02 5.073323911442453391e+05
4.907640764076407436e+02 4.963911274262460065e+05
4.908140814081407939e+02 5.190692227818550309e+05
4.908640864086408442e+02 5.096629679744016612e+05
4.909140914091408945e+02 4.905288550461981213e+05
4.909640964096409448e+02 5.022194759209204349e+05
4.910141014101409951e+02 4.907613353232180234e+05
4.910641064106410454e+02 4.998273206864704844e+05
4.911141114111410957e+02 5.337192417352685006e+05
4.911641164116411460e+02 5.233119621553483885e+05
4.912141214121411963e+02 5.330115008847924182e+05
4.912641264126412466e+02 5.284478920316715958e+05
4.913141314131412969e+02 5.019684174682433368e+05
4.913641364136413472e+02 5.137205827972471598e+05
4.914141414141413975e+02 5.298047751401626738e+05
4.914641464146414478e+02 5.263870608938119840e+05
4.915141514151414981e+02 5.271592336694246624e+05
4.915641564156415484e+02 5.261224849036895903e+05
4.916141614161415987e+02 4.997218695055819699e+05
4.916641664166416490e+02 5.193906246921704151e+05
4.917141714171416993e+02 5.173752383288361016e+05
4.917641764176417496e+02 5.144048887781563681e+05
4.918141814181417999e+02 5.220920799057516269e+05
4.918641864186418502e+02 5.234293003798665013e+05
4.919141914191419005e+02 5.135901989077402395e+05
4.919641964196419508e+02 4.973916963774539763e+05
4.920142014201420011e+02 5.098606765027608490e+05
4.920642064206420514e+02 5.193853714313399978e+05
4.921142114211421017e+02 5.288747701374408789e+05
4.921642164216421520e+02 5.112131514921445632e+05
4.922142214221422023e+02 4.911229871167471283e+05
4.922642264226422526e+02 5.111704668032993795e+05
4.923142314231423029e+02 5.025896399778545601e+05
4.923642364236423532e+02 5.310676135906673735e+05
4.924142414241424035e+02 4.937847902098266059e+05
4.924642464246424538e+02 5.340033061738512479e+05
4.925142514251425041e+02 4.920272161291005905e+05
4.925642564256425544e+02 5.257041671241876902e+05
4.926142614261426047e+02 4.894340601042189519e+05
4.926642664266426550e+02 5.267523946198886260e+05
4.927142714271427053e+02 5.155797046973590041e+05
4.927642764276427556e+02 5.120412430148543208e+05
4.928142814281428059e+02 4.965846620994579280e+05
4.928642864286428562e+02 5.039625627714251168e+05
4.929142914291429065e+02 5.012713931042837794e+05
4.929642964296429568e+02 4.917740539402192808e+05
4.930143014301430071e+02 5.251603274754972663e+05
4.930643064306430574e+02 5.202691346690721111e+05
4.931143114311431077e+02 5.068025935570119182e+05
4.931643164316431580e+02 5.249717796425427077e+05
4.932143214321432083e+02 5.072709097216197406e+05
4.932643264326432586e+02 5.040935007656657253e+05
4.933143314331433089e+02 4.907556002154329326e+05
4.933643364336433592e+02 4.974672182173375622e+05
4.934143414341434095e+02 5.224752425043727853e+05
4.934643464346434598e+02 5.101456104919392383e+05
4.935143514351435101e+02 5.120397475703658420e+05
4.935643564356435604e+02 5.055366215882312972e+05
4.936143614361436107e+02 5.111763400145582855e+05
4.936643664366436610e+02 5.190030663358499878e+05
4.937143714371437113e+02 5.006998269291743636e+05
4.937643764376437616e+02 5.161546958935003495e+05
4.938143814381438119e+02 5.005160022903935169e+05
4.938643864386438622e+02 4.981727444116491824e+05
4.939143914391439125e+02 5.128539579697137233e+05
4.939643964396439628e+02 4.908596426136366790e+05
4.940144014401440131e+02 5.401896346885085804e+05
4.940644064406440634e+02 5.254151686786748469e+05
4.941144114411441137e+02 5.386791042834419059e+05
4.941644164416441640e+02 5.190666285235844553e+05
4.942144214421442143e+02 5.238360485629145405e+05
4.942644264426442646e+02 5.435484018642213196e+05
4.943144314431443149e+02 5.488304453058808576e+05
4.943644364436443652e+02 5.197911567058586515e+05
4.944144414441444155e+02 5.159556209860851523e+05
4.944644464446444658e+02 5.072116667597756023e+05
4.945144514451445161e+02 5.119716423677356797e+05
4.945644564456445664e+02 5.111385183097958798e+05
4.946144614461446167e+02 5.108399209916175460e+05
4.946644664466446670e+02 5.307966131693180650e+05
4.947144714471447173e+02 5.328613591973683797e+05
4.947644764476447676e+02 5.338263436806008685e+05
4.948144814481448179e+02 5.369183938812507549e+05
4.948644864486448682e+02 5.489588882009860827e+05
4.949144914491449185e+02 5.219847388350871042e+05
4.949644964496449688e+02 5.232295251882460434e+05
4.950145014501450191e+02 5.231671861239603022e+05
4.950645064506450694e+02 5.633457612294347491e+05
4.951145114511451197e+02 5.514002041094200686e+05
4.951645164516451700e+02 5.737056794931996847e+05
4.952145214521452203e+02 5.779949601945214672e+05
4.952645264526452706e+02 5.724109036716551054e+05
4.953145314531452641e+02 5.811054623197603505e+05
4.953645364536453144e+02 5.893592341174556641e+05
4.954145414541453647e+02 5.858043580081461696e+05
4.954645464546454150e+02 6.020965509117081529e+05
4.955145514551454653e+02 5.517275087569132447e+05
4.955645564556455156e+02 5.986120455130568007e+05
4.956145614561455659e+02 5.676303209407249233e+05
4.956645664566456162e+02 5.782163439217874547e+05
4.957145714571456665e+02 5.922269959570793435e+05
4.957645764576457168e+02 5.772997563839452341e+05
4.958145814581457671e+02 5.934153655669146683e+05
4.958645864586458174e+02 5.709580384654463269e+05
4.959145914591458677e+02 5.659381660463066073e+05
4.959645964596459180e+02 6.123475018738674698e+05
4.960146014601459683e+02 5.945540000921089668e+05
4.960646064606460186e+02 5.649827514073206112e+05
4.961146114611460689e+02 5.931960952691844432e+05
4.961646164616461192e+02 5.874792583156940527e+05
4.962146214621461695e+02 6.104545950079490431e+05
4.962646264626462198e+02 6.125825073506792542e+05
4.963146314631462701e+02 5.680203303777402034e+05
4.963646364636463204e+02 5.945442586407451890e+05
4.964146414641463707e+02 5.701992967538321391e+05
4.964646464646464210e+02 5.840560270399765577e+05
4.965146514651464713e+02 5.707631258054085774e+05
4.965646564656465216e+02 6.042226394604350207e+05
4.966146614661465719e+02 5.654464317314726068e+05
4.966646664666466222e+02 5.502703383923394140e+05
4.967146714671466725e+02 5.734550383515887661e+05
4.967646764676467228e+02 5.523815207807782572e+05
4.968146814681467731e+02 5.474062702244294342e+05
4.968646864686468234e+02 5.395006257804331835e+05
4.969146914691468737e+02 5.850785379660787294e+05
4.969646964696469240e+02 5.757157359921262832e+05
4.970147014701469743e+02 5.664768437920244178e+05
4.970647064706470246e+02 5.732080181048945524e+05
4.971147114711470749e+02 5.761219220980842365e+05
4.971647164716471252e+02 5.328521332930678036e+05
4.972147214721471755e+02 5.359733006336227991e+05
4.972647264726472258e+02 5.558260138052963885e+05
4.973147314731472761e+02 5.845874113290060777e+05
4.973647364736473264e+02 5.655112052011340857e+05
4.974147414741473767e+02 5.472871628893198213e+05
4.974647464746474270e+02 5.502725844822099898e+05
4.975147514751474773e+02 5.664049116709862137e+05
4.975647564756475276e+02 5.817668789842866827e+05
4.976147614761475779e+02 5.483212292890576646e+05
4.976647664766476282e+02 5.958097792209244799e+05
4.977147714771476785e+02 5.929514081403187010e+05
4.977647764776477288e+02 5.795969087382825091e+05
4.978147814781477791e+02 6.198224900820006151e+05
4.978647864786478294e+02 6.104307626300888369e+05
4.979147914791478797e+02 6.011626152736012591e+05
4.979647964796479300e+02 6.378106859201912303e+05
4.980148014801479803e+02 6.257195014635460684e+05
4.980648064806480306e+02 6.519610029700361192e+05
4.981148114811480809e+02 6.256012907627528766e+05
4.981648164816481312e+02 6.193536857000479940e+05
4.982148214821481815e+02 6.181969823437284213e+05
4.982648264826482318e+02 6.463212171972005162e+05
4.983148314831482821e+02 6.736852478956648847e+05
4.983648364836483324e+02 6.287183327790794428e+05
4.984148414841483827e+02 6.697160765040341066e+05
4.984648464846484330e+02 7.050433060838883976e+05
4.985148514851484833e+02 6.439580666177584790e+05
4.985648564856485336e+02 6.890140819865503581e+05
4.986148614861485839e+02 7.214322386721449438e+05
4.986648664866486342e+02 7.235655355813680217e+05
4.987148714871486845e+02 6.857944462823916692e+05
4.987648764876487348e+02 6.701217504550510785e+05
4.988148814881487851e+02 6.672780431986511685e+05
4.988648864886488354e+02 6.773525664685328957e+05
4.989148914891488857e+02 6.715994237852293300e+05
4.989648964896489360e+02 7.050438477298362413e+05
4.990149014901489863e+02 6.818399235169310123e+05
4.990649064906490366e+02 6.715065556258853758e+05
4.991149114911490869e+02 7.181894573388849385e+05
4.991649164916491372e+02 7.041874143238537945e+05
4.992149214921491875e+02 7.284024006517406087e+05
4.992649264926492378e+02 7.061379075036210706e+05
4.993149314931492881e+02 7.033546775148394518e+05
4.993649364936493384e+02 6.842394141267611412e+05
4.994149414941493887e+02 6.853684941397360526e+05
4.994649464946494390e+02 6.614572050288298633e+05
4.995149514951494893e+02 6.502777683548190398e+05
4.995649564956495396e+02 6.542355100418360671e+05
4.996149614961495899e+02 6.452383483485752949e+05
4.996649664966496402e+02 6.504843102257546270e+05
4.997149714971496905e+02 6.220960121782296337e+05
4.997649764976497408e+02 6.192392734603669960e+05
4.998149814981497912e+02 6.336737031624250812e+05
4.998649864986498415e+02 6.127702475264630048e+05
4.999149914991498918e+02 6.101059882458389038e+05
4.999649964996499421e+02 6.034721392581341788e+05
5.000150015001499924e+02 5.960736327481012559e+05
5.000650065006500427e+02 5.790211189734599320e+05
5.001150115011500930e+02 6.040338090615780093e+05
5.001650165016501433e+02 5.839158055991091533e+05
5.002150215021501936e+02 5.775983864120312501e+05
5.002650265026502439e+02 5.547571688263241667e+05
5.003150315031502942e+02 5.579525351702840999e+05
5.003650365036503445e+02 5.829631015915110474e+05
5.004150415041503948e+02 5.803938087521874113e+05
5.004650465046504451e+02 5.461522025599110639e+05
5.005150515051504954e+02 5.372492063445725944e+05
5.005650565056505457e+02 5.734723032697673189e+05
5.006150615061505960e+02 5.530972464660283877e+05
5.006650665066506463e+02 5.230379067490232410e+05
5.007150715071506966e+02 5.195370310888362583e+05
5.007650765076507469e+02 5.551983287721920060e+05
5.008150815081507972e+02 5.519515490931561217e+05
5.008650865086508475e+02 5.179589825946012861e+05
5.009150915091508978e+02 5.284099488447646145e+05
5.009650965096509481e+02 5.401090479100400116e+05
5.010151015101509984e+02 4.995665522769293166e+05
5.010651065106510487e+02 5.278908924375494244e+05
5.011151115111510990e+02 5.340395642274396960e+05
5.011651165116511493e+02 5.049925408574836911e+05
5.012151215121511996e+02 5.223906895949351019e+05
5.012651265126512499e+02 5.171308856348213740e+05
5.013151315131513002e+02 5.101713319351748796e+05
5.013651365136513505e+02 4.961589263353190618e+05
5.014151415141514008e+02 5.120889353132646065e+05
5.014651465146514511e+02 5.079091843630244839e+05
5.015151515151515014e+02 4.916927198550373432e+05
5.015651565156515517e+02 5.342112386456565000e+05
5.016151615161516020e+02 5.091059723718124442e+05
5.016651665166516523e+02 5.096232170424311771e+05
5.017151715171517026e+02 5.367010720192756271e+05
5.017651765176517529e+02 4.933016616756594740e+05
5.018151815181518032e+02 5.276632807872467674e+05
5.018651865186518535e+02 5.204743687135162763e+05
5.019151915191519038e+02 4.994957838039175840e+05
5.019651965196519541e+02 5.355555479717061389e+05
5.020152015201520044e+02 5.315473303485073848e+05
5.020652065206520547e+02 4.938413885618550121e+05
5.021152115211521050e+02 5.130172766060601571e+05
5.021652165216521553e+02 5.353257980803025421e+05
5.022152215221522056e+02 5.287026669402183034e+05
5.022652265226522559e+02 5.104276538635792094e+05
5.023152315231523062e+02 5.033411030778358108e+05
5.023652365236523565e+02 5.038353622284459998e+05
5.024152415241524068e+02 5.257541603088227566e+05
5.024652465246524571e+02 5.148176579506720882e+05
5.025152515251525074e+02 5.343916454000844387e+05
5.025652565256525577e+02 5.096183007990418701e+05
5.026152615261526080e+02 4.985488510691956035e+05
5.026652665266526583e+02 4.982664434709480265e+05
5.027152715271527086e+02 5.144086246178079746e+05
5.027652765276527589e+02 5.029285943947519991e+05
5.028152815281528092e+02 5.216687373012754833e+05
5.028652865286528595e+02 5.006264062098396244e+05
5.029152915291529098e+02 4.906256910984760034e+05
5.029652965296529601e+02 5.012458841111020301e+05
5.030153015301530104e+02 5.295025781465517357e+05
5.030653065306530607e+02 5.105579382030280540e+05
5.031153115311531110e+02 5.014087764122660155e+05
5.031653165316531613e+02 4.910682892423484009e+05
5.032153215321532116e+02 4.981967472519678995e+05
5.032653265326532619e+02 5.152332290308616939e+05
5.033153315331533122e+02 5.050972429127143114e+05
5.033653365336533625e+02 4.878615500270767952e+05
5.034153415341534128e+02 5.259556386955083581e+05
5.034653465346534631e+02 5.142809330703737796e+05
5.035153515351535134e+02 5.067705811778515344e+05
5.035653565356535637e+02 5.179255870895530679e+05
5.036153615361536140e+02 5.069864044072437682e+05
5.036653665366536643e+02 4.964897615822543157e+05
5.037153715371537146e+02 5.243130847844039090e+05
5.037653765376537649e+02 5.106905311667399365e+05
5.038153815381538152e+02 5.072481142945460160e+05
5.038653865386538655e+02 5.186387456900818506e+05
5.039153915391539158e+02 5.360038501027850434e+05
5.039653965396539661e+02 5.070535327329646680e+05
5.040154015401540164e+02 5.339994703275115462e+05
5.040654065406540667e+02 4.908699224668168463e+05
5.041154115411541170e+02 4.987567878846442909e+05
5.041654165416541673e+02 5.064892098703526426e+05
5.042154215421542176e+02 5.372899795295752119e+05
5.042654265426542679e+02 5.313135446751913987e+05
5.043154315431543182e+02 5.157256698671835475e+05
5.043654365436543685e+02 4.908335770825550426e+05
5.044154415441544188e+02 5.238150242678241339e+05
5.044654465446544691e+02 5.236385095357998507e+05
5.045154515451545194e+02 5.160538465902499156e+05
5.045654565456545697e+02 5.037810589861455373e+05
5.046154615461546200e+02 5.296579139755853685e+05
5.046654665466546703e+02 5.213322277319081477e+05
5.047154715471547206e+02 4.997648969381057541e+05
5.047654765476547709e+02 5.318442971232965356e+05
5.048154815481548212e+02 4.882129308898516465e+05
5.048654865486548715e+02 5.008827012033641804e+05
5.049154915491549218e+02 5.313031926312200958e+05
5.049654965496549721e+02 5.036701361120317597e+05
5.050155015501550224e+02 5.179123276437163004e+05
5.050655065506550727e+02 4.919713839412954985e+05
5.051155115511551230e+02 5.051855658435629448e+05
5.051655165516551733e+02 4.929731575796573889e+05
5.052155215521552236e+02 5.064363987133668852e+05
5.052655265526552739e+02 5.373335913580741035e+05
5.053155315531553242e+02 4.998155527368042967e+05
5.053655365536553745e+02 5.205631800617362023e+05
5.054155415541554248e+02 5.272081340777040459e+05
5.054655465546554751e+02 4.909506848264051951e+05
5.055155515551555254e+02 4.925560799716815818e+05
5.055655565556555757e+02 5.057096094370364444e+05
5.056155615561556260e+02 4.875971585356351570e+05
5.056655665566556763e+02 5.070945852847003844e+05
5.057155715571557266e+02 4.885216185449284967e+05
5.057655765576557769e+02 4.907893212102245307e+05
5.058155815581558272e+02 5.024332894208727521e+05
5.058655865586558775e+02 4.918816757186218747e+05
5.059155915591559278e+02 4.963230729787050514e+05
5.059655965596559781e+02 5.043724283575806185e+05
5.060156015601560284e+02 4.969436168960200157e+05
5.060656065606560787e+02 5.023256668651137152e+05
5.061156115611561290e+02 5.314279143364615738e+05
5.061656165616561793e+02 4.883019552546857158e+05
5.062156215621562296e+02 4.930222890672904905e+05
5.062656265626562799e+02 5.351035207949543837e+05
5.063156315631563302e+02 5.140798986608885461e+05
5.063656365636563805e+02 5.180036152610600111e+05
5.064156415641564308e+02 5.131233527963437955e+05
5.064656465646564811e+02 5.115467198145506554e+05
5.065156515651565314e+02 5.227613673935215338e+05
5.065656565656565817e+02 4.874492209529492538e+05
5.066156615661566320e+02 4.945684396061903099e+05
5.066656665666566823e+02 4.978551137168068090e+05
5.067156715671567326e+02 5.061011287054015556e+05
5.067656765676567829e+02 5.279134464544849470e+05
5.068156815681568332e+02 4.931526725098759052e+05
5.068656865686568835e+02 4.959945400413432508e+05
5.069156915691569338e+02 5.060637725620846031e+05
5.069656965696569841e+02 5.262279201657925732e+05
5.070157015701570344e+02 4.980479620312675252e+05
5.070657065706570847e+02 4.976388821246374864e+05
5.071157115711571350e+02 4.899073075007825391e+05
5.071657165716571853e+02 5.335069226036636392e+05
5.072157215721572356e+02 5.271567330177247059e+05
5.072657265726572859e+02 4.875889972359081148e+05
5.073157315731573362e+02 5.309164236956593813e+05
5.073657365736573865e+02 4.997109971365986858e+05
5.074157415741574368e+02 5.310354665988768684e+05
5.074657465746574871e+02 5.114169617987161037e+05
5.075157515751575374e+02 5.117654470360937994e+05
5.075657565756575877e+02 5.185866046402741340e+05
5.076157615761576380e+02 5.206562082871554885e+05
5.076657665766576883e+02 5.142828151787025854e+05
5.077157715771577386e+02 5.297393760284709278e+05
5.077657765776577889e+02 4.991063200460721855e+05
5.078157815781578392e+02 5.371308996566047426e+05
5.078657865786578895e+02 5.086211974803189514e+05
5.079157915791579399e+02 5.263951648435017560e+05
5.079657965796579902e+02 5.074464970057994942e+05
5.080158015801580405e+02 5.099557866970350151e+05
5.080658065806580908e+02 4.999511826524516218e+05
5.081158115811581411e+02 4.987937456926305895e+05
5.081658165816581914e+02 5.123687819519743207e+05
5.082158215821582417e+02 4.996210545037933625e+05
5.082658265826582920e+02 5.307722545753776794e+05
5.083158315831583423e+02 5.252269887711930787e+05
5.083658365836583926e+02 5.014836568881104467e+05
5.084158415841584429e+02 5.067347261401135474e+05
5.084658465846584932e+02 5.014073712429814041e+05
5.085158515851585435e+02 4.990821613636511611e+05
5.085658565856585938e+02 4.955140702166288975e+05
5.086158615861586441e+02 5.234529644770274172e+05
5.086658665866586944e+02 5.188328379197533941e+05
5.087158715871587447e+02 5.136383724305668729e+05
5.087658765876587950e+02 5.202644929440028500e+05
5.088158815881588453e+02 5.011285009253696771e+05
5.088658865886588956e+02 5.148530557930657524e+05
5.089158915891589459e+02 5.093395081448086421e+05
5.089658965896589962e+02 5.006819946454986930e+05
5.090159015901590465e+02 4.926428084438216756e+05
5.090659065906590968e+02 4.933764878849607776e+05
5.091159115911591471e+02 5.378483368316887645e+05
5.091659165916591974e+02 5.145166521560400142e+05
5.092159215921592477e+02 5.073406707049546530e+05
5.092659265926592980e+02 5.174335299643165781e+05
5.093159315931593483e+02 4.922312636030726135e+05
5.093659365936593986e+02 5.240796421910855570e+05
5.094159415941594489e+02 5.300686154953088844e+05
5.094659465946594992e+02 4.947460481673955219e+05
5.095159515951595495e+02 5.315115795075658243e+05
5.095659565956595998e+02 5.222889222990903072e+05
5.096159615961595932e+02 4.973724371474499931e+05
5.096659665966596435e+02 5.328747603906550212e+05
5.097159715971596938e+02 5.124400832947444287e+05
5.097659765976597441e+02 5.257089706903757760e+05
5.098159815981597944e+02 4.987530733878058963e+05
5.098659865986598447e+02 5.378766788496493828e+05
5.099159915991598950e+02 5.195598024530659895e+05
5.099659965996599453e+02 5.316740818051658571e+05
5.100160016001599956e+02 5.001967215526045766e+05
5.100660066006600459e+02 5.042785413483434822e+05
5.101160116011600962e+02 5.162128779297034489e+05
5.101660166016601465e+02 4.889743702717986889e+05
5.102160216021601968e+02 5.153100674491458922e+05
5.102660266026602471e+02 4.929825422058049007e+05
5.103160316031602974e+02 5.076427443762280745e+05
5.103660366036603477e+02 4.998076207685442059e+05
5.104160416041603980e+02 5.182655239210932050e+05
5.104660466046604483e+02 5.310192013844009489e+05
5.105160516051604986e+02 4.921221962427232065e+05
5.105660566056605489e+02 5.110004729424060206e+05
5.106160616061605992e+02 5.285795204574820818e+05
5.106660666066606495e+02 4.933312201879588538e+05
5.107160716071606998e+02 5.349227207431924762e+05
5.107660766076607501e+02 5.294199827302631456e+05
5.108160816081608004e+02 4.931944073444412788e+05
5.108660866086608507e+02 5.327189260839445051e+05
5.109160916091609010e+02 4.974130228904119576e+05
5.109660966096609513e+02 4.975277255080502364e+05
5.110161016101610016e+02 5.143146753847120563e+05
5.110661066106610519e+02 5.183302142602184904e+05
5.111161116111611022e+02 4.929177769401434343e+05
5.111661166116611525e+02 5.320253325019805925e+05
5.112161216121612028e+02 5.016355713245490915e+05
5.112661266126612531e+02 4.911796494320121710e+05
5.113161316131613034e+02 5.191004477501477231e+05
5.113661366136613537e+02 5.089118166500275838e+05
5.114161416141614040e+02 5.051943641547518782e+05
5.114661466146614544e+02 5.191314397298612166e+05
5.115161516151615047e+02 5.174089639838007279e+05
5.115661566156615550e+02 5.098039438887510332e+05
5.116161616161616053e+02 5.136396788438922376e+05
5.116661666166616556e+02 4.940204900747762294e+05
5.117161716171617059e+02 5.159396693316798774e+05
5.117661766176617562e+02 4.999651737200582284e+05
5.118161816181618065e+02 4.898543180433296366e+05
5.118661866186618568e+02 5.284193116610874422e+05
5.119161916191619071e+02 5.160870915992280352e+05
5.119661966196619574e+02 4.987151877258862369e+05
5.120162016201620645e+02 5.127804997746148729e+05
5.120662066206621148e+02 5.225459735888685100e+05
5.121162116211621651e+02 5.044486782039666432e+05
5.121662166216622154e+02 5.136251374765004148e+05
5.122162216221622657e+02 5.240084441350806155e+05
5.122662266226623160e+02 5.218128399222472217e+05
5.123162316231623663e+02 4.868726527153570787e+05
5.123662366236624166e+02 4.921827606288056122e+05
5.124162416241624669e+02 5.314378201934755780e+05
5.124662466246625172e+02 5.315504186488187406e+05
5.125162516251625675e+02 5.112406770541415317e+05
5.125662566256626178e+02 5.083122568624251289e+05
5.126162616261626681e+02 4.986361710068813991e+05
5.126662666266627184e+02 5.178321345428228960e+05
5.127162716271627687e+02 5.220477047835041885e+05
5.127662766276628190e+02 5.110329046827064594e+05
5.128162816281628693e+02 4.980090521239181980e+05
5.128662866286629196e+02 5.004794050903189927e+05
5.129162916291629699e+02 5.298397393318600953e+05
5.129662966296630202e+02 5.348981413519033231e+05
5.130163016301630705e+02 5.143085405477975728e+05
5.130663066306631208e+02 5.062932301856274717e+05
5.131163116311631711e+02 5.182820171515060356e+05
5.131663166316632214e+02 5.247288592592999339e+05
5.132163216321632717e+02 5.200064167024774943e+05
5.132663266326633220e+02 5.023427494448258076e+05
5.133163316331633723e+02 4.914866836008981336e+05
5.133663366336634226e+02 4.913429463809031877e+05
5.134163416341634729e+02 5.259096236837594770e+05
5.134663466346635232e+02 5.268188017753489548e+05
5.135163516351635735e+02 4.964226444537133211e+05
5.135663566356636238e+02 5.214412863679755246e+05
5.136163616361636741e+02 5.314349707096895436e+05
5.136663666366637244e+02 5.200824178275357699e+05
5.137163716371637747e+02 5.093717039431855083e+05
5.137663766376638250e+02 5.127648621509638615e+05
5.138163816381638753e+02 5.200295385313777369e+05
5.138663866386639256e+02 4.977043411842550267e+05
5.139163916391639759e+02 5.080815302074713400e+05
5.139663966396640262e+02 4.910725072859759675e+05
5.140164016401640765e+02 5.173162513682072749e+05
5.140664066406641268e+02 4.945421360675285687e+05
5.141164116411641771e+02 4.917985892784242169e+05
5.141664166416642274e+02 5.282577392214307329e+05
5.142164216421642777e+02 5.264609735316584120e+05
5.142664266426643280e+02 5.255143884558457648e+05
5.143164316431643783e+02 5.050097315999417333e+05
5.143664366436643149e+02 5.251728271325926762e+05
5.144164416441643652e+02 5.330196290143430233e+05
5.144664466446644155e+02 5.230155673109753407e+05
5.145164516451644658e+02 5.278627654424435459e+05
5.145664566456645161e+02 4.932955635961837252e+05
5.146164616461645664e+02 4.886007657111702720e+05
5.146664666466646167e+02 4.915241672065925086e+05
5.147164716471646670e+02 5.378127631777917268e+05
5.147664766476647173e+02 5.097650519178360701e+05
5.148164816481647676e+02 5.241259695120794931e+05
5.148664866486648179e+02 5.123893156245931750e+05
5.149164916491648682e+02 5.291324042179774260e+05
5.149664966496649186e+02 5.354981712626526132e+05
5.150165016501649689e+02 5.045577696288246079e+05
5.150665066506650192e+02 5.034802137723079650e+05
5.151165116511650695e+02 4.944427812511747470e+05
5.151665166516651198e+02 5.061335332220776472e+05
5.152165216521651701e+02 5.374792172644664533e+05
5.152665266526652204e+02 5.109966720738388249e+05
5.153165316531652707e+02 5.087653598550411407e+05
5.153665366536653210e+02 4.934306846616014373e+05
5.154165416541653713e+02 5.000076657792335609e+05
5.154665466546654216e+02 5.368506749306150014e+05
5.155165516551654719e+02 5.364198215675653191e+05
5.155665566556655222e+02 4.953226800125289592e+05
5.156165616561655725e+02 5.228027529631853104e+05
5.156665666566656228e+02 4.949678993568870355e+05
5.157165716571656731e+02 5.288658306792167714e+05
5.157665766576657234e+02 5.085383878574996488e+05
5.158165816581657737e+02 4.960606959596942761e+05
5.158665866586658240e+02 5.047973656350367237e+05
5.159165916591658743e+02 4.935012352988385246e+05
5.159665966596659246e+02 5.033774241757718264e+05
5.160166016601659749e+02 4.960204809615736012e+05
5.160666066606660252e+02 5.059058576457756571e+05
5.161166116611660755e+02 4.980844790375729790e+05
5.161666166616661258e+02 4.871256816194289131e+05
5.162166216621661761e+02 5.082117038013472338e+05
5.162666266626662264e+02 5.190535390427019447e+05
5.163166316631662767e+02 5.077246738446283271e+05
5.163666366636663270e+02 4.894946505795197445e+05
5.164166416641663773e+02 5.255412648244326701e+05
5.164666466646664276e+02 4.881018723786376650e+05
5.165166516651664779e+02 5.135080797107354156e+05
5.165666566656665282e+02 5.025260008237205911e+05
5.166166616661665785e+02 5.112735882783927955e+05
5.166666666666666288e+02 5.325143037664123112e+05
5.167166716671666791e+02 5.123269913084997097e+05
5.167666766676667294e+02 4.935489181842976832e+05
5.168166816681667797e+02 5.200223727176749380e+05
5.168666866686668300e+02 4.898257418465141673e+05
5.169166916691668803e+02 5.005360227871955140e+05
5.169666966696669306e+02 5.223700007117523346e+05
5.170167016701669809e+02 5.213303376343714772e+05
5.170667066706670312e+02 4.911259078459241427e+05
5.171167116711670815e+02 4.981406622628915356e+05
5.171667166716671318e+02 5.279811326997252181e+05
5.172167216721671821e+02 5.060379917074333061e+05
5.172667266726672324e+02 5.032808019929692964e+05
5.173167316731672827e+02 4.925031374420579523e+05
5.173667366736673330e+02 5.228945647857029107e+05
5.174167416741673833e+02 5.181338766281259595e+05
5.174667466746674336e+02 5.338690637723847758e+05
5.175167516751674839e+02 5.142094208325790823e+05
5.175667566756675342e+02 5.140803860438957345e+05
5.176167616761675845e+02 5.238118439585655578e+05
5.176667666766676348e+02 4.933796760198703269e+05
5.177167716771676851e+02 5.109134514630310587e+05
5.177667766776677354e+02 5.166603011284617241e+05
5.178167816781677857e+02 5.358594203661490465e+05
5.178667866786678360e+02 5.270283029891715851e+05
5.179167916791678863e+02 5.124507035635077627e+05
5.179667966796679366e+02 5.073377721181873931e+05
5.180168016801679869e+02 5.231115584162611631e+05
5.180668066806680372e+02 5.158226779699675972e+05
5.181168116811680875e+02 5.332323784433148103e+05
5.181668166816681378e+02 5.044565264101788052e+05
5.182168216821681881e+02 4.959856546519353287e+05
5.182668266826682384e+02 4.884525878788948758e+05
5.183168316831682887e+02 4.904443585805462790e+05
5.183668366836683390e+02 5.152427578029491124e+05
5.184168416841683893e+02 5.078107284452232416e+05
5.184668466846684396e+02 5.002275405115718022e+05
5.185168516851684899e+02 5.362297686268412508e+05
5.185668566856685402e+02 4.975598639180068276e+05
5.186168616861685905e+02 5.203867523468988948e+05
5.186668666866686408e+02 4.927875879887625342e+05
5.187168716871686911e+02 5.228490907745503355e+05
5.187668766876687414e+02 5.037447773640460218e+05
5.188168816881687917e+02 5.067703721126922756e+05
5.188668866886688420e+02 5.120243849482238293e+05
5.189168916891688923e+02 4.908583392727291794e+05
5.189668966896689426e+02 5.207263244293848402e+05
5.190169016901689929e+02 4.963302005598687683e+05
5.190669066906690432e+02 5.225954264924623421e+05
5.191169116911690935e+02 5.144002052323228563e+05
5.191669166916691438e+02 5.173850586905205855e+05
5.192169216921691941e+02 5.241641900239369133e+05
5.192669266926692444e+02 5.379553302093335660e+05
5.193169316931692947e+02 5.112949352500868263e+05
5.193669366936693450e+02 5.034785524521799525e+05
5.194169416941693953e+02 5.253387942403862253e+05
5.194669466946694456e+02 5.071145929406912182e+05
5.195169516951694959e+02 5.204993016972778132e+05
5.195669566956695462e+02 5.368179751093256054e+05
5.196169616961695965e+02 5.268360412137903040e+05
5.196669666966696468e+02 5.035692978200514917e+05
5.197169716971696971e+02 5.041401401896270690e+05
5.197669766976697474e+02 4.961076234166606446e+05
5.198169816981697977e+02 4.941408915635173325e+05
5.198669866986698480e+02 5.349715050355207641e+05
5.199169916991698983e+02 5.017106260703323060e+05
5.199669966996699486e+02 4.986895276239921805e+05
5.200170017001699989e+02 5.128755350256282254e+05
5.200670067006700492e+02 5.050019964499092894e+05
5.201170117011700995e+02 5.301855177009670297e+05
5.201670167016701498e+02 4.921696701871295809e+05
5.202170217021702001e+02 5.120184295114632114e+05
5.202670267026702504e+02 5.370764495072105201e+05
5.203170317031703007e+02 5.217252288829835597e+05
5.203670367036703510e+02 5.282338309452629182e+05
5.204170417041704013e+02 5.081130130648094928e+05
5.204670467046704516e+02 5.318934625425064005e+05
5.205170517051705019e+02 5.164972996435161331e+05
5.205670567056705522e+02 5.275905467003076337e+05
5.206170617061706025e+02 5.220916969977266272e+05
5.206670667066706528e+02 5.157712803105586790e+05
5.207170717071707031e+02 4.955179786369441426e+05
5.207670767076707534e+02 5.324150545617830940e+05
5.208170817081708037e+02 5.150336556751753087e+05
5.208670867086708540e+02 5.337148927883859724e+05
5.209170917091709043e+02 5.021687022926324862e+05
5.209670967096709546e+02 5.312492857666347409e+05
5.210171017101710049e+02 4.998928257184355753e+05
5.210671067106710552e+02 5.039645060966720921e+05
5.211171117111711055e+02 5.047542877161625074e+05
5.211671167116711558e+02 5.310892567264863756e+05
5.212171217121712061e+02 5.007200932593647740e+05
5.212671267126712564e+02 5.372220276191798039e+05
5.213171317131713067e+02 5.267314375500691822e+05
5.213671367136713570e+02 5.150351168487534742e+05
5.214171417141714073e+02 5.031364600662827725e+05
5.214671467146714576e+02 4.949779630852178088e+05
5.215171517151715079e+02 5.240815297652036534e+05
5.215671567156715582e+02 5.291201415600806940e+05
5.216171617161716085e+02 4.989473874335945584e+05
5.216671667166716588e+02 4.911622606408786378e+05
5.217171717171717091e+02 4.933357927162457490e+05
5.217671767176717594e+02 5.266626730043770513e+05
5.218171817181718097e+02 5.117276578541832278e+05
5.218671867186718600e+02 4.961915034776428947e+05
5.219171917191719103e+02 5.116523667144599603e+05
5.219671967196719606e+02 5.106849959219995071e+05
5.220172017201720109e+02 5.308557757415191736e+05
5.220672067206720612e+02 5.331574377303606598e+05
5.221172117211721115e+02 5.143722294725520769e+05
5.221672167216721618e+02 4.970740373687132378e+05
5.222172217221722121e+02 4.875471964914257987e+05
5.222672267226722624e+02 4.956333952349971514e+05
5.223172317231723127e+02 5.010655124928728328e+05
5.223672367236723630e+02 5.103622479617444915e+05
5.224172417241724133e+02 4.875165501524155261e+05
5.224672467246724636e+02 5.025026859659503098e+05
5.225172517251725139e+02 4.979271151308861445e+05
5.225672567256725642e+02 5.341561302555958973e+05
5.226172617261726145e+02 4.999098479321596096e+05
5.226672667266726648e+02 5.287800803640269442e+05
5.227172717271727151e+02 4.898980757990880520e+05
5.227672767276727654e+02 5.278098574443133548e+05
5.228172817281728157e+02 4.920107095129219815e+05
5.228672867286728660e+02 5.180395409022491658e+05
5.229172917291729163e+02 4.993181861207535840e+05
5.229672967296729666e+02 5.355857140225695912e+05
5.230173017301730169e+02 4.954438458092500223e+05
5.230673067306730672e+02 5.132111536897921469e+05
5.231173117311731176e+02 5.099623223957185401e+05
5.231673167316731679e+02 5.223743343354150420e+05
5.232173217321732182e+02 5.358154881419074954e+05
5.232673267326732685e+02 4.950805241993982927e+05
5.233173317331733188e+02 4.939796664387549972e+05
5.233673367336733691e+02 5.192665556501919054e+05
5.234173417341734194e+02 5.238356008123956271e+05
5.234673467346734697e+02 5.212706897532854346e+05
5.235173517351735200e+02 5.177426059595529223e+05
5.235673567356735703e+02 5.315878044914921047e+05
5.236173617361736206e+02 4.878974568211531150e+05
5.236673667366736709e+02 5.025663658552831621e+05
5.237173717371737212e+02 4.997278215252233786e+05
5.237673767376737715e+02 4.907215609102208400e+05
5.238173817381738218e+02 5.238192516739102430e+05
5.238673867386738721e+02 5.254970397846671985e+05
5.239173917391739224e+02 5.237976235456643626e+05
5.239673967396739727e+02 5.271484306159359403e+05
5.240174017401740230e+02 4.993739806391351740e+05
5.240674067406740733e+02 4.983215366393553559e+05
5.241174117411741236e+02 5.209445252676379750e+05
5.241674167416741739e+02 5.187523028723061434e+05
5.242174217421742242e+02 4.915089170256687212e+05
5.242674267426742745e+02 5.223231268201762578e+05
5.243174317431743248e+02 5.074190618542371667e+05
5.243674367436743751e+02 4.895527883981654886e+05
5.244174417441744254e+02 5.023831441573251504e+05
5.244674467446744757e+02 5.132764481723764329e+05
5.245174517451745260e+02 5.077071424719632487e+05
5.245674567456745763e+02 5.379167581594130024e+05
5.246174617461746266e+02 5.100645265541608678e+05
5.246674667466746769e+02 4.951837563079475658e+05
5.247174717471747272e+02 5.114424071369480225e+05
5.247674767476747775e+02 5.071761807443133439e+05
5.248174817481748278e+02 5.069179178914949298e+05
5.248674867486748781e+02 5.297852492977024522e+05
5.249174917491749284e+02 5.201034335215777392e+05
5.249674967496749787e+02 5.260583273691363866e+05
5.250175017501750290e+02 5.124885500795202097e+05
5.250675067506750793e+02 5.292242083514777478e+05
5.251175117511751296e+02 4.924096435599749093e+05
5.251675167516751799e+02 5.313396539033466252e+05
5.252175217521752302e+02 5.345508370012412779e+05
5.252675267526752805e+02 4.995692325451880461e+05
5.253175317531753308e+02 5.212841714886141126e+05
5.253675367536753811e+02 5.115568228497232776e+05
5.254175417541754314e+02 5.270138625903934008e+05
5.254675467546754817e+02 5.251002681276180083e+05
5.255175517551755320e+02 5.143363467192690005e+05
5.255675567556755823e+02 4.880821121754613123e+05
5.256175617561756326e+02 5.363379261316878255e+05
5.256675667566756829e+02 4.943697750704819919e+05
5.257175717571757332e+02 5.309899850595708704e+05
5.257675767576757835e+02 5.074271739962526481e+05
5.258175817581758338e+02 5.295819163614215795e+05
5.258675867586758841e+02 4.893124215739594074e+05
5.259175917591759344e+02 5.325045055418091360e+05
5.259675967596759847e+02 5.023826367964033270e+05
5.260176017601760350e+02 4.906644728415148566e+05
5.260676067606760853e+02 5.024882391452780575e+05
5.261176117611761356e+02 5.098410661461340496e+05
5.261676167616761859e+02 4.997310553566144081e+05
5.262176217621762362e+02 5.034458661397583201e+05
5.262676267626762865e+02 4.946719605357169639e+05
5.263176317631763368e+02 5.172212657240095432e+05
5.263676367636763871e+02 5.196539005989001598e+05
5.264176417641764374e+02 4.947495010682987049e+05
5.264676467646764877e+02 5.240820617751581594e+05
5.265176517651765380e+02 5.342577193767125718e+05
5.265676567656765883e+02 4.981012732528210618e+05
5.266176617661766386e+02 4.996146374154590885e+05
5.266676667666766889e+02 5.052949788054084638e+05
5.267176717671767392e+02 5.051014363406279590e+05
5.267676767676767895e+02 5.222003351896682871e+05
5.268176817681768398e+02 5.101768395409138175e+05
5.268676867686768901e+02 5.152723799828378251e+05
5.269176917691769404e+02 5.220096248124828562e+05
5.269676967696769907e+02 5.224929001252485905e+05
5.270177017701770410e+02 4.931912766508656787e+05
5.270677067706770913e+02 4.971550519338052836e+05
5.271177117711771416e+02 5.340034298794018105e+05
5.271677167716771919e+02 4.987910329793153214e+05
5.272177217721772422e+02 4.984573040100320941e+05
5.272677267726772925e+02 5.190620768042738782e+05
5.273177317731773428e+02 5.203188250897565158e+05
5.273677367736773931e+02 4.954324206751249731e+05
5.274177417741774434e+02 5.096083500606816960e+05
5.274677467746774937e+02 5.107557951801092131e+05
5.275177517751775440e+02 5.366148725970708765e+05
5.275677567756775943e+02 5.373973103704750538e+05
5.276177617761776446e+02 5.053766647869138396e+05
5.276677667766776949e+02 4.906395067306222627e+05
5.277177717771777452e+02 4.918117986599206342e+05
5.277677767776777955e+02 5.294170963491789298e+05
5.278177817781778458e+02 5.100175885946616181e+05
5.278677867786778961e+02 5.007729963105728384e+05
5.279177917791779464e+02 4.985840975061675417e+05
5.279677967796779967e+02 5.076995010307319462e+05
5.280178017801780470e+02 5.106959478840002557e+05
5.280678067806780973e+02 4.868982133073342848e+05
5.281178117811781476e+02 5.129661052716776030e+05
5.281678167816781979e+02 5.326601715320491930e+05
5.282178217821782482e+02 5.247967165383900283e+05
5.282678267826782985e+02 5.370197104034823133e+05
5.283178317831783488e+02 5.260450981278516119e+05
5.283678367836783991e+02 5.128141636043491890e+05
5.284178417841784494e+02 5.046989667036318569e+05
5.284678467846784997e+02 4.993772186649814830e+05
5.285178517851785500e+02 4.911174602398543502e+05
5.285678567856786003e+02 5.258390492968831677e+05
5.286178617861786506e+02 4.950204964314854005e+05
5.286678667866785872e+02 4.966663695376064861e+05
5.287178717871786375e+02 5.014821397742740810e+05
5.287678767876786878e+02 5.172899786135240574e+05
5.288178817881787381e+02 5.327342431321854237e+05
5.288678867886787884e+02 5.221852722421617946e+05
5.289178917891788387e+02 4.925673458751602448e+05
5.289678967896788890e+02 5.285692316466710763e+05
5.290179017901789393e+02 5.173293098585071275e+05
5.290679067906789896e+02 5.374440626451307908e+05
5.291179117911790399e+02 5.174612808093149215e+05
5.291679167916790902e+02 5.193688430794634623e+05
5.292179217921791405e+02 4.990254804799135891e+05
5.292679267926791908e+02 5.239302332663683919e+05
5.293179317931792411e+02 5.309160499943441246e+05
5.293679367936792914e+02 5.251991150388923706e+05
5.294179417941793417e+02 5.014888892324062763e+05
5.294679467946793920e+02 4.977183473586800392e+05
5.295179517951794423e+02 5.090052919014357030e+05
5.295679567956794926e+02 5.086165557478111004e+05
5.296179617961795429e+02 5.028625794238406233e+05
5.296679667966795932e+02 4.965200593669282389e+05
5.297179717971796435e+02 5.322201438117503421e+05
5.297679767976796938e+02 4.907886011902340688e+05
5.298179817981797441e+02 4.952920439373792033e+05
5.298679867986797944e+02 4.991677733237190405e+05
5.299179917991798447e+02 4.983301418560507009e+05
5.299679967996798950e+02 5.094399682808234356e+05
5.300180018001799453e+02 5.343260794533253647e+05
5.300680068006799956e+02 5.098492770272879279e+05
5.301180118011800459e+02 5.192936253843958839e+05
5.301680168016800963e+02 4.911665741118207807e+05
5.302180218021801466e+02 5.073560924870254239e+05
5.302680268026801969e+02 4.896543307899317588e+05
5.303180318031802472e+02 5.197439060253058560e+05
5.303680368036802975e+02 5.355015565287156496e+05
5.304180418041803478e+02 5.100677229319657781e+05
5.304680468046803981e+02 5.250363808367892634e+05
5.305180518051804484e+02 5.002512835184218129e+05
5.305680568056804987e+02 5.356349728157548234e+05
5.306180618061805490e+02 4.913210302314070286e+05
5.306680668066805993e+02 5.166948927483913139e+05
5.307180718071806496e+02 5.092809312453222810e+05
5.307680768076806999e+02 5.244738876106376993e+05
5.308180818081807502e+02 4.939223414035800961e+05
5.308680868086808005e+02 5.036991748061527614e+05
5.309180918091808508e+02 5.122027693178066984e+05
5.309680968096809011e+02 5.056349517541278619e+05
5.310181018101809514e+02 5.313698415267951787e+05
5.310681068106810017e+02 5.062376258100402774e+05
5.311181118111810520e+02 5.003986755684769014e+05
5.311681168116811023e+02 5.071004973359000869e+05
5.312181218121811526e+02 5.273151072502662428e+05
5.312681268126812029e+02 5.086604530073269852e+05
5.313181318131812532e+02 4.951193180960714235e+05
5.313681368136813035e+02 5.141688258046248811e+05
5.314181418141813538e+02 5.354186335952508962e+05
5.314681468146814041e+02 5.230133131417045370e+05
5.315181518151814544e+02 5.194716590403076261e+05
5.315681568156815047e+02 4.906938387148722541e+05
5.316181618161815550e+02 5.166971123238425353e+05
5.316681668166816053e+02 5.175863053611326031e+05
5.317181718171816556e+02 5.362420532934161602e+05
5.317681768176817059e+02 5.374473480702984380e+05
5.318181818181817562e+02 4.955780916707488359e+05
5.318681868186818065e+02 5.293680559857265325e+05
5.319181918191818568e+02 5.148434306084726704e+05
5.319681968196819071e+02 5.165884150609184871e+05
5.320182018201819574e+02 4.883441476419114042e+05
5.320682068206820077e+02 5.101208878606473445e+05
5.321182118211820580e+02 5.112350878548407927e+05
5.321682168216821083e+02 4.909131035048172926e+05
5.322182218221821586e+02 5.212033176098248223e+05
5.322682268226822089e+02 5.109561427895918605e+05
5.323182318231822592e+02 5.025892071212203591e+05
5.323682368236823095e+02 5.231094075669581653e+05
5.324182418241823598e+02 5.011887564907994238e+05
5.324682468246824101e+02 5.131278904603717965e+05
5.325182518251824604e+02 5.333396598467796575e+05
5.325682568256825107e+02 5.042148270918192575e+05
5.326182618261825610e+02 5.222068308526891051e+05
5.326682668266826113e+02 5.009864511374886497e+05
5.327182718271826616e+02 5.233873012050009565e+05
5.327682768276827119e+02 4.945406890436736867e+05
5.328182818281827622e+02 5.142210785450179246e+05
5.328682868286828125e+02 5.058343846347142244e+05
5.329182918291828628e+02 4.887272611354947439e+05
5.329682968296829131e+02 5.330051546232301043e+05
5.330183018301829634e+02 4.876383469882713398e+05
5.330683068306830137e+02 4.942169866104988032e+05
5.331183118311830640e+02 5.128976813793135225e+05
5.331683168316831143e+02 5.131185505494573154e+05
5.332183218321831646e+02 5.310015763439548900e+05
5.332683268326832149e+02 4.888636646164040430e+05
5.333183318331832652e+02 4.939590861801530700e+05
5.333683368336833155e+02 5.353200557711030124e+05
5.334183418341833658e+02 5.236676969607674400e+05
5.334683468346834161e+02 5.034748304139447282e+05
5.335183518351834664e+02 5.195609275998621597e+05
5.335683568356835167e+02 5.229710451258867397e+05
5.336183618361835670e+02 5.206288104981933138e+05
5.336683668366836173e+02 5.257683334223647835e+05
5.337183718371836676e+02 5.183833700681821792e+05
5.337683768376837179e+02 5.046298407560337801e+05
5.338183818381837682e+02 4.982117129482139135e+05
5.338683868386838185e+02 4.944190726076913415e+05
5.339183918391838688e+02 4.891528863806815352e+05
5.339683968396839191e+02 5.035085034402983147e+05
5.340184018401839694e+02 5.171053754871901474e+05
5.340684068406840197e+02 5.292850506837413413e+05
5.341184118411840700e+02 5.198172851945891161e+05
5.341684168416841203e+02 5.127139246168634272e+05
5.342184218421841706e+02 4.946204703949375544e+05
5.342684268426842209e+02 5.332313029071042547e+05
5.343184318431842712e+02 5.307474309987626038e+05
5.343684368436843215e+02 5.214036699190527434e+05
5.344184418441843718e+02 5.353005924045550637e+05
5.344684468446844221e+02 5.188580193416249822e+05
5.345184518451844724e+02 4.985689072764214943e+05
5.345684568456845227e+02 4.978126674270537333e+05
5.346184618461845730e+02 5.126636195740636322e+05
5.346684668466846233e+02 5.300881594962138915e+05
5.347184718471846736e+02 4.977012344045382342e+05
5.347684768476847239e+02 5.311569413289332297e+05
5.348184818481847742e+02 5.205804012349584373e+05
5.348684868486848245e+02 4.933440714536204468e+05
5.349184918491848748e+02 5.058905328539555194e+05
5.349684968496849251e+02 4.946377404930553166e+05
5.350185018501849754e+02 5.306870502157809678e+05
5.350685068506850257e+02 5.180098471389394253e+05
5.351185118511850760e+02 4.986711013039608952e+05
5.351685168516851263e+02 5.230948541562436731e+05
5.352185218521851766e+02 5.305101937278364785e+05
5.352685268526852269e+02 4.934387256746711209e+05
5.353185318531852772e+02 5.329449390017634723e+05
5.353685368536853275e+02 5.047688890323488740e+05
5.354185418541853778e+02 5.265089173580673523e+05
5.354685468546854281e+02 5.377303346426874632e+05
5.355185518551854784e+02 5.135670393907882390e+05
5.355685568556855287e+02 5.134581987235841807e+05
5.356185618561855790e+02 5.192906412132071564e+05
5.356685668566856293e+02 5.267741182913682424e+05
5.357185718571856796e+02 5.019892672861372121e+05
5.357685768576857299e+02 5.167707504497787450e+05
5.358185818581857802e+02 4.867870970753650181e+05
5.358685868586858305e+02 5.252758926312996773e+05
5.359185918591858808e+02 5.082003498280328349e+05
5.359685968596859311e+02 5.250952121056878241e+05
5.360186018601859814e+02 4.880127244188516052e+05
5.360686068606860317e+02 4.949083088233017479e+05
5.361186118611860820e+02 5.117404607635887805e+05
5.361686168616861323e+02 5.223800896684019244e+05
5.362186218621861826e+02 5.216366817450164817e+05
5.362686268626862329e+02 5.369282818542032037e+05
5.363186318631862832e+02 5.188317518273295136e+05
5.363686368636863335e+02 5.329083813065541908e+05
5.364186418641863838e+02 4.916949761391362990e+05
5.364686468646864341e+02 4.950109899925762438e+05
5.365186518651864844e+02 5.362668220223732060e+05
5.365686568656865347e+02 4.981554866757261916e+05
5.366186618661865850e+02 5.002786433918944676e+05
5.366686668666866353e+02 5.272381047282777727e+05
5.367186718671866856e+02 5.276927417558544548e+05
5.367686768676867359e+02 5.333961667544404045e+05
5.368186818681867862e+02 5.111581333241351531e+05
5.368686868686868365e+02 5.259766034868354909e+05
5.369186918691868868e+02 5.304239781567367027e+05
5.369686968696869371e+02 5.170714819059907459e+05
5.370187018701869874e+02 5.237600409699711599e+05
5.370687068706870377e+02 5.255472071113006677e+05
5.371187118711870880e+02 5.121672885848712758e+05
5.371687168716871383e+02 5.147218008021346759e+05
5.372187218721871886e+02 5.117828468007371412e+05
5.372687268726872389e+02 4.909054721449402277e+05
5.373187318731872892e+02 5.203680083891981049e+05
5.373687368736873395e+02 5.195431351030720980e+05
5.374187418741873898e+02 5.144305045773737947e+05
5.374687468746874401e+02 5.210625802769369911e+05
5.375187518751874904e+02 5.334044019187241793e+05
5.375687568756875407e+02 5.294387868265021825e+05
5.376187618761875910e+02 5.275981956490016310e+05
5.376687668766876413e+02 5.160737609929681057e+05
5.377187718771876916e+02 5.232745809245308628e+05
5.377687768776877419e+02 5.193889308592602611e+05
5.378187818781877922e+02 5.296351815569899045e+05
5.378687868786878425e+02 5.029893388231601566e+05
5.379187918791878928e+02 4.901060407590102404e+05
5.379687968796879431e+02 5.100579721591950511e+05
5.380188018801879934e+02 5.229003773991924827e+05
5.380688068806880437e+02 5.083200968647324480e+05
5.381188118811880940e+02 5.091957771837541368e+05
5.381688168816881443e+02 4.997619567255949951e+05
5.382188218821881946e+02 5.007674161130444845e+05
5.382688268826882450e+02 5.238317866572753992e+05
5.383188318831882953e+02 4.941536663262072834e+05
5.383688368836883456e+02 5.197147040493382956e+05
5.384188418841883959e+02 5.010672562209367170e+05
5.384688468846884462e+02 5.256066628311084351e+05
5.385188518851884965e+02 5.278797866747840308e+05
5.385688568856885468e+02 5.050400579578408506e+05
5.386188618861885971e+02 5.201330673077535466e+05
5.386688668866886474e+02 5.237900906055991654e+05
5.387188718871886977e+02 4.924384893401178415e+05
5.387688768876887480e+02 5.093714291480758693e+05
5.388188818881887983e+02 5.329624639888217207e+05
5.388688868886888486e+02 5.353021151327355765e+05
5.389188918891888989e+02 4.966060323688179487e+05
5.389688968896889492e+02 4.921115812360767159e+05
5.390189018901889995e+02 4.997492659615460434e+05
5.390689068906890498e+02 5.043762197642888059e+05
5.391189118911891001e+02 5.223129341670129215e+05
5.391689168916891504e+02 4.888940686445491738e+05
5.392189218921892007e+02 5.098235656209899462e+05
5.392689268926892510e+02 5.261816982925384073e+05
5.393189318931893013e+02 5.162329872611715109e+05
5.393689368936893516e+02 5.376938522715901490e+05
5.394189418941894019e+02 5.182602864474939415e+05
5.394689468946894522e+02 5.068320532479193062e+05
5.395189518951895025e+02 5.220835042023931164e+05
5.395689568956895528e+02 4.944984109102359507e+05
5.396189618961896031e+02 5.154140583576583886e+05
5.396689668966896534e+02 5.195084045608825400e+05
5.397189718971897037e+02 4.918572731225301395e+05
5.397689768976897540e+02 4.937147971237737802e+05
5.398189818981898043e+02 5.152385356669572648e+05
5.398689868986898546e+02 4.961379215289409622e+05
5.399189918991899049e+02 4.928539083669547108e+05
5.399689968996899552e+02 4.911304885673996760e+05
5.400190019001900055e+02 4.883476499330979423e+05
5.400690069006900558e+02 5.226165406912168255e+05
5.401190119011901061e+02 5.341993910997440107e+05
5.401690169016901564e+02 5.279011775866802782e+05
5.402190219021902067e+02 5.245390421815653099e+05
5.402690269026902570e+02 5.064258694579602452e+05
5.403190319031903073e+02 4.961550720878739376e+05
5.403690369036903576e+02 5.182056264101389097e+05
5.404190419041904079e+02 5.383356851569114951e+05
5.404690469046904582e+02 5.119269956059454125e+05
5.405190519051905085e+02 5.213921113220332190e+05
5.405690569056905588e+02 5.216614328655800200e+05
5.406190619061906091e+02 5.327793268741506618e+05
5.406690669066906594e+02 5.299862249053359265e+05
5.407190719071907097e+02 5.110023013645744650e+05
5.407690769076907600e+02 5.263195679371382575e+05
5.408190819081908103e+02 5.074742859160837834e+05
5.408690869086908606e+02 5.418190253195144469e+05
5.409190919091909109e+02 5.190275499437267426e+05
5.409690969096909612e+02 5.559428639891741332e+05
5.410191019101910115e+02 5.278395867538624443e+05
5.410691069106910618e+02 5.212663589180379640e+05
5.411191119111911121e+02 5.570537972281730035e+05
5.411691169116911624e+02 5.269943975820398191e+05
5.412191219121912127e+02 5.648678191213137470e+05
5.412691269126912630e+02 5.323302061355131445e+05
5.413191319131913133e+02 5.548021359042706899e+05
5.413691369136913636e+02 5.564320805167485960e+05
5.414191419141914139e+02 5.931126440754662035e+05
5.414691469146914642e+02 5.838335229642817285e+05
5.415191519151915145e+02 5.669385713879014365e+05
5.415691569156915648e+02 5.978054282721909694e+05
5.416191619161916151e+02 6.046798848602171056e+05
5.416691669166916654e+02 6.193867539729054552e+05
5.417191719171917157e+02 6.478765952256470919e+05
5.417691769176917660e+02 6.419129562573491130e+05
5.418191819181918163e+02 6.573808893183941254e+05
5.418691869186918666e+02 6.629245650996521581e+05
5.419191919191919169e+02 6.392512819460784085e+05
5.419691969196919672e+02 6.503636007225704379e+05
5.420192019201920175e+02 6.625211976683222456e+05
5.420692069206920678e+02 6.741035041876588948e+05
5.421192119211921181e+02 7.330398203410072019e+05
5.421692169216921684e+02 7.296649434042834910e+05
5.422192219221922187e+02 7.323842890294508543e+05
5.422692269226922690e+02 7.759662433898756281e+05
5.423192319231923193e+02 7.252017599386649672e+05
5.423692369236923696e+02 8.027782900503709679e+05
5.424192419241924199e+02 8.046561905113126850e+05
5.424692469246924702e+02 7.900910246438944014e+05
5.425192519251925205e+02 8.127332749383647460e+05
5.425692569256925708e+02 8.508619525452197995e+05
5.426192619261926211e+02 8.170744464947878150e+05
5.426692669266926714e+02 8.475744173245357815e+05
5.427192719271927217e+02 8.084198457891457947e+05
5.427692769276927720e+02 8.458286241865647025e+05
5.428192819281928223e+02 8.289437431013128953e+05
5.428692869286928726e+02 8.640823992640769575e+05
5.429192919291929229e+02 8.230181025186526822e+05
5.429692969296929732e+02 8.540491444449344417e+05
5.430193019301930235e+02 8.431258885773832444e+05
5.430693069306930738e+02 8.737810464884774992e+05
5.431193119311931241e+02 8.822920420756048989e+05
5.431693169316931744e+02 8.871696189830164658e+05
5.432193219321932247e+02 8.769055304369903170e+05
5.432693269326932750e+02 8.196027521086946363e+05
5.433193319331933253e+02 8.706287818918230478e+05
5.433693369336933756e+02 8.401410973685762146e+05
5.434193419341934259e+02 8.324825018015170936e+05
5.434693469346934762e+02 8.237747533835914219e+05
5.435193519351935265e+02 7.650454114171293331e+05
5.435693569356935768e+02 7.563234206372102490e+05
5.436193619361936271e+02 7.950295688152961666e+05
5.436693669366936774e+02 7.307546935830699513e+05
5.437193719371937277e+02 7.252934574514392298e+05
5.437693769376937780e+02 7.309340511161044706e+05
5.438193819381938283e+02 7.042121089975194773e+05
5.438693869386938786e+02 7.280495348676240537e+05
5.439193919391939289e+02 6.835036404028682737e+05
5.439693969396939792e+02 6.687112784978542477e+05
5.440194019401940295e+02 6.518105624942241702e+05
5.440694069406940798e+02 6.907699837152917171e+05
5.441194119411941301e+02 6.689517771653124364e+05
5.441694169416941804e+02 6.637811509278813610e+05
5.442194219421942307e+02 6.476090462080716388e+05
5.442694269426942810e+02 6.486946477348401677e+05
5.443194319431943313e+02 6.413873605362317758e+05
5.443694369436943816e+02 6.183904194050630322e+05
5.444194419441944319e+02 6.059417402734878706e+05
5.444694469446944822e+02 5.820096792442654260e+05
5.445194519451945325e+02 5.826117980644733179e+05
5.445694569456945828e+02 5.467121261104951845e+05
5.446194619461946331e+02 5.870360258949536365e+05
5.446694669466946834e+02 5.896812469303580001e+05
5.447194719471947337e+02 5.333521093393604970e+05
5.447694769476947840e+02 5.501130452410053695e+05
5.448194819481948343e+02 5.202194361804462969e+05
5.448694869486948846e+02 5.219327749218414538e+05
5.449194919491949349e+02 5.606988107754671946e+05
5.449694969496949852e+02 5.378428169206910534e+05
5.450195019501950355e+02 5.471913286205392797e+05
5.450695069506950858e+02 5.418786828188183717e+05
5.451195119511951361e+02 5.065624727179668262e+05
5.451695169516951864e+02 5.066541352781808819e+05
5.452195219521952367e+02 5.182607106157147209e+05
5.452695269526952870e+02 5.440699714822866954e+05
5.453195319531953373e+02 5.414521380513769109e+05
5.453695369536953876e+02 5.114944469374131877e+05
5.454195419541954379e+02 5.093903361868170905e+05
5.454695469546954882e+02 5.061716319870091975e+05
5.455195519551955385e+02 5.184056491897602100e+05
5.455695569556955888e+02 4.987863924521119916e+05
5.456195619561956391e+02 5.197229071686559473e+05
5.456695669566956894e+02 5.335028471440853318e+05
5.457195719571957397e+02 5.197599530943785212e+05
5.457695769576957900e+02 5.181672859398731380e+05
5.458195819581958403e+02 4.951496184212240041e+05
5.458695869586958906e+02 4.915392907241025241e+05
5.459195919591959409e+02 5.154854866020349436e+05
5.459695969596959912e+02 5.017895546146676643e+05
5.460196019601960415e+02 4.908385730511739966e+05
5.460696069606960918e+02 5.006427186456362833e+05
5.461196119611961421e+02 5.279141998974292073e+05
5.461696169616961924e+02 4.971712990889925277e+05
5.462196219621962427e+02 5.055787528803423047e+05
5.462696269626962930e+02 4.941065843818213325e+05
5.463196319631963433e+02 5.310617801424298668e+05
5.463696369636963937e+02 4.977120883995344630e+05
5.464196419641964440e+02 5.180313617065052385e+05
5.464696469646964943e+02 5.105136877237251610e+05
5.465196519651965446e+02 4.945258519556904794e+05
5.465696569656965949e+02 5.285776891595969209e+05
5.466196619661966452e+02 5.208973168831664370e+05
5.466696669666966955e+02 5.376092358451004839e+05
5.467196719671967458e+02 5.098660910129547119e+05
5.467696769676967961e+02 5.155999499821988866e+05
5.468196819681968464e+02 5.218677146646145848e+05
5.468696869686968967e+02 5.132556653747581877e+05
5.469196919691969470e+02 5.038947637004588614e+05
5.469696969696969973e+02 5.064012818081926671e+05
5.470197019701970476e+02 4.967382494182597729e+05
5.470697069706970979e+02 4.933883453379846178e+05
5.471197119711971482e+02 5.239212982282947632e+05
5.471697169716971985e+02 4.934585610937678139e+05
5.472197219721972488e+02 4.962774310701010982e+05
5.472697269726972991e+02 5.218573438600198715e+05
5.473197319731973494e+02 5.191962228585367557e+05
5.473697369736973997e+02 5.065708110747518949e+05
5.474197419741974500e+02 4.959278869843889843e+05
5.474697469746975003e+02 5.048082410709129763e+05
5.475197519751975506e+02 5.328099473414473468e+05
5.475697569756976009e+02 5.063459169860936818e+05
5.476197619761976512e+02 5.306425118008401478e+05
5.476697669766977015e+02 5.153104165217938717e+05
5.477197719771977518e+02 4.997097828479416785e+05
5.477697769776978021e+02 5.080726585914125317e+05
5.478197819781978524e+02 5.241379478355390020e+05
5.478697869786979027e+02 4.958160895751466742e+05
5.479197919791979530e+02 5.106086390805501142e+05
5.479697969796980033e+02 4.996629008775951806e+05
5.480198019801980536e+02 5.225059964881401393e+05
5.480698069806981039e+02 5.196036421596087166e+05
5.481198119811981542e+02 4.925854977945812861e+05
5.481698169816982045e+02 4.933950472128819674e+05
5.482198219821982548e+02 4.952945904783427250e+05
5.482698269826983051e+02 4.970213799692434259e+05
5.483198319831983554e+02 4.979159580217837938e+05
5.483698369836984057e+02 5.239909490378343035e+05
5.484198419841984560e+02 4.882945963416885352e+05
5.484698469846985063e+02 5.355251508381612366e+05
5.485198519851985566e+02 5.118853114535092609e+05
5.485698569856986069e+02 5.147808166536840727e+05
5.486198619861986572e+02 4.997506933942228206e+05
5.486698669866987075e+02 5.208918600197239430e+05
5.487198719871987578e+02 5.137897218887393828e+05
5.487698769876988081e+02 5.262484853499846067e+05
5.488198819881988584e+02 5.255165528463014634e+05
5.488698869886989087e+02 4.876110013085467508e+05
5.489198919891989590e+02 4.868332557920061518e+05
5.489698969896990093e+02 4.901746037665675394e+05
5.490199019901990596e+02 5.226487800603079959e+05
5.490699069906991099e+02 5.328635924037595978e+05
5.491199119911991602e+02 5.259761437034988776e+05
5.491699169916992105e+02 5.167622290511646424e+05
5.492199219921992608e+02 5.327290069730530959e+05
5.492699269926993111e+02 5.298446434795085806e+05
5.493199319931993614e+02 5.244511332987581845e+05
5.493699369936994117e+02 4.902413449135395931e+05
5.494199419941994620e+02 5.299222282073143870e+05
5.494699469946995123e+02 5.234258002737581846e+05
5.495199519951995626e+02 4.964561273726719082e+05
5.495699569956996129e+02 5.051421133693208685e+05
5.496199619961996632e+02 5.178497042145028245e+05
5.496699669966997135e+02 5.259729247573436005e+05
5.497199719971997638e+02 4.889621356206992641e+05
5.497699769976998141e+02 5.213722772294475581e+05
5.498199819981998644e+02 5.027393798361462541e+05
5.498699869986999147e+02 5.106920743171114591e+05
5.499199919991999650e+02 4.977255165965395281e+05
5.499699969997000153e+02 4.963104940026830300e+05
5.500200020002000656e+02 5.283731930162756471e+05
5.500700070007001159e+02 5.241267237770073698e+05
5.501200120012001662e+02 4.975436400816054083e+05
5.501700170017002165e+02 4.900922607377370005e+05
5.502200220022002668e+02 4.952184953937096871e+05
5.502700270027003171e+02 5.205536858794888249e+05
5.503200320032003674e+02 5.237320999577685725e+05
5.503700370037004177e+02 4.932190413900111453e+05
5.504200420042004680e+02 5.307480208146260120e+05
5.504700470047005183e+02 4.929609758564079530e+05
5.505200520052005686e+02 5.141017855150830001e+05
5.505700570057006189e+02 5.309558720417551231e+05
5.506200620062006692e+02 5.270001086437978083e+05
5.506700670067007195e+02 5.167880093172972556e+05
5.507200720072007698e+02 4.996733180365916924e+05
5.507700770077008201e+02 4.930403243522681296e+05
5.508200820082008704e+02 4.884470942976554506e+05
5.508700870087009207e+02 4.968593831096773501e+05
5.509200920092009710e+02 4.933378570475652232e+05
5.509700970097010213e+02 5.067315709486220148e+05
5.510201020102010716e+02 5.010981977763736504e+05
5.510701070107011219e+02 4.922917118922382360e+05
5.511201120112011722e+02 5.021293216375279007e+05
5.511701170117012225e+02 5.096571283573287074e+05
5.512201220122012728e+02 4.996549514296886045e+05
5.512701270127013231e+02 5.008146222159749595e+05
5.513201320132013734e+02 5.060125860629553208e+05
5.513701370137014237e+02 5.180722256162332487e+05
5.514201420142014740e+02 5.150109954862346640e+05
5.514701470147015243e+02 5.179190263376045623e+05
5.515201520152015746e+02 4.960751054281534161e+05
5.515701570157016249e+02 4.930330479240063578e+05
5.516201620162016752e+02 5.035397505133210798e+05
5.516701670167017255e+02 4.872623918760505621e+05
5.517201720172017758e+02 5.106431798971259268e+05
5.517701770177018261e+02 5.322299721170959529e+05
5.518201820182018764e+02 4.888468292260011658e+05
5.518701870187019267e+02 4.958309712480811868e+05
5.519201920192019770e+02 5.344383758019505767e+05
5.519701970197020273e+02 4.919452378700698027e+05
5.520202020202020776e+02 5.202178629876471241e+05
5.520702070207021279e+02 5.123559822993271518e+05
5.521202120212021782e+02 5.167529219933144050e+05
5.521702170217022285e+02 5.231839378146147355e+05
5.522202220222022788e+02 4.997073875632345444e+05
5.522702270227023291e+02 5.027562660345237236e+05
5.523202320232023794e+02 5.229889494030890637e+05
5.523702370237024297e+02 5.259762780481016962e+05
5.524202420242024800e+02 5.134351029460003483e+05
5.524702470247024166e+02 4.951525560236687306e+05
5.525202520252024669e+02 5.045224765144097619e+05
5.525702570257025172e+02 5.078645210296288133e+05
5.526202620262025675e+02 4.893090242415543762e+05
5.526702670267026178e+02 4.919859439433300868e+05
5.527202720272026681e+02 5.018982603841202799e+05
5.527702770277027184e+02 5.291735114214674104e+05
5.528202820282027687e+02 4.962947239844748401e+05
5.528702870287028190e+02 4.999115433544879197e+05
5.529202920292028693e+02 5.240815565162440180e+05
5.529702970297029196e+02 5.203656284330243943e+05
5.530203020302029699e+02 4.949514623351429473e+05
5.530703070307030202e+02 5.198673845969585236e+05
5.531203120312030705e+02 5.025935796428859467e+05
5.531703170317031208e+02 4.884861385640550870e+05
5.532203220322031711e+02 4.929133592790624825e+05
5.532703270327032214e+02 5.289786053177573485e+05
5.533203320332032717e+02 5.088877545952394721e+05
5.533703370337033220e+02 4.924305810455063474e+05
5.534203420342033724e+02 4.957348503133620252e+05
5.534703470347034227e+02 5.009095926046162494e+05
5.535203520352034730e+02 5.342929358112287009e+05
5.535703570357035233e+02 4.871460171822772827e+05
5.536203620362035736e+02 5.024729820204650750e+05
5.536703670367036239e+02 5.253260291877244599e+05
5.537203720372036742e+02 5.145979696728764102e+05
5.537703770377037245e+02 5.161251411353850854e+05
5.538203820382037748e+02 4.999088010918835644e+05
5.538703870387038251e+02 4.948167301829612697e+05
5.539203920392038754e+02 5.088520986919879797e+05
5.539703970397039257e+02 5.264238236535718897e+05
5.540204020402039760e+02 5.058024228516796138e+05
5.540704070407040263e+02 5.078162031578530441e+05
5.541204120412040766e+02 5.221736174526528921e+05
5.541704170417041269e+02 5.018625852709610481e+05
5.542204220422041772e+02 5.312991567269698717e+05
5.542704270427042275e+02 5.113786466925384593e+05
5.543204320432042778e+02 5.115973998448927305e+05
5.543704370437043281e+02 5.167105174622499035e+05
5.544204420442043784e+02 5.101579165501373936e+05
5.544704470447044287e+02 5.109788242862459156e+05
5.545204520452044790e+02 5.328958293048880296e+05
5.545704570457045293e+02 5.374599345620158128e+05
5.546204620462045796e+02 4.874327614985253895e+05
5.546704670467046299e+02 5.178481697428215411e+05
5.547204720472046802e+02 5.083304511383415083e+05
5.547704770477047305e+02 5.280342539998975117e+05
5.548204820482047808e+02 5.035149551858030609e+05
5.548704870487048311e+02 4.984754966462202719e+05
5.549204920492048814e+02 5.046856880804831744e+05
5.549704970497049317e+02 5.237526972895350773e+05
5.550205020502049820e+02 5.190764244668640313e+05
5.550705070507050323e+02 4.907628904831560212e+05
5.551205120512050826e+02 4.957268324636070174e+05
5.551705170517051329e+02 5.245273505552596180e+05
5.552205220522051832e+02 4.915245683500603191e+05
5.552705270527052335e+02 5.023261012296485133e+05
5.553205320532052838e+02 5.100914085586282890e+05
5.553705370537053341e+02 5.340694017258689273e+05
5.554205420542053844e+02 5.023767853709891788e+05
5.554705470547054347e+02 5.082724707122725085e+05
5.555205520552054850e+02 5.334324081514863065e+05
5.555705570557055353e+02 5.367830736389146186e+05
5.556205620562055856e+02 5.211494774788995273e+05
5.556705670567056359e+02 5.333472870042134309e+05
5.557205720572056862e+02 5.374091059103225125e+05
5.557705770577057365e+02 5.066733013737463625e+05
5.558205820582057868e+02 4.976263395314041991e+05
5.558705870587058371e+02 5.232678677430170355e+05
5.559205920592058874e+02 5.244571253284799168e+05
5.559705970597059377e+02 5.227122873037282261e+05
5.560206020602059880e+02 5.351801569959265180e+05
5.560706070607060383e+02 5.099298449758685310e+05
5.561206120612060886e+02 5.320380231258043787e+05
5.561706170617061389e+02 5.003376694271882880e+05
5.562206220622061892e+02 5.089839547269824543e+05
5.562706270627062395e+02 5.148261819857605733e+05
5.563206320632062898e+02 4.889936787278568372e+05
5.563706370637063401e+02 5.289701097507639788e+05
5.564206420642063904e+02 4.949852875496968045e+05
5.564706470647064407e+02 4.959350258407937363e+05
5.565206520652064910e+02 5.266021444103919202e+05
5.565706570657065413e+02 5.192039222711765906e+05
5.566206620662065916e+02 5.301913653228637995e+05
5.566706670667066419e+02 5.116738207476911484e+05
5.567206720672066922e+02 5.290584799619524274e+05
5.567706770677067425e+02 4.915557959365181741e+05
5.568206820682067928e+02 5.122882064766862313e+05
5.568706870687068431e+02 5.218053192461180151e+05
5.569206920692068934e+02 5.004297165525618475e+05
5.569706970697069437e+02 5.307193773394537857e+05
5.570207020702069940e+02 5.375552251857004594e+05
5.570707070707070443e+02 5.087716159232495702e+05
5.571207120712070946e+02 5.088938580062870169e+05
5.571707170717071449e+02 4.994093497796365409e+05
5.572207220722071952e+02 5.221884043057494564e+05
5.572707270727072455e+02 5.238200656768521876e+05
5.573207320732072958e+02 5.047994828379839892e+05
5.573707370737073461e+02 5.329755968756146031e+05
5.574207420742073964e+02 5.194973299551211530e+05
5.574707470747074467e+02 5.095743085599964252e+05
5.575207520752074970e+02 5.024314668058463722e+05
5.575707570757075473e+02 5.345456293738305103e+05
5.576207620762075976e+02 4.895584138114939560e+05
5.576707670767076479e+02 5.117865801581713022e+05
5.577207720772076982e+02 5.042092880014344119e+05
5.577707770777077485e+02 4.881441266003131750e+05
5.578207820782077988e+02 4.916285257232938893e+05
5.578707870787078491e+02 4.888965602776303422e+05
5.579207920792078994e+02 5.050526910679346183e+05
5.579707970797079497e+02 5.354917694488445995e+05
5.580208020802080000e+02 5.276635177307198755e+05
5.580708070807080503e+02 5.002233723261581035e+05
5.581208120812081006e+02 5.221470683666263940e+05
5.581708170817081509e+02 5.259288387080274988e+05
5.582208220822082012e+02 5.171950307603881229e+05
5.582708270827082515e+02 5.038476720974845230e+05
5.583208320832083018e+02 5.277351899133063853e+05
5.583708370837083521e+02 4.986596742139576818e+05
5.584208420842084024e+02 4.973677004116481403e+05
5.584708470847084527e+02 4.886100783110896009e+05
5.585208520852085030e+02 4.883290551720027579e+05
5.585708570857085533e+02 5.225619452041600016e+05
5.586208620862086036e+02 5.191537894486179575e+05
5.586708670867086539e+02 5.022088049583057873e+05
5.587208720872087042e+02 5.110227583012187388e+05
5.587708770877087545e+02 5.336279804156948812e+05
5.588208820882088048e+02 5.307227518676016480e+05
5.588708870887088551e+02 5.048752801750515937e+05
5.589208920892089054e+02 5.009845501261324971e+05
5.589708970897089557e+02 5.102296635658033192e+05
5.590209020902090060e+02 5.181394690603173804e+05
5.590709070907090563e+02 5.177217533046720200e+05
5.591209120912091066e+02 4.960675480627861689e+05
5.591709170917091569e+02 5.153453296035277890e+05
5.592209220922092072e+02 5.169429331610167865e+05
5.592709270927092575e+02 5.100587268676267122e+05
5.593209320932093078e+02 5.192444213920322945e+05
5.593709370937093581e+02 5.329244157404997386e+05
5.594209420942094084e+02 5.218733515094306204e+05
5.594709470947094587e+02 4.982573436190502252e+05
5.595209520952095090e+02 5.134360418043892714e+05
5.595709570957095593e+02 5.035606652247029706e+05
5.596209620962096096e+02 5.378713671121412190e+05
5.596709670967096599e+02 4.968824670856062439e+05
5.597209720972097102e+02 5.183418428370505571e+05
5.597709770977097605e+02 5.265840573640170041e+05
5.598209820982098108e+02 4.998070333912204369e+05
5.598709870987098611e+02 4.976081074632821255e+05
5.599209920992099114e+02 5.185619764031026280e+05
5.599709970997099617e+02 5.308173099713228876e+05
5.600210021002100120e+02 4.955660359734810190e+05
5.600710071007100623e+02 4.989369477837751037e+05
5.601210121012101126e+02 5.227216325377691537e+05
5.601710171017101629e+02 5.124569505554183852e+05
5.602210221022102132e+02 5.361760877088865964e+05
5.602710271027102635e+02 5.367204545593848452e+05
5.603210321032103138e+02 5.079816069469704526e+05
5.603710371037103641e+02 5.349982273618893232e+05
5.604210421042104144e+02 5.025372223284866777e+05
5.604710471047104647e+02 5.370240448859352618e+05
5.605210521052105150e+02 4.978762123781605042e+05
5.605710571057105653e+02 5.310746496666300809e+05
5.606210621062106156e+02 5.106152290637433180e+05
5.606710671067106659e+02 5.023993007457678323e+05
5.607210721072107162e+02 5.173631501759004896e+05
5.607710771077107665e+02 4.928563713233873132e+05
5.608210821082108168e+02 4.904733122442973545e+05
5.608710871087108671e+02 5.377392145704032155e+05
5.609210921092109174e+02 4.892599945990101551e+05
5.609710971097109677e+02 5.287092572691349778e+05
5.610211021102110180e+02 4.957272452965638367e+05
5.610711071107110683e+02 5.369316119068796979e+05
5.611211121112111186e+02 5.187130816036219476e+05
5.611711171117111689e+02 5.021865509105575620e+05
5.612211221122112192e+02 5.306128827153701568e+05
5.612711271127112695e+02 5.085502105103712529e+05
5.613211321132113198e+02 4.907681138401144417e+05
5.613711371137113701e+02 5.083104533622208401e+05
5.614211421142114204e+02 4.965010752065912238e+05
5.614711471147114707e+02 4.925464395108174649e+05
5.615211521152115210e+02 4.884368858186629950e+05
5.615711571157115714e+02 5.040001034474177286e+05
5.616211621162116217e+02 4.962479339278726839e+05
5.616711671167116720e+02 5.010301376755798701e+05
5.617211721172117223e+02 4.876492227338223020e+05
5.617711771177117726e+02 5.325061489185853861e+05
5.618211821182118229e+02 5.110975408074732986e+05
5.618711871187118732e+02 5.159034933410707163e+05
5.619211921192119235e+02 5.293570401015002280e+05
5.619711971197119738e+02 4.870735095438702847e+05
5.620212021202120241e+02 5.071593152013749932e+05
5.620712071207120744e+02 5.270372838999236701e+05
5.621212121212121247e+02 4.936802156049221521e+05
5.621712171217121750e+02 4.920913261714359396e+05
5.622212221222122253e+02 5.030965061052612145e+05
5.622712271227122756e+02 4.969860154086872353e+05
5.623212321232123259e+02 5.028855386010549264e+05
5.623712371237123762e+02 5.215756134625676204e+05
5.624212421242124265e+02 5.309801386703220196e+05
5.624712471247124768e+02 4.875720777189874207e+05
5.625212521252125271e+02 5.213768701380707789e+05
5.625712571257125774e+02 4.934545503913140856e+05
5.626212621262126277e+02 5.133115647297818796e+05
5.626712671267126780e+02 5.005968939323954983e+05
5.627212721272127283e+02 5.375362014383667847e+05
5.627712771277127786e+02 5.337170981219175737e+05
5.628212821282128289e+02 5.280012508027832955e+05
5.628712871287128792e+02 5.077903248887224472e+05
5.629212921292129295e+02 5.254347570933547104e+05
5.629712971297129798e+02 4.966036603052752325e+05
5.630213021302130301e+02 5.147975821227619308e+05
5.630713071307130804e+02 5.085118916283805738e+05
5.631213121312131307e+02 5.244652722343041096e+05
5.631713171317131810e+02 5.293269698306635255e+05
5.632213221322132313e+02 4.939398304406981915e+05
5.632713271327132816e+02 5.292383832162849139e+05
5.633213321332133319e+02 5.378223836573369335e+05
5.633713371337133822e+02 5.076604303988630418e+05
5.634213421342134325e+02 5.324545274741403991e+05
5.634713471347134828e+02 5.045269757794433972e+05
5.635213521352135331e+02 5.198936022313421709e+05
5.635713571357135834e+02 5.248869980130789336e+05
5.636213621362136337e+02 4.919088712054964271e+05
5.636713671367136840e+02 5.128930373544312897e+05
5.637213721372137343e+02 5.350850752238444984e+05
5.637713771377137846e+02 4.880824047254322213e+05
5.638213821382138349e+02 4.903036305037125130e+05
5.638713871387138852e+02 5.051115116308815777e+05
5.639213921392139355e+02 5.198219626218861085e+05
5.639713971397139858e+02 5.295510588244327810e+05
5.640214021402140361e+02 5.331793260459325975e+05
5.640714071407140864e+02 5.019290525564562995e+05
5.641214121412141367e+02 5.297856970790175255e+05
5.641714171417141870e+02 5.185379673208969180e+05
5.642214221422142373e+02 5.175475076989413355e+05
5.642714271427142876e+02 5.097806860102160717e+05
5.643214321432143379e+02 5.290838185283455532e+05
5.643714371437143882e+02 5.098944341145496583e+05
5.644214421442144385e+02 4.947297035420903703e+05
5.644714471447144888e+02 5.365722163562522037e+05
5.645214521452145391e+02 5.348383827366371406e+05
5.645714571457145894e+02 5.169994422377164592e+05
5.646214621462146397e+02 5.234498106191803236e+05
5.646714671467146900e+02 4.965124097362181637e+05
5.647214721472147403e+02 5.319555611196528189e+05
5.647714771477147906e+02 5.171023854351748596e+05
5.648214821482148409e+02 5.020076851634840714e+05
5.648714871487148912e+02 5.184899924246897572e+05
5.649214921492149415e+02 5.139661342868127394e+05
5.649714971497149918e+02 5.341812632670425810e+05
5.650215021502150421e+02 5.328255611099542584e+05
5.650715071507150924e+02 5.220672151222634129e+05
5.651215121512151427e+02 5.021486446705351700e+05
5.651715171517151930e+02 5.077058097531698295e+05
5.652215221522152433e+02 4.971102363015399314e+05
5.652715271527152936e+02 5.259722287379258778e+05
5.653215321532153439e+02 4.923322900916264625e+05
5.653715371537153942e+02 5.192887749391514808e+05
5.654215421542154445e+02 5.217710657620467828e+05
5.654715471547154948e+02 4.878078653447690303e+05
5.655215521552155451e+02 5.290806220292381477e+05
5.655715571557155954e+02 5.172783128482572502e+05
5.656215621562156457e+02 5.067779080617384752e+05
5.656715671567156960e+02 5.195969719495495083e+05
5.657215721572157463e+02 5.060931953444460523e+05
5.657715771577157966e+02 5.109468471704914700e+05
5.658215821582158469e+02 5.243448463881486095e+05
5.658715871587158972e+02 4.960423067687649745e+05
5.659215921592159475e+02 4.906144160906276084e+05
5.659715971597159978e+02 4.966222176963187521e+05
5.660216021602160481e+02 5.064710518730753101e+05
5.660716071607160984e+02 5.022283672935062787e+05
5.661216121612161487e+02 5.318794226328658406e+05
5.661716171617161990e+02 5.145640794941970380e+05
5.662216221622162493e+02 5.055740655382834957e+05
5.662716271627162996e+02 5.164454935114806285e+05
5.663216321632163499e+02 5.016791333291406627e+05
5.663716371637164002e+02 4.984222359004648752e+05
5.664216421642164505e+02 4.942414375650875736e+05
5.664716471647165008e+02 5.048608078490999760e+05
5.665216521652165511e+02 4.889281883380793734e+05
5.665716571657166014e+02 5.378931209889256861e+05
5.666216621662166517e+02 4.884811348725993303e+05
5.666716671667167020e+02 5.234327072739375290e+05
5.667216721672167523e+02 5.274376241552131251e+05
5.667716771677166889e+02 4.869629721722644172e+05
5.668216821682167392e+02 5.293240803828421049e+05
5.668716871687167895e+02 5.305045805213376880e+05
5.669216921692168398e+02 5.004260654921431560e+05
5.669716971697168901e+02 5.116412813544502133e+05
5.670217021702169404e+02 5.072705369969268795e+05
5.670717071707169907e+02 5.032874930126638501e+05
5.671217121712170410e+02 5.097033239617923391e+05
5.671717171717170913e+02 5.279597517424469115e+05
5.672217221722171416e+02 5.196314962048518937e+05
5.672717271727171919e+02 5.066479876423380338e+05
5.673217321732172422e+02 5.352663602209726814e+05
5.673717371737172925e+02 4.951778014803244150e+05
5.674217421742173428e+02 4.952720850289088557e+05
5.674717471747173931e+02 5.164060700322501361e+05
5.675217521752174434e+02 5.329192981289293384e+05
5.675717571757174937e+02 5.248208010159139521e+05
5.676217621762175440e+02 5.176134762533547473e+05
5.676717671767175943e+02 5.262729772003170801e+05
5.677217721772176446e+02 5.262004172548141796e+05
5.677717771777176949e+02 5.173235035961570684e+05
5.678217821782177452e+02 5.120000649135432323e+05
5.678717871787177955e+02 5.016512804758666316e+05
5.679217921792178458e+02 5.258713956034112489e+05
5.679717971797178961e+02 5.057895186475327937e+05
5.680218021802179464e+02 5.220387897260380560e+05
5.680718071807179967e+02 4.906561004243112402e+05
5.681218121812180470e+02 4.939661458486596821e+05
5.681718171817180973e+02 5.074849062876155367e+05
5.682218221822181476e+02 5.066335867967367521e+05
5.682718271827181979e+02 5.269684621077335905e+05
5.683218321832182482e+02 5.092449245386463008e+05
5.683718371837182985e+02 5.312051556371456245e+05
5.684218421842183488e+02 4.907404586672586156e+05
5.684718471847183991e+02 5.052781292720365454e+05
5.685218521852184494e+02 5.179646354590188130e+05
5.685718571857184997e+02 5.104269268749921466e+05
5.686218621862185501e+02 5.290158165905195056e+05
5.686718671867186004e+02 5.343627153212516569e+05
5.687218721872186507e+02 5.132332992354689632e+05
5.687718771877187010e+02 5.328650740996014792e+05
5.688218821882187513e+02 5.108592289200898958e+05
5.688718871887188016e+02 5.221653712043659762e+05
5.689218921892188519e+02 5.258186231225789525e+05
5.689718971897189022e+02 5.239757297784934635e+05
5.690219021902189525e+02 5.092202236170943361e+05
5.690719071907190028e+02 4.927293619517108891e+05
5.691219121912190531e+02 5.376251497363112867e+05
5.691719171917191034e+02 5.307716092991536716e+05
5.692219221922191537e+02 5.239069424408212653e+05
5.692719271927192040e+02 5.324725327810443705e+05
5.693219321932192543e+02 5.165535332956211641e+05
5.693719371937193046e+02 5.035203239217025111e+05
5.694219421942193549e+02 5.065229750542248948e+05
5.694719471947194052e+02 4.887063117200545967e+05
5.695219521952194555e+02 5.207769528294501361e+05
5.695719571957195058e+02 4.965751920634487760e+05
5.696219621962195561e+02 5.239264430114023271e+05
5.696719671967196064e+02 5.361300562573692296e+05
5.697219721972196567e+02 5.026860807346188813e+05
5.697719771977197070e+02 5.204939730951598031e+05
5.698219821982197573e+02 5.361608270962360548e+05
5.698719871987198076e+02 5.323946348817561520e+05
5.699219921992198579e+02 5.211695031003275653e+05
5.699719971997199082e+02 5.172973064537894679e+05
5.700220022002199585e+02 5.359604828528237995e+05
5.700720072007200088e+02 5.280385727672420908e+05
5.701220122012200591e+02 4.920892041417626897e+05
5.701720172017201094e+02 5.350828403829354793e+05
5.702220222022201597e+02 5.257516647028804291e+05
5.702720272027202100e+02 5.126094712186394027e+05
5.703220322032202603e+02 5.250782548925763695e+05
5.703720372037203106e+02 5.179192343413202907e+05
5.704220422042203609e+02 5.114756852604279411e+05
5.704720472047204112e+02 5.241938587287323899e+05
5.705220522052204615e+02 5.177097080756623182e+05
5.705720572057205118e+02 5.226103196028772509e+05
5.706220622062205621e+02 5.300230727928049164e+05
5.706720672067206124e+02 5.162250611477409257e+05
5.707220722072206627e+02 5.028914213509282563e+05
5.707720772077207130e+02 5.347754464588587871e+05
5.708220822082207633e+02 5.121332486349194078e+05
5.708720872087208136e+02 5.244271099103875458e+05
5.709220922092208639e+02 5.373893713283223333e+05
5.709720972097209142e+02 5.176077008269902435e+05
5.710221022102209645e+02 5.062304765090444707e+05
5.710721072107210148e+02 5.267962364187956555e+05
5.711221122112210651e+02 4.984452813390822266e+05
5.711721172117211154e+02 5.141048386369572254e+05
5.712221222122211657e+02 5.313619912948922720e+05
5.712721272127212160e+02 5.312830817558531417e+05
5.713221322132212663e+02 4.941828042518118746e+05
5.713721372137213166e+02 5.271420245403713780e+05
5.714221422142213669e+02 4.912008134210488643e+05
5.714721472147214172e+02 4.965604900134143536e+05
5.715221522152214675e+02 5.133629962188407662e+05
5.715721572157215178e+02 4.983945867936160066e+05
5.716221622162215681e+02 4.966444642127337283e+05
5.716721672167216184e+02 5.189231064156132052e+05
5.717221722172216687e+02 5.202837787274019211e+05
5.717721772177217190e+02 5.192603682954852702e+05
5.718221822182217693e+02 5.180247011339260498e+05
5.718721872187218196e+02 4.877173623228785000e+05
5.719221922192218699e+02 5.189772889832353103e+05
5.719721972197219202e+02 5.161136795827812748e+05
5.720222022202219705e+02 4.926417451265894342e+05
5.720722072207220208e+02 5.188246361035048030e+05
5.721222122212220711e+02 4.891472245967267081e+05
5.721722172217221214e+02 5.034767700751387747e+05
5.722222222222221717e+02 5.331666670534447767e+05
5.722722272227222220e+02 5.047409686333511490e+05
5.723222322232222723e+02 4.918044202304236242e+05
5.723722372237223226e+02 5.152351344359115465e+05
5.724222422242223729e+02 5.074842647014569957e+05
5.724722472247224232e+02 4.900208232816219679e+05
5.725222522252224735e+02 5.315314646962749539e+05
5.725722572257225238e+02 5.126562018889334868e+05
5.726222622262225741e+02 5.364771756587956334e+05
5.726722672267226244e+02 5.234491022378533380e+05
5.727222722272226747e+02 5.276670630527643953e+05
5.727722772277227250e+02 5.156585242462477181e+05
5.728222822282227753e+02 5.368192413541568676e+05
5.728722872287228256e+02 5.269831098450043937e+05
5.729222922292228759e+02 4.939303055844110204e+05
5.729722972297229262e+02 5.029810166924562072e+05
5.730223022302229765e+02 5.177306155205869582e+05
5.730723072307230268e+02 5.099162025246903067e+05
5.731223122312230771e+02 5.065633886189964251e+05
5.731723172317231274e+02 5.285685887817251496e+05
5.732223222322231777e+02 5.196494112066606176e+05
5.732723272327232280e+02 4.881578143536208663e+05
5.733223322332232783e+02 4.919141709543121979e+05
5.733723372337233286e+02 5.273634835973024601e+05
5.734223422342233789e+02 5.315796078331469325e+05
5.734723472347234292e+02 4.881084444265956990e+05
5.735223522352234795e+02 5.176143058684277348e+05
5.735723572357235298e+02 5.374701563666898292e+05
5.736223622362235801e+02 4.962335603153404663e+05
5.736723672367236304e+02 5.164520165349397575e+05
5.737223722372236807e+02 5.285115181969146943e+05
5.737723772377237310e+02 4.871761728391308570e+05
5.738223822382237813e+02 5.126743989503259654e+05
5.738723872387238316e+02 5.056256851150476141e+05
5.739223922392238819e+02 4.986442803766235593e+05
5.739723972397239322e+02 5.180433481366590131e+05
5.740224022402239825e+02 5.276272677428364987e+05
5.740724072407240328e+02 5.343376455688008573e+05
5.741224122412240831e+02 5.318169472799574723e+05
5.741724172417241334e+02 5.351495991003164090e+05
5.742224222422241837e+02 5.212162946592883090e+05
5.742724272427242340e+02 5.096151591262223665e+05
5.743224322432242843e+02 4.944806150626414455e+05
5.743724372437243346e+02 5.283744779890165664e+05
5.744224422442243849e+02 4.892800009374160436e+05
5.744724472447244352e+02 4.883259402600643807e+05
5.745224522452244855e+02 5.339590826652166434e+05
5.745724572457245358e+02 5.014142254598216387e+05
5.746224622462245861e+02 5.134133599392462056e+05
5.746724672467246364e+02 5.339724250064003281e+05
5.747224722472246867e+02 5.247948456809170311e+05
5.747724772477247370e+02 4.907464587967929547e+05
5.748224822482247873e+02 5.170985054160254658e+05
5.748724872487248376e+02 5.326717130435928702e+05
5.749224922492248879e+02 5.232572417690351722e+05
5.749724972497249382e+02 5.088257551321021747e+05
5.750225022502249885e+02 5.165589194376168307e+05
5.750725072507250388e+02 5.288699021483534016e+05
5.751225122512250891e+02 5.041299649658477865e+05
5.751725172517251394e+02 4.885891160782806110e+05
5.752225222522251897e+02 5.057431343294844846e+05
5.752725272527252400e+02 4.896541783574341680e+05
5.753225322532252903e+02 5.125840979193273233e+05
5.753725372537253406e+02 5.091986066830965574e+05
5.754225422542253909e+02 5.260327843366618035e+05
5.754725472547254412e+02 5.107057704069078318e+05
5.755225522552254915e+02 5.247005092542867642e+05
5.755725572557255418e+02 5.162185084635735839e+05
5.756225622562255921e+02 5.325412238385576056e+05
5.756725672567256424e+02 5.135217467360412120e+05
5.757225722572256927e+02 4.963844707601296250e+05
5.757725772577257430e+02 5.307127096691086190e+05
5.758225822582257933e+02 5.191631013305376982e+05
5.758725872587258436e+02 5.252747980445511639e+05
5.759225922592258939e+02 5.048197644613313023e+05
5.759725972597259442e+02 4.923205977803118876e+05
5.760226022602259945e+02 5.159698421000862727e+05
5.760726072607260448e+02 4.955813187354150577e+05
5.761226122612260951e+02 5.070166723523518303e+05
5.761726172617261454e+02 4.998940824439766584e+05
5.762226222622261957e+02 5.140257366707214387e+05
5.762726272627262460e+02 5.101294088354473352e+05
5.763226322632262963e+02 5.243221873714822577e+05
5.763726372637263466e+02 5.325852353158685146e+05
5.764226422642263969e+02 4.962221238738021930e+05
5.764726472647264472e+02 5.327211970800150884e+05
5.765226522652264975e+02 5.103158924001854612e+05
5.765726572657265478e+02 4.986516572676472715e+05
5.766226622662265981e+02 5.250762631219830364e+05
5.766726672667266484e+02 5.222188430057368823e+05
5.767226722672266988e+02 5.062623965852594702e+05
5.767726772677267491e+02 5.131192662935249391e+05
5.768226822682267994e+02 5.305201126327589154e+05
5.768726872687268497e+02 5.147384991083858768e+05
5.769226922692269000e+02 5.045420555539198103e+05
5.769726972697269503e+02 4.874246566986943362e+05
5.770227022702270006e+02 5.265763466400926700e+05
5.770727072707270509e+02 5.285558903338519158e+05
5.771227122712271012e+02 5.205807777124705608e+05
5.771727172717271515e+02 5.038352937802992528e+05
5.772227222722272018e+02 5.119605951195192756e+05
5.772727272727272521e+02 5.043675364515600377e+05
5.773227322732273024e+02 5.025510140957203694e+05
5.773727372737273527e+02 5.184873760323263705e+05
5.774227422742274030e+02 4.946263225534140947e+05
5.774727472747274533e+02 5.224723277526642196e+05
5.775227522752275036e+02 5.261947955718974117e+05
5.775727572757275539e+02 5.206650325066276710e+05
5.776227622762276042e+02 5.184814763995102257e+05
5.776727672767276545e+02 5.342651723644098965e+05
5.777227722772277048e+02 4.942805424817777239e+05
5.777727772777277551e+02 5.293100031620757654e+05
5.778227822782278054e+02 5.094168887865177821e+05
5.778727872787278557e+02 5.287793657383397222e+05
5.779227922792279060e+02 5.134620409851610893e+05
5.779727972797279563e+02 5.183678341267710784e+05
5.780228022802280066e+02 5.220976589874721249e+05
5.780728072807280569e+02 5.303001898946451256e+05
5.781228122812281072e+02 5.352426225102397148e+05
5.781728172817281575e+02 5.144145295658275136e+05
5.782228222822282078e+02 4.882319611777216778e+05
5.782728272827282581e+02 4.907518286121745477e+05
5.783228322832283084e+02 5.330294004908503266e+05
5.783728372837283587e+02 5.282607190616142470e+05
5.784228422842284090e+02 5.168568590213761781e+05
5.784728472847284593e+02 5.274976853507196065e+05
5.785228522852285096e+02 4.938115862427069806e+05
5.785728572857285599e+02 5.121263791460987995e+05
5.786228622862286102e+02 4.918715715682661394e+05
5.786728672867286605e+02 5.159582143446285045e+05
5.787228722872287108e+02 4.995514196661860333e+05
5.787728772877287611e+02 4.958926278188418946e+05
5.788228822882288114e+02 5.057686116858983878e+05
5.788728872887288617e+02 5.285403184262376744e+05
5.789228922892289120e+02 4.868460962332460331e+05
5.789728972897289623e+02 5.075068754694123636e+05
5.790229022902290126e+02 5.334524444758187747e+05
5.790729072907290629e+02 5.285945885402557906e+05
5.791229122912291132e+02 4.887754093601920758e+05
5.791729172917291635e+02 5.290766112188610714e+05
5.792229222922292138e+02 5.340882057001600042e+05
5.792729272927292641e+02 5.279104168514640769e+05
5.793229322932293144e+02 5.239892509758382221e+05
5.793729372937293647e+02 4.904117956342108664e+05
5.794229422942294150e+02 5.085875373680093908e+05
5.794729472947294653e+02 4.970377513219257817e+05
5.795229522952295156e+02 4.904620873088348308e+05
5.795729572957295659e+02 5.031733017749748542e+05
5.796229622962296162e+02 5.182045272867843742e+05
5.796729672967296665e+02 5.224918994741625502e+05
5.797229722972297168e+02 5.149433799047487555e+05
5.797729772977297671e+02 5.325168779030389851e+05
5.798229822982298174e+02 5.347772872713076649e+05
5.798729872987298677e+02 5.133994930873075500e+05
5.799229922992299180e+02 5.197846124734428595e+05
5.799729972997299683e+02 5.023413193234341452e+05
5.800230023002300186e+02 5.141986144709588843e+05
5.800730073007300689e+02 5.302385889333083760e+05
5.801230123012301192e+02 5.151126875148810796e+05
5.801730173017301695e+02 5.117988458869969472e+05
5.802230223022302198e+02 5.269882057948022848e+05
5.802730273027302701e+02 5.211993997973907972e+05
5.803230323032303204e+02 5.211018091564285569e+05
5.803730373037303707e+02 5.292668962234150385e+05
5.804230423042304210e+02 4.948538246477600187e+05
5.804730473047304713e+02 5.019424819891176885e+05
5.805230523052305216e+02 5.337667345715920674e+05
5.805730573057305719e+02 4.992846450750301010e+05
5.806230623062306222e+02 4.944782595987718087e+05
5.806730673067306725e+02 5.240232674182530027e+05
5.807230723072307228e+02 5.193296723202134599e+05
5.807730773077307731e+02 5.221507775550486986e+05
5.808230823082308234e+02 4.870715270661762916e+05
5.808730873087308737e+02 5.214334416393821011e+05
5.809230923092309240e+02 5.252565701056241523e+05
5.809730973097309743e+02 5.340575720903176116e+05
5.810231023102310246e+02 4.972422471906274441e+05
5.810731073107310749e+02 5.027269894032378797e+05
5.811231123112311252e+02 5.065781152356601669e+05
5.811731173117311755e+02 5.023544123543249443e+05
5.812231223122312258e+02 5.374291135392658180e+05
5.812731273127312761e+02 4.932250805783534306e+05
5.813231323132313264e+02 5.250283169855617452e+05
5.813731373137313767e+02 5.033972228809117805e+05
5.814231423142314270e+02 5.220342295733783394e+05
5.814731473147314773e+02 5.159621501177138998e+05
5.815231523152315276e+02 5.169384580206904211e+05
5.815731573157315779e+02 5.194204219513901044e+05
5.816231623162316282e+02 5.039077233416262316e+05
5.816731673167316785e+02 5.109897908769585774e+05
5.817231723172317288e+02 4.922385432844961178e+05
5.817731773177317791e+02 5.060313188804385136e+05
5.818231823182318294e+02 5.028429748000210966e+05
5.818731873187318797e+02 5.116614671062466805e+05
5.819231923192319300e+02 4.991619938660510234e+05
5.819731973197319803e+02 5.288861570984126301e+05
5.820232023202320306e+02 5.103319239328128169e+05
5.820732073207320809e+02 5.119415848588114604e+05
5.821232123212321312e+02 5.270921243988736533e+05
5.821732173217321815e+02 5.048033847742785583e+05
5.822232223222322318e+02 4.995794146627560840e+05
5.822732273227322821e+02 5.221698835229566903e+05
5.823232323232323324e+02 5.074264261546341004e+05
5.823732373237323827e+02 5.350010591780596878e+05
5.824232423242324330e+02 5.290621791219696170e+05
5.824732473247324833e+02 4.989127549808256445e+05
5.825232523252325336e+02 4.939790198835506453e+05
5.825732573257325839e+02 5.375569371297301259e+05
5.826232623262326342e+02 4.950362318438767106e+05
5.826732673267326845e+02 5.293971274099322036e+05
5.827232723272327348e+02 5.213445614156454103e+05
5.827732773277327851e+02 5.153245171552418033e+05
5.828232823282328354e+02 5.011513641257100389e+05
5.828732873287328857e+02 5.298355607607968850e+05
5.829232923292329360e+02 5.028794238787389477e+05
5.829732973297329863e+02 5.281077595936413854e+05
5.830233023302330366e+02 5.248747210167848971e+05
5.830733073307330869e+02 5.332671863170126453e+05
5.831233123312331372e+02 5.177057920952358982e+05
5.831733173317331875e+02 4.938146577309404383e+05
5.832233223322332378e+02 4.986640792476309580e+05
5.832733273327332881e+02 4.869303868823166704e+05
5.833233323332333384e+02 4.969082598731287289e+05
5.833733373337333887e+02 4.913843037895568996e+05
5.834233423342334390e+02 4.882570288922284381e+05
5.834733473347334893e+02 5.127633248114498565e+05
5.835233523352335396e+02 4.882178799775165971e+05
5.835733573357335899e+02 5.341456992260030238e+05
5.836233623362336402e+02 5.232014875677280943e+05
5.836733673367336905e+02 4.885106405752173159e+05
5.837233723372337408e+02 4.998056647493383498e+05
5.837733773377337911e+02 4.935986287498335005e+05
5.838233823382338414e+02 5.365160054206907516e+05
5.838733873387338917e+02 5.082637871334039955e+05
5.839233923392339420e+02 4.883365640160572366e+05
5.839733973397339923e+02 5.222132977224601200e+05
5.840234023402340426e+02 5.267006241991154384e+05
5.840734073407340929e+02 5.192385317938849912e+05
5.841234123412341432e+02 4.868251555892904289e+05
5.841734173417341935e+02 5.327681908305134857e+05
5.842234223422342438e+02 4.870254556527729728e+05
5.842734273427342941e+02 5.277723103245879756e+05
5.843234323432343444e+02 5.033583803496880573e+05
5.843734373437343947e+02 4.972530395264813560e+05
5.844234423442344450e+02 5.292111372933257371e+05
5.844734473447344953e+02 4.910749203149894020e+05
5.845234523452345456e+02 5.234380945368794492e+05
5.845734573457345959e+02 5.122673035159529536e+05
5.846234623462346462e+02 5.050839548896861379e+05
5.846734673467346965e+02 4.922087140647870838e+05
5.847234723472347468e+02 4.992453496065703803e+05
5.847734773477347971e+02 5.064641018840590259e+05
5.848234823482348474e+02 5.102924858762451331e+05
5.848734873487348978e+02 5.375294728606836870e+05
5.849234923492349481e+02 5.240936970950546674e+05
5.849734973497349984e+02 5.218067887044583331e+05
5.850235023502350487e+02 4.983845275570378290e+05
5.850735073507350990e+02 5.077651978066636948e+05
5.851235123512351493e+02 5.288066619871980511e+05
5.851735173517351996e+02 5.190014159394967137e+05
5.852235223522352499e+02 4.898615962477025460e+05
5.852735273527353002e+02 5.169409714221050963e+05
5.853235323532353505e+02 4.958509252431718051e+05
5.853735373537354008e+02 5.267394347040419234e+05
5.854235423542354511e+02 5.295339006545069860e+05
5.854735473547355014e+02 5.236392518781133695e+05
5.855235523552355517e+02 5.365584636644754792e+05
5.855735573557356020e+02 5.173456229554057354e+05
5.856235623562356523e+02 5.258411561196643161e+05
5.856735673567357026e+02 5.156166177132793237e+05
5.857235723572357529e+02 5.143150307796353009e+05
5.857735773577358032e+02 5.050215978383961483e+05
5.858235823582358535e+02 4.956346575975738815e+05
5.858735873587359038e+02 4.955946709426254383e+05
5.859235923592359541e+02 5.344072932237462373e+05
5.859735973597360044e+02 5.189392727892105468e+05
5.860236023602360547e+02 5.051440251408935874e+05
5.860736073607361050e+02 5.110069321436990867e+05
5.861236123612361553e+02 5.266857328316611238e+05
5.861736173617362056e+02 5.224109175592103275e+05
5.862236223622362559e+02 5.042475260266021942e+05
5.862736273627363062e+02 4.889091599548020749e+05
5.863236323632363565e+02 5.324935563226819504e+05
5.863736373637364068e+02 5.176467320451481501e+05
5.864236423642364571e+02 5.272591267506646691e+05
5.864736473647365074e+02 5.057100501979116234e+05
5.865236523652365577e+02 4.929313109061283758e+05
5.865736573657366080e+02 5.300318896345890826e+05
5.866236623662366583e+02 5.126439789651609026e+05
5.866736673667367086e+02 5.279642014233693480e+05
5.867236723672367589e+02 5.035278958487841883e+05
5.867736773677368092e+02 4.885835990874382551e+05
5.868236823682368595e+02 5.228724961499891360e+05
5.868736873687369098e+02 4.911060177207215456e+05
5.869236923692369601e+02 4.884101351197316544e+05
5.869736973697370104e+02 5.279674701096013887e+05
5.870237023702370607e+02 5.204066241837061243e+05
5.870737073707371110e+02 5.321517240613589529e+05
5.871237123712371613e+02 5.277940702969272388e+05
5.871737173717372116e+02 5.054981890885345638e+05
5.872237223722372619e+02 4.989568050233426038e+05
5.872737273727373122e+02 5.133929597901141969e+05
5.873237323732373625e+02 5.062968884643802885e+05
5.873737373737374128e+02 4.996465413971437374e+05
5.874237423742374631e+02 4.924813161038929829e+05
5.874737473747375134e+02 5.336437833393784240e+05
5.875237523752375637e+02 5.369478815681844717e+05
5.875737573757376140e+02 5.138473499958803877e+05
5.876237623762376643e+02 4.937871650299507892e+05
5.876737673767377146e+02 5.196277226737832534e+05
5.877237723772377649e+02 5.205515374367592740e+05
5.877737773777378152e+02 5.334988493964163354e+05
5.878237823782378655e+02 4.993967243435944547e+05
5.878737873787379158e+02 5.376200392609089613e+05
5.879237923792379661e+02 5.100177167721117730e+05
5.879737973797380164e+02 5.052773926707388600e+05
5.880238023802380667e+02 4.944639172795489430e+05
5.880738073807381170e+02 4.929999722917230101e+05
5.881238123812381673e+02 5.281406949145619292e+05
5.881738173817382176e+02 5.343366652194556082e+05
5.882238223822382679e+02 4.964760713573285029e+05
5.882738273827383182e+02 5.029368044373204466e+05
5.883238323832383685e+02 5.276871920521138236e+05
5.883738373837384188e+02 5.262180387434470467e+05
5.884238423842384691e+02 5.173003151641465374e+05
5.884738473847385194e+02 5.372423496068193344e+05
5.885238523852385697e+02 4.990098004006139818e+05
5.885738573857386200e+02 5.159918756363024586e+05
5.886238623862386703e+02 5.219566605720343650e+05
5.886738673867387206e+02 5.375254894793912536e+05
5.887238723872387709e+02 4.877190481486232602e+05
5.887738773877388212e+02 5.151431019698310411e+05
5.888238823882388715e+02 4.871384645224817214e+05
5.888738873887389218e+02 5.232106717856205651e+05
5.889238923892389721e+02 5.195547599130026065e+05
5.889738973897390224e+02 5.377083569620555500e+05
5.890239023902390727e+02 5.307104528465317562e+05
5.890739073907391230e+02 5.128176733232020051e+05
5.891239123912391733e+02 5.339317471129714977e+05
5.891739173917392236e+02 4.939328460357770673e+05
5.892239223922392739e+02 5.067382499918758404e+05
5.892739273927393242e+02 5.112551637733387179e+05
5.893239323932393745e+02 5.046233326872179750e+05
5.893739373937394248e+02 5.212864307505298057e+05
5.894239423942394751e+02 5.246879176995588932e+05
5.894739473947395254e+02 5.173429393924755859e+05
5.895239523952395757e+02 4.974480847684068140e+05
5.895739573957396260e+02 5.153995153394075460e+05
5.896239623962396763e+02 5.112323059445530525e+05
5.896739673967397266e+02 5.020520802298909985e+05
5.897239723972397769e+02 4.903274148074875702e+05
5.897739773977398272e+02 4.964626663569059456e+05
5.898239823982398775e+02 5.254841512516697403e+05
5.898739873987399278e+02 4.938949950341742369e+05
5.899239923992399781e+02 4.905373087381932419e+05
5.899739973997400284e+02 5.164485433385647484e+05
5.900240024002400787e+02 5.173485350104256650e+05
5.900740074007401290e+02 5.113761467436422827e+05
5.901240124012401793e+02 5.236480904153050506e+05
5.901740174017402296e+02 4.991377971505685709e+05
5.902240224022402799e+02 5.102609538979078061e+05
5.902740274027403302e+02 4.889437256138159428e+05
5.903240324032403805e+02 5.101285001461257343e+05
5.903740374037404308e+02 4.867563940642364905e+05
5.904240424042404811e+02 5.049556475723003969e+05
5.904740474047405314e+02 5.240933516594877583e+05
5.905240524052405817e+02 5.141736452858967823e+05
5.905740574057405183e+02 5.236967992809930583e+05
5.906240624062405686e+02 4.952480737263234914e+05
5.906740674067406189e+02 4.967400768816767959e+05
5.907240724072406692e+02 5.347891502300252905e+05
5.907740774077407195e+02 4.935856535494582495e+05
5.908240824082407698e+02 5.263666849058553344e+05
5.908740874087408201e+02 5.288815734566452447e+05
5.909240924092408704e+02 5.207966491885473952e+05
5.909740974097409207e+02 5.354518821115109604e+05
5.910241024102409710e+02 4.967348028742374736e+05
5.910741074107410213e+02 5.126595311423148960e+05
5.911241124112410716e+02 5.126091446241704398e+05
5.911741174117411219e+02 4.962744433019279968e+05
5.912241224122411722e+02 5.062859172846089932e+05
5.912741274127412225e+02 4.912332462350017158e+05
5.913241324132412728e+02 4.932216574244932854e+05
5.913741374137413231e+02 5.002338483272655285e+05
5.914241424142413734e+02 4.877501121059785946e+05
5.914741474147414237e+02 5.017673139869421721e+05
5.915241524152414740e+02 5.292586055880301865e+05
5.915741574157415243e+02 4.987993948366303812e+05
5.916241624162415746e+02 5.263003915839717956e+05
5.916741674167416249e+02 5.213360307937130565e+05
5.917241724172416752e+02 5.003560534947779379e+05
5.917741774177417255e+02 5.158691610702804755e+05
5.918241824182417758e+02 5.366357290661344305e+05
5.918741874187418261e+02 5.013301470255478052e+05
5.919241924192418765e+02 4.899963283132294309e+05
5.919741974197419268e+02 5.292844898790073348e+05
5.920242024202419771e+02 5.026480631300619571e+05
5.920742074207420274e+02 5.012318342762628454e+05
5.921242124212420777e+02 4.930245800873084227e+05
5.921742174217421280e+02 4.868518983644542168e+05
5.922242224222421783e+02 5.248381324258663226e+05
5.922742274227422286e+02 4.999396396146574989e+05
5.923242324232422789e+02 5.370081471892122645e+05
5.923742374237423292e+02 5.126479560991991311e+05
5.924242424242423795e+02 5.242586067556074704e+05
5.924742474247424298e+02 5.190623027537366725e+05
5.925242524252424801e+02 4.970983037775601260e+05
5.925742574257425304e+02 5.152764833425245597e+05
5.926242624262425807e+02 5.211060218085098313e+05
5.926742674267426310e+02 5.003791107559126103e+05
5.927242724272426813e+02 5.164610795202803565e+05
5.927742774277427316e+02 5.087764779185465304e+05
5.928242824282427819e+02 5.301357622075800318e+05
5.928742874287428322e+02 4.969497305974473711e+05
5.929242924292428825e+02 4.982366526702121482e+05
5.929742974297429328e+02 5.235083838514711824e+05
5.930243024302429831e+02 5.019619484525483567e+05
5.930743074307430334e+02 4.959330055780836847e+05
5.931243124312430837e+02 5.210247333611493814e+05
5.931743174317431340e+02 4.910751875244199764e+05
5.932243224322431843e+02 5.244168983838689746e+05
5.932743274327432346e+02 5.195804624363078037e+05
5.933243324332432849e+02 4.953010330353101599e+05
5.933743374337433352e+02 4.981583914450643351e+05
5.934243424342433855e+02 4.913556706993651460e+05
5.934743474347434358e+02 5.122609201460824115e+05
5.935243524352434861e+02 5.268104032580772182e+05
5.935743574357435364e+02 5.116438258411282441e+05
5.936243624362435867e+02 4.903690279459263547e+05
5.936743674367436370e+02 5.289763216284539085e+05
5.937243724372436873e+02 5.090082581583955907e+05
5.937743774377437376e+02 5.111305989769279840e+05
5.938243824382437879e+02 4.972733207700854400e+05
5.938743874387438382e+02 5.310893610377772711e+05
5.939243924392438885e+02 5.271892141225319356e+05
5.939743974397439388e+02 4.930646232976370957e+05
5.940244024402439891e+02 5.059340381359449821e+05
5.940744074407440394e+02 5.029426129839492496e+05
5.941244124412440897e+02 5.247138585114808520e+05
5.941744174417441400e+02 4.944859494239337509e+05
5.942244224422441903e+02 5.314100607703038258e+05
5.942744274427442406e+02 5.328397784625788918e+05
5.943244324432442909e+02 5.008791565366084105e+05
5.943744374437443412e+02 5.314969091066651745e+05
5.944244424442443915e+02 5.296354281966473209e+05
5.944744474447444418e+02 5.183162775064966991e+05
5.945244524452444921e+02 5.082891240315309260e+05
5.945744574457445424e+02 5.161205769429935026e+05
5.946244624462445927e+02 5.170197132780438988e+05
5.946744674467446430e+02 4.928141289078060072e+05
5.947244724472446933e+02 5.024902995045552962e+05
5.947744774477447436e+02 5.178388222582533490e+05
5.948244824482447939e+02 4.936513167577888235e+05
5.948744874487448442e+02 5.035394102907588822e+05
5.949244924492448945e+02 5.372035551384094870e+05
5.949744974497449448e+02 4.961537102329859626e+05
5.950245024502449951e+02 5.269066837247153744e+05
5.950745074507450454e+02 5.212352586833655369e+05
5.951245124512450957e+02 5.001299907552237273e+05
5.951745174517451460e+02 5.185391527486192062e+05
5.952245224522451963e+02 5.297665747243332444e+05
5.952745274527452466e+02 5.099801282753589330e+05
5.953245324532452969e+02 5.089426727479500696e+05
5.953745374537453472e+02 4.897145120963440277e+05
5.954245424542453975e+02 5.237214133577874745e+05
5.954745474547454478e+02 4.905052204154494102e+05
5.955245524552454981e+02 5.277907078849386889e+05
5.955745574557455484e+02 5.237821243389846641e+05
5.956245624562455987e+02 5.219053744634781033e+05
5.956745674567456490e+02 5.017754532142212847e+05
5.957245724572456993e+02 5.225393165332091739e+05
5.957745774577457496e+02 5.327703284122622572e+05
5.958245824582457999e+02 5.273878136927903397e+05
5.958745874587458502e+02 5.050787575747998198e+05
5.959245924592459005e+02 5.179502323317761184e+05
5.959745974597459508e+02 5.219172925557858543e+05
5.960246024602460011e+02 5.066783604277665727e+05
5.960746074607460514e+02 5.247115605624038726e+05
5.961246124612461017e+02 5.081479835535382736e+05
5.961746174617461520e+02 5.236590502391249174e+05
5.962246224622462023e+02 5.060564587131130975e+05
5.962746274627462526e+02 4.883115365856601275e+05
5.963246324632463029e+02 5.088011909631719464e+05
5.963746374637463532e+02 5.313247149049196159e+05
5.964246424642464035e+02 5.119998108746254584e+05
5.964746474647464538e+02 5.178899726220723824e+05
5.965246524652465041e+02 5.371391253138533793e+05
5.965746574657465544e+02 4.916913822305430076e+05
5.966246624662466047e+02 5.341847305445923703e+05
5.966746674667466550e+02 5.308673294459801400e+05
5.967246724672467053e+02 4.998470099621935515e+05
5.967746774677467556e+02 5.019118995331719052e+05
5.968246824682468059e+02 4.882941162716618855e+05
5.968746874687468562e+02 5.015045991806219681e+05
5.969246924692469065e+02 4.996432495308442158e+05
5.969746974697469568e+02 5.117383817133600242e+05
5.970247024702470071e+02 5.181586135795839364e+05
5.970747074707470574e+02 4.972083277097436367e+05
5.971247124712471077e+02 5.064148230572479661e+05
5.971747174717471580e+02 4.884705557590741664e+05
5.972247224722472083e+02 5.319123161729492713e+05
5.972747274727472586e+02 5.267046415791243780e+05
5.973247324732473089e+02 4.910193414031620487e+05
5.973747374737473592e+02 5.107313606723339180e+05
5.974247424742474095e+02 5.201249482874756213e+05
5.974747474747474598e+02 4.985227814241156448e+05
5.975247524752475101e+02 4.924170910816663527e+05
5.975747574757475604e+02 5.090532960645864368e+05
5.976247624762476107e+02 5.373413156728984322e+05
5.976747674767476610e+02 5.011576775407094974e+05
5.977247724772477113e+02 5.104261874291474232e+05
5.977747774777477616e+02 5.210820401356959483e+05
5.978247824782478119e+02 5.118954261872395291e+05
5.978747874787478622e+02 5.031085764194689691e+05
5.979247924792479125e+02 5.099048010154792573e+05
5.979747974797479628e+02 5.253535523178338772e+05
5.980248024802480131e+02 5.018816945238224580e+05
5.980748074807480634e+02 5.281860690456080483e+05
5.981248124812481137e+02 5.338746763407295803e+05
5.981748174817481640e+02 5.160832971221961780e+05
5.982248224822482143e+02 5.112019570474541397e+05
5.982748274827482646e+02 5.234326930256644846e+05
5.983248324832483149e+02 5.330083546685241163e+05
5.983748374837483652e+02 5.221991663798787631e+05
5.984248424842484155e+02 5.277441167433464434e+05
5.984748474847484658e+02 4.885516635897841188e+05
5.985248524852485161e+02 5.316231867658814881e+05
5.985748574857485664e+02 4.886917232616576366e+05
5.986248624862486167e+02 5.071672869461516966e+05
5.986748674867486670e+02 5.023909612879818305e+05
5.987248724872487173e+02 5.122034668602650054e+05
5.987748774877487676e+02 5.343871384625894716e+05
5.988248824882488179e+02 5.319619290935926838e+05
5.988748874887488682e+02 5.376693182795629837e+05
5.989248924892489185e+02 5.324856758889409248e+05
5.989748974897489688e+02 5.281081625919335056e+05
5.990249024902490191e+02 5.282671003256547265e+05
5.990749074907490694e+02 5.063509531497331336e+05
5.991249124912491197e+02 5.168957487445110455e+05
5.991749174917491700e+02 5.065546173079501023e+05
5.992249224922492203e+02 5.105919700386867626e+05
5.992749274927492706e+02 5.266182278420922812e+05
5.993249324932493209e+02 5.278286646463670768e+05
5.993749374937493712e+02 5.129341662895648042e+05
5.994249424942494215e+02 4.934313540831010905e+05
5.994749474947494718e+02 5.318678726103930967e+05
5.995249524952495221e+02 5.013390917782041943e+05
5.995749574957495724e+02 5.371636102258086903e+05
5.996249624962496227e+02 4.956002461112405290e+05
5.996749674967496730e+02 4.938510254050629446e+05
5.997249724972497233e+02 5.005195199656843324e+05
5.997749774977497736e+02 5.210998112091392395e+05
5.998249824982498239e+02 5.368300833824521396e+05
5.998749874987498742e+02 5.276814090982123744e+05
5.999249924992499245e+02 4.992201610235395492e+05
5.999749974997499748e+02 4.941725929998853826e+05
6.000250025002500252e+02 5.308351477197993081e+05
6.000750075007500755e+02 5.163064950773870223e+05
6.001250125012501258e+02 4.986033973103106255e+05
6.001750175017501761e+02 5.105245365901029436e+05
6.002250225022502264e+02 5.190110237637752434e+05
6.002750275027502767e+02 5.225412991136891069e+05
6.003250325032503270e+02 5.019952197382763261e+05
6.003750375037503773e+02 5.009901765869266819e+05
6.004250425042504276e+02 5.235417235823802766e+05
6.004750475047504779e+02 5.094271766519290977e+05
6.005250525052505282e+02 5.189305467231229995e+05
6.005750575057505785e+02 5.168902673132031923e+05
6.006250625062506288e+02 4.965806199315338163e+05
6.006750675067506791e+02 5.055398859799125930e+05
6.007250725072507294e+02 5.062094913430705783e+05
6.007750775077507797e+02 5.188893917369240080e+05
6.008250825082508300e+02 5.322024464062559418e+05
6.008750875087508803e+02 5.333663128432920203e+05
6.009250925092509306e+02 4.983542619356541545e+05
6.009750975097509809e+02 5.295898816219773144e+05
6.010251025102510312e+02 5.092311165556184715e+05
6.010751075107510815e+02 5.362216372926165350e+05
6.011251125112511318e+02 4.959779512214263668e+05
6.011751175117511821e+02 5.345593218305282062e+05
6.012251225122512324e+02 5.114905901870617527e+05
6.012751275127512827e+02 5.287276264134721132e+05
6.013251325132513330e+02 4.959120377493374399e+05
6.013751375137513833e+02 5.012949371135169058e+05
6.014251425142514336e+02 5.129553257039072923e+05
6.014751475147514839e+02 5.037631583735428285e+05
6.015251525152515342e+02 5.109676715338593349e+05
6.015751575157515845e+02 5.045737535871901200e+05
6.016251625162516348e+02 5.343078669538152171e+05
6.016751675167516851e+02 4.901407490388802253e+05
6.017251725172517354e+02 4.874232341548016993e+05
6.017751775177517857e+02 5.000655029647142510e+05
6.018251825182518360e+02 4.972591343591114855e+05
6.018751875187518863e+02 4.888078056087896111e+05
6.019251925192519366e+02 5.203084023282777052e+05
6.019751975197519869e+02 5.349683124361790251e+05
6.020252025202520372e+02 5.073328628426930518e+05
6.020752075207520875e+02 5.256708832309488207e+05
6.021252125212521378e+02 4.962248331899138866e+05
6.021752175217521881e+02 5.265856416172034806e+05
6.022252225222522384e+02 5.027372584042628878e+05
6.022752275227522887e+02 5.080098701656193589e+05
6.023252325232523390e+02 5.003288356423487421e+05
6.023752375237523893e+02 5.023793878177941078e+05
6.024252425242524396e+02 4.982408413115624571e+05
6.024752475247524899e+02 5.273941731918756850e+05
6.025252525252525402e+02 5.029712016695541679e+05
6.025752575257525905e+02 5.247002577146794647e+05
6.026252625262526408e+02 4.885276748065082938e+05
6.026752675267526911e+02 5.215569051816513529e+05
6.027252725272527414e+02 5.044416647803035448e+05
6.027752775277527917e+02 5.202891382967366953e+05
6.028252825282528420e+02 5.367465572793579195e+05
6.028752875287528923e+02 5.101817693967290688e+05
6.029252925292529426e+02 5.318188464167658240e+05
6.029752975297529929e+02 5.300723188153497176e+05
6.030253025302530432e+02 4.912531978304200456e+05
6.030753075307530935e+02 5.337229971850068541e+05
6.031253125312531438e+02 4.902321373327685869e+05
6.031753175317531941e+02 4.987637597534123342e+05
6.032253225322532444e+02 4.947858531519728713e+05
6.032753275327532947e+02 5.192690431899385876e+05
6.033253325332533450e+02 4.899351278567238478e+05
6.033753375337533953e+02 5.002289278515626793e+05
6.034253425342534456e+02 5.253026968890544958e+05
6.034753475347534959e+02 5.279139304713052697e+05
6.035253525352535462e+02 5.294382879944383167e+05
6.035753575357535965e+02 5.282025611432770966e+05
6.036253625362536468e+02 5.219979120955304243e+05
6.036753675367536971e+02 5.263162151860921877e+05
6.037253725372537474e+02 5.161993185585504980e+05
6.037753775377537977e+02 5.196321028655039845e+05
6.038253825382538480e+02 5.332488801078412216e+05
6.038753875387538983e+02 4.981592647356662783e+05
6.039253925392539486e+02 5.033273746367651038e+05
6.039753975397539989e+02 5.100392799096506205e+05
6.040254025402540492e+02 5.264395771346600959e+05
6.040754075407540995e+02 4.933526020192884025e+05
6.041254125412541498e+02 4.986044603809784749e+05
6.041754175417542001e+02 5.319762285894228844e+05
6.042254225422542504e+02 5.314928391541558085e+05
6.042754275427543007e+02 5.002621237794116605e+05
6.043254325432543510e+02 5.301920530923799379e+05
6.043754375437544013e+02 5.092393922723723226e+05
6.044254425442544516e+02 5.145470305362982326e+05
6.044754475447545019e+02 4.893286177432943950e+05
6.045254525452545522e+02 5.205309346399083734e+05
6.045754575457546025e+02 5.150774793730401434e+05
6.046254625462546528e+02 5.294612864661924541e+05
6.046754675467547031e+02 5.072705573471684474e+05
6.047254725472547534e+02 4.913296347254030406e+05
6.047754775477548037e+02 5.028471194986752816e+05
6.048254825482548540e+02 4.987263853936555679e+05
6.048754875487547906e+02 5.292922239222327480e+05
6.049254925492548409e+02 5.171984470821848954e+05
6.049754975497548912e+02 5.129371082508949330e+05
6.050255025502549415e+02 5.320861734999911860e+05
6.050755075507549918e+02 4.976712640690528788e+05
6.051255125512550421e+02 5.013453910691571655e+05
6.051755175517550924e+02 5.343336539226103341e+05
6.052255225522551427e+02 5.067123918701616931e+05
6.052755275527551930e+02 5.305102690697434591e+05
6.053255325532552433e+02 5.045507247498968500e+05
6.053755375537552936e+02 5.208530692964324844e+05
6.054255425542553439e+02 5.017098891182953375e+05
6.054755475547553942e+02 5.025130893955617212e+05
6.055255525552554445e+02 5.225591980249308399e+05
6.055755575557554948e+02 4.933939957959050662e+05
6.056255625562555451e+02 5.289321050507074688e+05
6.056755675567555954e+02 4.897492543582025683e+05
6.057255725572556457e+02 5.189284356634183205e+05
6.057755775577556960e+02 5.031910985460167867e+05
6.058255825582557463e+02 5.137081793142428505e+05
6.058755875587557966e+02 4.993987556043044897e+05
6.059255925592558469e+02 5.230282270960707101e+05
6.059755975597558972e+02 4.999435780236523715e+05
6.060256025602559475e+02 5.119895415483267861e+05
6.060756075607559978e+02 5.063384874886538018e+05
6.061256125612560481e+02 5.118930585824967129e+05
6.061756175617560984e+02 5.254408938465078827e+05
6.062256225622561487e+02 5.064423082752406481e+05
6.062756275627561990e+02 5.059914706600712962e+05
6.063256325632562493e+02 4.885463409174963599e+05
6.063756375637562996e+02 5.152271036484053475e+05
6.064256425642563499e+02 4.905115234837783501e+05
6.064756475647564002e+02 5.031818506556276698e+05
6.065256525652564505e+02 5.016867583696132060e+05
6.065756575657565008e+02 5.322438253090969520e+05
6.066256625662565511e+02 5.219175070679591154e+05
6.066756675667566014e+02 5.325892564567063237e+05
6.067256725672566517e+02 5.285303540751414839e+05
6.067756775677567020e+02 5.274502296107364818e+05
6.068256825682567523e+02 5.014250540893291472e+05
6.068756875687568026e+02 5.095111552669235389e+05
6.069256925692568529e+02 4.879172264035244589e+05
6.069756975697569032e+02 5.045593057354785851e+05
6.070257025702569535e+02 5.371952382574063959e+05
6.070757075707570039e+02 4.968949851325196796e+05
6.071257125712570542e+02 5.293158314358163625e+05
6.071757175717571045e+02 5.296300917002455099e+05
6.072257225722571548e+02 5.027098074976204662e+05
6.072757275727572051e+02 5.211401564833081211e+05
6.073257325732572554e+02 5.206157540399437421e+05
6.073757375737573057e+02 5.272331559189504478e+05
6.074257425742573560e+02 5.221400937963210745e+05
6.074757475747574063e+02 5.023475258283088333e+05
6.075257525752574566e+02 5.304972927224069135e+05
6.075757575757575069e+02 5.073405978056793683e+05
6.076257625762575572e+02 5.077228979639708414e+05
6.076757675767576075e+02 5.074053981935653719e+05
6.077257725772576578e+02 4.993597733808514895e+05
6.077757775777577081e+02 5.237722131982799037e+05
6.078257825782577584e+02 5.373121910421990324e+05
6.078757875787578087e+02 4.898740123837329447e+05
6.079257925792578590e+02 5.216640253632906242e+05
6.079757975797579093e+02 4.975226205654675141e+05
6.080258025802579596e+02 5.119843214364308515e+05
6.080758075807580099e+02 5.046392419851175509e+05
6.081258125812580602e+02 5.192073612492390093e+05
6.081758175817581105e+02 5.216491708836463513e+05
6.082258225822581608e+02 4.928491802919546026e+05
6.082758275827582111e+02 5.037777926738132956e+05
6.083258325832582614e+02 5.193538415327380062e+05
6.083758375837583117e+02 5.172051864890737343e+05
6.084258425842583620e+02 4.909352291672134306e+05
6.084758475847584123e+02 4.903580778075312846e+05
6.085258525852584626e+02 5.336688217442427995e+05
6.085758575857585129e+02 5.221430153784124414e+05
6.086258625862585632e+02 5.120019707441240316e+05
6.086758675867586135e+02 4.985674853130981792e+05
6.087258725872586638e+02 5.317312379633075325e+05
6.087758775877587141e+02 4.959252099743547733e+05
6.088258825882587644e+02 5.107716275981455110e+05
6.088758875887588147e+02 5.046866927083262126e+05
6.089258925892588650e+02 5.032634740602711099e+05
6.089758975897589153e+02 5.229273939752060105e+05
6.090259025902589656e+02 4.872709738910398446e+05
6.090759075907590159e+02 5.338933692967619281e+05
6.091259125912590662e+02 5.189598413311367622e+05
6.091759175917591165e+02 4.929767246405057958e+05
6.092259225922591668e+02 5.218471496753343381e+05
6.092759275927592171e+02 5.091100833856329555e+05
6.093259325932592674e+02 5.046500005813237512e+05
6.093759375937593177e+02 5.182854926375505747e+05
6.094259425942593680e+02 5.314836452695407206e+05
6.094759475947594183e+02 5.344049791159229353e+05
6.095259525952594686e+02 5.353016005676030181e+05
6.095759575957595189e+02 4.928514498750996427e+05
6.096259625962595692e+02 5.145139189318487770e+05
6.096759675967596195e+02 4.964506461357442313e+05
6.097259725972596698e+02 5.271857295253557386e+05
6.097759775977597201e+02 5.095465410055812099e+05
6.098259825982597704e+02 5.313071380944866687e+05
6.098759875987598207e+02 5.122997357675842941e+05
6.099259925992598710e+02 5.221857194900849136e+05
6.099759975997599213e+02 5.041849909443123033e+05
6.100260026002599716e+02 5.311819094286350301e+05
6.100760076007600219e+02 4.874354492750849458e+05
6.101260126012600722e+02 5.149297686219440075e+05
6.101760176017601225e+02 4.952582688690027571e+05
6.102260226022601728e+02 5.306709789870227687e+05
6.102760276027602231e+02 5.042428086798071745e+05
6.103260326032602734e+02 5.245490429691839963e+05
6.103760376037603237e+02 5.173452010705157300e+05
6.104260426042603740e+02 5.139690503275592928e+05
6.104760476047604243e+02 5.302538273020689376e+05
6.105260526052604746e+02 5.355228508635746548e+05
6.105760576057605249e+02 5.319230266715586185e+05
6.106260626062605752e+02 5.120082881250979844e+05
6.106760676067606255e+02 5.208725601424825145e+05
6.107260726072606758e+02 4.928537890772676910e+05
6.107760776077607261e+02 5.249946521233919775e+05
6.108260826082607764e+02 5.027262868846263736e+05
6.108760876087608267e+02 4.896350456121695461e+05
6.109260926092608770e+02 5.299311116637849482e+05
6.109760976097609273e+02 5.332844297094155336e+05
6.110261026102609776e+02 5.239525351996272802e+05
6.110761076107610279e+02 5.012423175685466849e+05
6.111261126112610782e+02 5.021603282395928982e+05
6.111761176117611285e+02 5.243656484379391186e+05
6.112261226122611788e+02 4.977206709033097723e+05
6.112761276127612291e+02 5.167449103123311652e+05
6.113261326132612794e+02 5.231735307869898970e+05
6.113761376137613297e+02 5.247486402943684952e+05
6.114261426142613800e+02 5.039429730195935117e+05
6.114761476147614303e+02 5.274004637828585692e+05
6.115261526152614806e+02 4.978365642833739985e+05
6.115761576157615309e+02 4.916197307002512389e+05
6.116261626162615812e+02 5.228619988112331484e+05
6.116761676167616315e+02 5.341426040018299827e+05
6.117261726172616818e+02 5.162124531033924432e+05
6.117761776177617321e+02 5.146399119491035235e+05
6.118261826182617824e+02 5.357309924762430601e+05
6.118761876187618327e+02 5.035738792861528927e+05
6.119261926192618830e+02 5.305737704455634812e+05
6.119761976197619333e+02 4.971911647437082720e+05
6.120262026202619836e+02 5.069214580630412675e+05
6.120762076207620339e+02 5.033220544803367229e+05
6.121262126212620842e+02 5.280234451207467355e+05
6.121762176217621345e+02 5.025229715416075196e+05
6.122262226222621848e+02 5.203126254193482455e+05
6.122762276227622351e+02 5.357954091602839762e+05
6.123262326232622854e+02 5.285754623148159590e+05
6.123762376237623357e+02 4.950917789832504932e+05
6.124262426242623860e+02 4.884442702987766825e+05
6.124762476247624363e+02 5.181964709551305859e+05
6.125262526252624866e+02 5.054723806088133133e+05
6.125762576257625369e+02 4.914561400077905855e+05
6.126262626262625872e+02 5.261493233948866837e+05
6.126762676267626375e+02 4.944196284625461558e+05
6.127262726272626878e+02 5.266008038711330155e+05
6.127762776277627381e+02 4.944027732112188241e+05
6.128262826282627884e+02 4.916812417444595485e+05
6.128762876287628387e+02 5.259637903533020290e+05
6.129262926292628890e+02 4.921528167195826536e+05
6.129762976297629393e+02 5.122408571599178831e+05
6.130263026302629896e+02 5.216658885063494672e+05
6.130763076307630399e+02 5.139223698187968694e+05
6.131263126312630902e+02 5.372472715426243376e+05
6.131763176317631405e+02 5.001535965443941532e+05
6.132263226322631908e+02 5.038408814818094252e+05
6.132763276327632411e+02 5.128325256302409689e+05
6.133263326332632914e+02 5.139138576987370616e+05
6.133763376337633417e+02 5.091619517881727079e+05
6.134263426342633920e+02 4.898658182768122060e+05
6.134763476347634423e+02 5.075340232596268761e+05
6.135263526352634926e+02 5.361686263469274854e+05
6.135763576357635429e+02 5.267740055288918084e+05
6.136263626362635932e+02 5.117954753651911742e+05
6.136763676367636435e+02 4.910863063342638779e+05
6.137263726372636938e+02 5.098326604922622791e+05
6.137763776377637441e+02 5.159732920545601519e+05
6.138263826382637944e+02 5.129178949856909458e+05
6.138763876387638447e+02 4.990647706002570922e+05
6.139263926392638950e+02 5.150975782665373408e+05
6.139763976397639453e+02 5.285153877889355645e+05
6.140264026402639956e+02 4.989566771038905717e+05
6.140764076407640459e+02 5.063755791870924877e+05
6.141264126412640962e+02 5.373569215460569831e+05
6.141764176417641465e+02 5.149012749871549895e+05
6.142264226422641968e+02 5.240417107441929984e+05
6.142764276427642471e+02 5.325282451204886893e+05
6.143264326432642974e+02 5.228197020612853812e+05
6.143764376437643477e+02 4.983383706775221508e+05
6.144264426442643980e+02 5.047830059664885048e+05
6.144764476447644483e+02 4.946962179031058331e+05
6.145264526452644986e+02 5.256628849126084242e+05
6.145764576457645489e+02 4.974270156405878370e+05
6.146264626462645992e+02 5.128785207552184002e+05
6.146764676467646495e+02 5.204594290299330023e+05
6.147264726472646998e+02 5.315209139051981037e+05
6.147764776477647501e+02 5.131045143418951775e+05
6.148264826482648004e+02 4.912818631741425488e+05
6.148764876487648507e+02 5.277214253299456323e+05
6.149264926492649010e+02 5.235650149786437978e+05
6.149764976497649513e+02 5.329230885162908817e+05
6.150265026502650016e+02 5.306760602486202260e+05
6.150765076507650519e+02 5.138934045936370385e+05
6.151265126512651022e+02 5.040483831529432209e+05
6.151765176517651526e+02 5.227520701861432754e+05
6.152265226522652029e+02 5.111775008959185216e+05
6.152765276527652532e+02 5.041269728147792048e+05
6.153265326532653035e+02 5.288475205155663425e+05
6.153765376537653538e+02 5.348000343137548771e+05
6.154265426542654041e+02 5.199483117538368679e+05
6.154765476547654544e+02 5.202032861267979024e+05
6.155265526552655047e+02 5.261568706142072333e+05
6.155765576557655550e+02 5.378527967218939448e+05
6.156265626562656053e+02 5.375315908450724091e+05
6.156765676567656556e+02 4.980121375929118367e+05
6.157265726572657059e+02 5.028788483247039840e+05
6.157765776577657562e+02 5.207264372769890469e+05
6.158265826582658065e+02 4.951062866316671716e+05
6.158765876587658568e+02 5.117055809029869270e+05
6.159265926592659071e+02 4.912584264545745100e+05
6.159765976597659574e+02 5.279093787616810296e+05
6.160266026602660077e+02 5.061295391802246450e+05
6.160766076607660580e+02 5.292999348895484582e+05
6.161266126612661083e+02 5.300516279570122715e+05
6.161766176617661586e+02 5.286408248851686949e+05
6.162266226622662089e+02 5.148133191918421653e+05
6.162766276627662592e+02 5.365845715276843403e+05
6.163266326632663095e+02 5.223541938759913319e+05
6.163766376637663598e+02 5.285593050527299056e+05
6.164266426642664101e+02 4.948821103240108350e+05
6.164766476647664604e+02 4.949135925889753853e+05
6.165266526652665107e+02 5.173210135891380487e+05
6.165766576657665610e+02 4.908583912996603758e+05
6.166266626662666113e+02 5.239135858515262953e+05
6.166766676667666616e+02 5.133044721461664303e+05
6.167266726672667119e+02 5.116520434212436667e+05
6.167766776677667622e+02 5.293708714425818762e+05
6.168266826682668125e+02 5.255900413259007037e+05
6.168766876687668628e+02 5.237975491763769533e+05
6.169266926692669131e+02 4.886255251027895720e+05
6.169766976697669634e+02 5.303072801701991120e+05
6.170267026702670137e+02 5.266621783236869378e+05
6.170767076707670640e+02 5.270509421923120972e+05
6.171267126712671143e+02 5.014096326243750518e+05
6.171767176717671646e+02 5.321761091813981766e+05
6.172267226722672149e+02 5.239519317997941980e+05
6.172767276727672652e+02 5.013025370411067270e+05
6.173267326732673155e+02 5.340649496670644730e+05
6.173767376737673658e+02 5.104493413949134410e+05
6.174267426742674161e+02 5.204853775036752922e+05
6.174767476747674664e+02 5.345518633921771543e+05
6.175267526752675167e+02 5.323408794781867182e+05
6.175767576757675670e+02 5.298886507285550470e+05
6.176267626762676173e+02 5.270983158232485875e+05
6.176767676767676676e+02 5.247163415273152059e+05
6.177267726772677179e+02 5.080886987307214877e+05
6.177767776777677682e+02 5.018486004807142308e+05
6.178267826782678185e+02 5.109419615112678148e+05
6.178767876787678688e+02 5.315728112749785651e+05
6.179267926792679191e+02 5.100816551774590043e+05
6.179767976797679694e+02 5.215596673383538146e+05
6.180268026802680197e+02 5.244481603415828431e+05
6.180768076807680700e+02 4.980761475906551350e+05
6.181268126812681203e+02 4.945787534674909548e+05
6.181768176817681706e+02 4.994175441806110321e+05
6.182268226822682209e+02 5.046092236552273389e+05
6.182768276827682712e+02 5.153060958402436809e+05
6.183268326832683215e+02 5.286657139826668426e+05
6.183768376837683718e+02 5.254040049890729133e+05
6.184268426842684221e+02 5.359909490830004215e+05
6.184768476847684724e+02 5.163728770237885183e+05
6.185268526852685227e+02 5.084084771218776004e+05
6.185768576857685730e+02 5.183327527739604120e+05
6.186268626862686233e+02 5.013006882526123663e+05
6.186768676867686736e+02 5.182416965368831879e+05
6.187268726872687239e+02 5.145821935065962607e+05
6.187768776877687742e+02 5.291554080692644930e+05
6.188268826882688245e+02 4.876532829877362237e+05
6.188768876887688748e+02 5.041109454759450746e+05
6.189268926892689251e+02 4.926182651589689194e+05
6.189768976897689754e+02 5.198774945926081273e+05
6.190269026902690257e+02 5.005188315990044503e+05
6.190769076907690760e+02 4.967651325232018717e+05
6.191269126912691263e+02 5.019579239299311885e+05
6.191769176917691766e+02 5.231267701063778368e+05
6.192269226922692269e+02 4.976624432104187435e+05
6.192769276927692772e+02 5.080571693643706967e+05
6.193269326932693275e+02 5.121150350463205250e+05
6.193769376937693778e+02 5.297897891391585581e+05
6.194269426942694281e+02 5.314516984859721269e+05
6.194769476947694784e+02 5.332376095895161852e+05
6.195269526952695287e+02 5.314170319591399748e+05
6.195769576957695790e+02 4.936254888615370146e+05
6.196269626962696293e+02 4.985489897090322338e+05
6.196769676967696796e+02 4.999721018427464296e+05
6.197269726972697299e+02 4.932621851186763379e+05
6.197769776977697802e+02 5.404508060471909121e+05
6.198269826982698305e+02 5.089231928795223939e+05
6.198769876987698808e+02 5.291153132350574015e+05
6.199269926992699311e+02 5.209988437956596608e+05
6.199769976997699814e+02 5.428368593866889132e+05
6.200270027002700317e+02 5.007030038286857889e+05
6.200770077007700820e+02 5.297205077720419504e+05
6.201270127012701323e+02 5.238740900031473138e+05
6.201770177017701826e+02 4.967968270029296400e+05
6.202270227022702329e+02 5.368783175868125400e+05
6.202770277027702832e+02 5.056788969752126141e+05
6.203270327032703335e+02 5.197773416184748057e+05
6.203770377037703838e+02 5.186681167819175753e+05
6.204270427042704341e+02 5.413208477929019136e+05
6.204770477047704844e+02 5.130288189746724092e+05
6.205270527052705347e+02 5.496169369952270063e+05
6.205770577057705850e+02 5.236013021261002286e+05
6.206270627062706353e+02 5.501693065505505074e+05
6.206770677067706856e+02 5.274551769004763337e+05
6.207270727072707359e+02 5.192395567245626007e+05
6.207770777077707862e+02 5.328105587333849398e+05
6.208270827082708365e+02 5.304998010093694320e+05
6.208770877087708868e+02 5.588152580088106915e+05
6.209270927092709371e+02 5.764752131850552978e+05
6.209770977097709874e+02 5.370848004052251345e+05
6.210271027102710377e+02 5.792125470128845191e+05
6.210771077107710880e+02 5.464576257676603273e+05
6.211271127112711383e+02 5.571232184859847184e+05
6.211771177117711886e+02 5.973898785580191761e+05
6.212271227122712389e+02 5.874401691030425718e+05
6.212771277127712892e+02 5.867276384309008718e+05
6.213271327132713395e+02 5.716756285109363962e+05
6.213771377137713898e+02 5.823298317982872250e+05
6.214271427142714401e+02 5.953541755104243057e+05
6.214771477147714904e+02 5.730424772265023785e+05
6.215271527152715407e+02 6.070926773705990054e+05
6.215771577157715910e+02 5.878556103979074396e+05
6.216271627162716413e+02 5.757509259042274207e+05
6.216771677167716916e+02 6.282827246526178205e+05
6.217271727172717419e+02 6.115524040684597567e+05
6.217771777177717922e+02 5.797139025243215729e+05
6.218271827182718425e+02 6.166064642240212997e+05
6.218771877187718928e+02 6.224053091060841689e+05
6.219271927192719431e+02 5.806972850422455231e+05
6.219771977197719934e+02 6.373285612504426390e+05
6.220272027202720437e+02 6.153080339164682664e+05
6.220772077207720940e+02 6.332407406118430663e+05
6.221272127212721443e+02 5.871210931176276645e+05
6.221772177217721946e+02 5.839933154592664214e+05
6.222272227222722449e+02 6.083539741775837028e+05
6.222772277227722952e+02 5.936454806737351464e+05
6.223272327232723455e+02 6.096385049891395029e+05
6.223772377237723958e+02 6.043836237354547484e+05
6.224272427242724461e+02 5.729773432474294677e+05
6.224772477247724964e+02 5.768948699979294324e+05
6.225272527252725467e+02 5.999748231015360216e+05
6.225772577257725970e+02 5.595766567352971761e+05
6.226272627262726473e+02 5.908833943044766784e+05
6.226772677267726976e+02 5.535535399343534373e+05
6.227272727272727479e+02 5.846057559847261291e+05
6.227772777277727982e+02 5.542938166156143416e+05
6.228272827282728485e+02 5.652481667711207410e+05
6.228772877287728988e+02 5.622259511785758659e+05
6.229272927292729491e+02 5.554075922877698904e+05
6.229772977297729994e+02 5.767290903831658652e+05
6.230273027302730497e+02 5.696946467770527815e+05
6.230773077307731000e+02 5.825311895775204757e+05
6.231273127312731503e+02 5.633898492706317920e+05
6.231773177317732006e+02 5.701401263506084215e+05
6.232273227322732509e+02 5.258962016210245201e+05
6.232773277327733012e+02 5.525265182392088464e+05
6.233273327332733516e+02 5.282914686841560761e+05
6.233773377337734019e+02 5.555889516914889682e+05
6.234273427342734522e+02 5.602801353031173348e+05
6.234773477347735025e+02 5.238953513639684534e+05
6.235273527352735528e+02 5.278778923135112273e+05
6.235773577357736031e+02 5.141899867984242737e+05
6.236273627362736534e+02 5.353368909259346547e+05
6.236773677367737037e+02 5.487422693373507354e+05
6.237273727372737540e+02 5.056437997545396793e+05
6.237773777377738043e+02 5.122629175906975870e+05
6.238273827382738546e+02 5.304146140294788638e+05
6.238773877387739049e+02 4.967809533331890125e+05
6.239273927392739552e+02 5.063717538059240323e+05
6.239773977397740055e+02 5.427487471395622706e+05
6.240274027402740558e+02 4.921353711088797427e+05
6.240774077407741061e+02 5.010059385184544954e+05
6.241274127412741564e+02 5.231720809839520953e+05
6.241774177417742067e+02 5.237819797244994552e+05
6.242274227422742570e+02 5.219625933193851961e+05
6.242774277427743073e+02 4.949693899039142998e+05
6.243274327432743576e+02 4.940040654552573105e+05
6.243774377437744079e+02 5.194109694067352102e+05
6.244274427442744582e+02 4.982437109565481078e+05
6.244774477447745085e+02 5.121166463369223056e+05
6.245274527452745588e+02 5.321132420778921805e+05
6.245774577457746091e+02 5.267701341676373268e+05
6.246274627462746594e+02 5.010301923299976042e+05
6.246774677467747097e+02 4.950214475570641807e+05
6.247274727472747600e+02 5.137047190530560329e+05
6.247774777477748103e+02 5.365701354647603584e+05
6.248274827482748606e+02 5.381847566395149333e+05
6.248774877487749109e+02 5.340425931589023676e+05
6.249274927492749612e+02 5.185579857966421987e+05
6.249774977497750115e+02 5.264413090618053684e+05
6.250275027502750618e+02 5.235213940205829567e+05
6.250775077507751121e+02 4.871764036542020622e+05
6.251275127512751624e+02 5.076902966058324673e+05
6.251775177517752127e+02 4.887772668115618872e+05
6.252275227522752630e+02 4.973394605796621181e+05
6.252775277527753133e+02 5.329945934277605265e+05
6.253275327532753636e+02 5.309659442440944258e+05
6.253775377537754139e+02 5.085486062908919994e+05
6.254275427542754642e+02 5.148344378468397772e+05
6.254775477547755145e+02 5.003439656223820057e+05
6.255275527552755648e+02 5.324343649279957172e+05
6.255775577557756151e+02 4.968542431440645014e+05
6.256275627562756654e+02 5.355364697504548822e+05
6.256775677567757157e+02 5.119120870671728626e+05
6.257275727572757660e+02 4.959412070862609544e+05
6.257775777577758163e+02 5.130741439317671466e+05
6.258275827582758666e+02 4.915316504729274311e+05
6.258775877587759169e+02 5.249523068236014806e+05
6.259275927592759672e+02 5.112451355517138145e+05
6.259775977597760175e+02 5.146622371962403995e+05
6.260276027602760678e+02 5.144653968114679446e+05
6.260776077607761181e+02 4.881155801141276024e+05
6.261276127612761684e+02 5.140648484187373542e+05
6.261776177617762187e+02 5.244385962989270920e+05
6.262276227622762690e+02 5.201654622710237745e+05
6.262776277627763193e+02 5.314671578346637543e+05
6.263276327632763696e+02 4.883559943326261127e+05
6.263776377637764199e+02 5.025238749326471589e+05
6.264276427642764702e+02 5.269838769913150463e+05
6.264776477647765205e+02 5.199816639380721026e+05
6.265276527652765708e+02 5.059409271279498353e+05
6.265776577657766211e+02 5.289916440935594728e+05
6.266276627662766714e+02 5.262965580960739171e+05
6.266776677667767217e+02 4.980315559676996781e+05
6.267276727672767720e+02 5.271962274171941681e+05
6.267776777677768223e+02 5.185498952231639996e+05
6.268276827682768726e+02 5.207096955257994705e+05
6.268776877687769229e+02 5.113666189258306986e+05
6.269276927692769732e+02 5.299192340910714120e+05
6.269776977697770235e+02 5.089832401054747752e+05
6.270277027702770738e+02 5.357439136636611074e+05
6.270777077707771241e+02 5.210287618127941387e+05
6.271277127712771744e+02 5.063652283181808889e+05
6.271777177717772247e+02 5.335667532025370747e+05
6.272277227722772750e+02 5.209492823126718285e+05
6.272777277727773253e+02 5.271250209586862475e+05
6.273277327732773756e+02 5.338677867368622683e+05
6.273777377737774259e+02 4.891714961287863553e+05
6.274277427742774762e+02 4.877185316914422438e+05
6.274777477747775265e+02 5.001211867760041496e+05
6.275277527752775768e+02 4.961102602967139683e+05
6.275777577757776271e+02 4.998464363902806654e+05
6.276277627762776774e+02 4.877145050435067387e+05
6.276777677767777277e+02 4.994368683974119485e+05
6.277277727772777780e+02 4.945812971635312424e+05
6.277777777777778283e+02 5.171854325169827207e+05
6.278277827782778786e+02 5.247051648442524020e+05
6.278777877787779289e+02 5.291187438958503772e+05
6.279277927792779792e+02 5.179336728849201463e+05
6.279777977797780295e+02 4.891499658885804820e+05
6.280278027802780798e+02 5.191651457949355827e+05
6.280778077807781301e+02 5.017410088431769400e+05
6.281278127812781804e+02 5.148334777593326871e+05
6.281778177817782307e+02 5.195441302392514190e+05
6.282278227822782810e+02 5.021907253700305591e+05
6.282778277827783313e+02 5.370281046428941190e+05
6.283278327832783816e+02 5.246651228066228796e+05
6.283778377837784319e+02 5.041248723302725120e+05
6.284278427842784822e+02 5.267997315542285796e+05
6.284778477847785325e+02 4.903344707163022831e+05
6.285278527852785828e+02 5.017944049343947554e+05
6.285778577857786331e+02 4.869374343862446258e+05
6.286278627862786834e+02 5.070219255470259232e+05
6.286778677867787337e+02 5.373663006081164349e+05
6.287278727872787840e+02 5.156969586173963035e+05
6.287778777877788343e+02 5.241047147855343064e+05
6.288278827882788846e+02 5.366197442741487175e+05
6.288778877887789349e+02 5.004551032644059742e+05
6.289278927892789852e+02 4.886445146309111151e+05
6.289778977897790355e+02 5.041822052234798903e+05
6.290279027902790858e+02 5.095426344848691951e+05
6.290779077907791361e+02 5.069559290984022664e+05
6.291279127912791864e+02 4.960661797327209497e+05
6.291779177917792367e+02 5.067993619041877682e+05
6.292279227922792870e+02 5.011028809222486452e+05
6.292779277927793373e+02 5.085089493532370543e+05
6.293279327932793876e+02 4.955412270472952514e+05
6.293779377937794379e+02 5.125423116697682417e+05
6.294279427942794882e+02 5.105162044988599373e+05
6.294779477947795385e+02 5.063250297319714446e+05
6.295279527952795888e+02 5.335604278616781812e+05
6.295779577957796391e+02 5.182323023257100722e+05
6.296279627962796894e+02 5.205736397586726234e+05
6.296779677967797397e+02 4.936746085218254011e+05
6.297279727972797900e+02 5.125817039422765956e+05
6.297779777977798403e+02 4.990590182499808725e+05
6.298279827982798906e+02 4.952141159942409722e+05
6.298779877987799409e+02 5.149819082788513624e+05
6.299279927992799912e+02 5.397459211489750305e+05
6.299779977997800415e+02 4.951874272576749790e+05
6.300280028002800918e+02 5.111771494958238327e+05
6.300780078007801421e+02 5.116649814404473873e+05
6.301280128012801924e+02 5.199012504384785425e+05
6.301780178017802427e+02 5.004933490703557618e+05
6.302280228022802930e+02 5.147624277732004412e+05
6.302780278027803433e+02 5.139769099718173384e+05
6.303280328032803936e+02 5.014500008950839983e+05
6.303780378037804439e+02 5.235841690807542182e+05
6.304280428042804942e+02 5.304613163077218924e+05
6.304780478047805445e+02 5.271970054085811134e+05
6.305280528052805948e+02 5.166677991033309372e+05
6.305780578057806451e+02 5.338862000204869546e+05
6.306280628062806954e+02 5.269167876255960437e+05
6.306780678067807457e+02 5.214385078303826158e+05
6.307280728072807960e+02 5.628841721146710915e+05
6.307780778077808463e+02 5.642603711356250569e+05
6.308280828082808966e+02 5.395754075453258120e+05
6.308780878087809469e+02 5.360643537657200359e+05
6.309280928092809972e+02 5.655902752087465487e+05
6.309780978097810475e+02 5.650112764199997764e+05
6.310281028102810978e+02 5.448067438278476475e+05
6.310781078107810345e+02 5.618394020896775182e+05
6.311281128112810848e+02 5.678690738077430287e+05
6.311781178117811351e+02 5.505499612703861203e+05
6.312281228122811854e+02 5.530270476729390211e+05
6.312781278127812357e+02 5.674321082193327602e+05
6.313281328132812860e+02 5.732323187251875643e+05
6.313781378137813363e+02 5.965591654310773592e+05
6.314281428142813866e+02 5.812470106052224291e+05
6.314781478147814369e+02 5.868969982346218312e+05
6.315281528152814872e+02 5.807967779443259351e+05
6.315781578157815375e+02 6.182356173972710967e+05
6.316281628162815878e+02 6.262117262229559710e+05
6.316781678167816381e+02 5.975406746916645207e+05
6.317281728172816884e+02 5.915015175223901169e+05
6.317781778177817387e+02 6.197168548147648107e+05
6.318281828182817890e+02 6.126719481125088641e+05
6.318781878187818393e+02 6.130908789065019228e+05
6.319281928192818896e+02 6.070253050175318494e+05
6.319781978197819399e+02 6.403686319583252771e+05
6.320282028202819902e+02 6.299771635163590545e+05
6.320782078207820405e+02 5.962716502561544767e+05
6.321282128212820908e+02 5.917122324453187175e+05
6.321782178217821411e+02 5.859654995768297231e+05
6.322282228222821914e+02 6.206099895381778479e+05
6.322782278227822417e+02 6.100767802379702916e+05
6.323282328232822920e+02 6.303311432376910234e+05
6.323782378237823423e+02 6.020754158261562698e+05
6.324282428242823926e+02 6.072339159193693195e+05
6.324782478247824429e+02 5.855507689801977249e+05
6.325282528252824932e+02 6.127985173713237746e+05
6.325782578257825435e+02 6.203958693022065563e+05
6.326282628262825938e+02 6.082312646883252310e+05
6.326782678267826441e+02 5.697516967054124689e+05
6.327282728272826944e+02 5.891032672699504765e+05
6.327782778277827447e+02 5.963897394642037107e+05
6.328282828282827950e+02 5.772752266780225327e+05
6.328782878287828453e+02 5.789219468599472893e+05
6.329282928292828956e+02 5.950672933509466238e+05
6.329782978297829459e+02 5.920295796862711431e+05
6.330283028302829962e+02 5.461901498475306435e+05
6.330783078307830465e+02 5.326610713726796675e+05
6.331283128312830968e+02 5.386640954922952224e+05
6.331783178317831471e+02 5.554572206898302538e+05
6.332283228322831974e+02 5.281016011546227382e+05
6.332783278327832477e+02 5.485689197539803572e+05
6.333283328332832980e+02 5.686488012774694944e+05
6.333783378337833483e+02 5.450360500986331608e+05
6.334283428342833986e+02 5.353753115370734595e+05
6.334783478347834489e+02 5.270276358935118187e+05
6.335283528352834992e+02 5.212356110579554806e+05
6.335783578357835495e+02 5.146573710885943146e+05
6.336283628362835998e+02 5.350399782210142585e+05
6.336783678367836501e+02 5.044008174084686907e+05
6.337283728372837004e+02 5.422004563638548134e+05
6.337783778377837507e+02 5.300688962541101500e+05
6.338283828382838010e+02 5.361354484159416752e+05
6.338783878387838513e+02 5.198833819496962824e+05
6.339283928392839016e+02 5.367462143388368422e+05
6.339783978397839519e+02 5.106325786155448877e+05
6.340284028402840022e+02 4.942686639641987276e+05
6.340784078407840525e+02 5.062610492324730149e+05
6.341284128412841028e+02 5.220846324962754734e+05
6.341784178417841531e+02 5.296530157402638579e+05
6.342284228422842034e+02 5.102685473697927664e+05
6.342784278427842537e+02 5.037940664150543162e+05
6.343284328432843040e+02 5.318570189192582620e+05
6.343784378437843543e+02 4.950737825388542260e+05
6.344284428442844046e+02 5.163977398300269851e+05
6.344784478447844549e+02 5.383085438126196386e+05
6.345284528452845052e+02 4.950277146039803629e+05
6.345784578457845555e+02 5.237801065992487129e+05
6.346284628462846058e+02 5.128421254523139214e+05
6.346784678467846561e+02 5.131655088847730076e+05
6.347284728472847064e+02 5.154793562069437467e+05
6.347784778477847567e+02 5.063928681416120380e+05
6.348284828482848070e+02 5.366607607520425227e+05
6.348784878487848573e+02 4.932327235575804953e+05
6.349284928492849076e+02 5.302829212725055404e+05
6.349784978497849579e+02 4.976558263853107346e+05
6.350285028502850082e+02 5.082606414422117523e+05
6.350785078507850585e+02 4.958852139667848242e+05
6.351285128512851088e+02 5.362520564229397569e+05
6.351785178517851591e+02 5.061419837282699882e+05
6.352285228522852094e+02 5.193439822842481663e+05
6.352785278527852597e+02 5.010698422054515686e+05
6.353285328532853100e+02 5.112890289246509783e+05
6.353785378537853603e+02 5.288148607065764954e+05
6.354285428542854106e+02 4.965456508696092642e+05
6.354785478547854609e+02 5.364266593971829861e+05
6.355285528552855112e+02 4.896583137991366093e+05
6.355785578557855615e+02 5.097536681926010060e+05
6.356285628562856118e+02 5.315074019814659841e+05
6.356785678567856621e+02 5.154444945357705001e+05
6.357285728572857124e+02 5.098637685344298952e+05
6.357785778577857627e+02 4.973030408860078314e+05
6.358285828582858130e+02 4.917518487499137991e+05
6.358785878587858633e+02 5.336816505306077888e+05
6.359285928592859136e+02 5.017591725138035254e+05
6.359785978597859639e+02 5.275035501154991798e+05
6.360286028602860142e+02 4.951631875746502192e+05
6.360786078607860645e+02 4.911131295132104424e+05
6.361286128612861148e+02 5.000642085949446191e+05
6.361786178617861651e+02 5.260098455927387113e+05
6.362286228622862154e+02 5.224855787506556953e+05
6.362786278627862657e+02 5.235832808223033207e+05
6.363286328632863160e+02 5.287470708570299903e+05
6.363786378637863663e+02 4.965207081634372007e+05
6.364286428642864166e+02 5.241547866480689263e+05
6.364786478647864669e+02 5.010861774324233411e+05
6.365286528652865172e+02 4.910456117997608380e+05
6.365786578657865675e+02 5.252400207497543888e+05
6.366286628662866178e+02 4.979082731892896118e+05
6.366786678667866681e+02 4.876697228223186685e+05
6.367286728672867184e+02 4.878268718463847763e+05
6.367786778677867687e+02 5.155080188526144484e+05
6.368286828682868190e+02 4.883816892242241302e+05
6.368786878687868693e+02 5.047067464040893246e+05
6.369286928692869196e+02 4.970414595560017624e+05
6.369786978697869699e+02 5.368880992358099902e+05
6.370287028702870202e+02 5.287460738240265055e+05
6.370787078707870705e+02 5.286339657929918030e+05
6.371287128712871208e+02 5.134161975172298844e+05
6.371787178717871711e+02 4.954700656770392088e+05
6.372287228722872214e+02 5.050233640797895496e+05
6.372787278727872717e+02 5.322794641945883632e+05
6.373287328732873220e+02 5.017993662995082559e+05
6.373787378737873723e+02 5.342102773780262796e+05
6.374287428742874226e+02 5.342735601559409406e+05
6.374787478747874729e+02 4.964857536267565447e+05
6.375287528752875232e+02 5.335751790907373652e+05
6.375787578757875735e+02 5.028080960059917998e+05
6.376287628762876238e+02 4.960745172678466770e+05
6.376787678767876741e+02 5.114659122797594173e+05
6.377287728772877244e+02 5.280760098841518629e+05
6.377787778777877747e+02 5.013479312929788139e+05
6.378287828782878250e+02 5.228601247343377909e+05
6.378787878787878753e+02 5.152056264321578201e+05
6.379287928792879256e+02 5.044716942661193898e+05
6.379787978797879759e+02 5.045895810842628707e+05
6.380288028802880262e+02 4.907311718027466559e+05
6.380788078807880765e+02 5.339503902554695960e+05
6.381288128812881268e+02 5.153736860751759959e+05
6.381788178817881771e+02 4.968968142758392496e+05
6.382288228822882274e+02 5.102665634883905295e+05
6.382788278827882777e+02 5.287401554700204870e+05
6.383288328832883280e+02 5.146328785002530203e+05
6.383788378837883783e+02 5.239509535263279686e+05
6.384288428842884286e+02 4.985742003327406710e+05
6.384788478847884790e+02 5.043938366902733687e+05
6.385288528852885293e+02 4.928201440979610197e+05
6.385788578857885796e+02 5.144790490242464584e+05
6.386288628862886299e+02 5.086694406961041968e+05
6.386788678867886802e+02 5.139000520917199319e+05
6.387288728872887305e+02 5.372904029411709635e+05
6.387788778877887808e+02 5.320399713493388845e+05
6.388288828882888311e+02 5.219412085792096332e+05
6.388788878887888814e+02 5.240901713309244951e+05
6.389288928892889317e+02 5.316306586464107968e+05
6.389788978897889820e+02 5.053015764429281699e+05
6.390289028902890323e+02 5.157865393704044400e+05
6.390789078907890826e+02 5.321688594724300783e+05
6.391289128912891329e+02 4.898086935444351984e+05
6.391789178917891832e+02 5.357410036723224912e+05
6.392289228922892335e+02 5.250356822274061851e+05
6.392789278927892838e+02 5.023160948821754428e+05
6.393289328932893341e+02 5.215285595433544950e+05
6.393789378937893844e+02 5.256661207261495292e+05
6.394289428942894347e+02 5.175734081931568217e+05
6.394789478947894850e+02 4.981335415139698889e+05
6.395289528952895353e+02 4.886075099405811052e+05
6.395789578957895856e+02 5.095573781824953039e+05
6.396289628962896359e+02 5.070888632776680170e+05
6.396789678967896862e+02 5.291309861107113538e+05
6.397289728972897365e+02 5.356274361531155882e+05
6.397789778977897868e+02 5.035112454250836745e+05
6.398289828982898371e+02 5.353400922007120680e+05
6.398789878987898874e+02 5.229362913624551147e+05
6.399289928992899377e+02 5.275105833925645566e+05
6.399789978997899880e+02 5.321834971925817663e+05
6.400290029002900383e+02 5.186742960366499028e+05
6.400790079007900886e+02 5.167057436108419788e+05
6.401290129012901389e+02 4.999437487976537086e+05
6.401790179017901892e+02 4.993813189710594015e+05
6.402290229022902395e+02 5.292978826302761445e+05
6.402790279027902898e+02 4.914366350237823208e+05
6.403290329032903401e+02 5.302322597702145576e+05
6.403790379037903904e+02 5.203392641879761359e+05
6.404290429042904407e+02 4.897768811626177630e+05
6.404790479047904910e+02 5.128915399686650489e+05
6.405290529052905413e+02 5.372592991262662690e+05
6.405790579057904779e+02 5.174722786042853259e+05
6.406290629062905282e+02 5.067261182436686358e+05
6.406790679067905785e+02 4.973135152211769018e+05
6.407290729072906288e+02 5.147723791169924662e+05
6.407790779077906791e+02 5.190388476595582906e+05
6.408290829082907294e+02 4.925555260062033776e+05
6.408790879087907797e+02 4.905802646042935085e+05
6.409290929092908300e+02 5.236734721512929536e+05
6.409790979097908803e+02 5.226904288948994363e+05
6.410291029102909306e+02 5.304675685555583332e+05
6.410791079107909809e+02 4.981446862653851858e+05
6.411291129112910312e+02 5.318343079667212442e+05
6.411791179117910815e+02 5.241139136215906474e+05
6.412291229122911318e+02 5.154488378436466446e+05
6.412791279127911821e+02 5.107151962756476714e+05
6.413291329132912324e+02 5.070851647287557134e+05
6.413791379137912827e+02 5.134469047820291598e+05
6.414291429142913330e+02 5.263057941170003032e+05
6.414791479147913833e+02 4.982376873654574738e+05
6.415291529152914336e+02 5.087671987260023016e+05
6.415791579157914839e+02 5.166003530933867441e+05
6.416291629162915342e+02 5.260138927455423400e+05
6.416791679167915845e+02 5.318083363718051696e+05
6.417291729172916348e+02 5.109610837555262260e+05
6.417791779177916851e+02 5.029561650620630244e+05
6.418291829182917354e+02 5.267801501119509339e+05
6.418791879187917857e+02 5.328640430732960813e+05
6.419291929192918360e+02 5.021790997020685463e+05
6.419791979197918863e+02 5.280529468785936479e+05
6.420292029202919366e+02 5.364695281408077572e+05
6.420792079207919869e+02 5.292267819646091666e+05
6.421292129212920372e+02 5.238077815573613625e+05
6.421792179217920875e+02 5.362781962720538722e+05
6.422292229222921378e+02 4.935425894784795237e+05
6.422792279227921881e+02 5.006807392223678762e+05
6.423292329232922384e+02 5.090611189447243232e+05
6.423792379237922887e+02 4.913556222663938534e+05
6.424292429242923390e+02 4.990998994878711528e+05
6.424792479247923893e+02 5.289717879081711872e+05
6.425292529252924396e+02 4.981011717280402663e+05
6.425792579257924899e+02 4.883939682405996718e+05
6.426292629262925402e+02 5.188501029027551413e+05
6.426792679267925905e+02 5.198699894505474949e+05
6.427292729272926408e+02 4.992121779193562688e+05
6.427792779277926911e+02 5.340155911803956842e+05
6.428292829282927414e+02 5.366731293757801177e+05
6.428792879287927917e+02 5.059110119999233866e+05
6.429292929292928420e+02 4.962937034510465455e+05
6.429792979297928923e+02 5.002546128444009228e+05
6.430293029302929426e+02 5.347884431587120052e+05
6.430793079307929929e+02 5.001644577340925462e+05
6.431293129312930432e+02 5.177457459575094399e+05
6.431793179317930935e+02 4.912589442973082187e+05
6.432293229322931438e+02 5.235693610074427561e+05
6.432793279327931941e+02 5.330991008155341260e+05
6.433293329332932444e+02 4.923362634217733284e+05
6.433793379337932947e+02 5.116243217815004755e+05
6.434293429342933450e+02 5.074922865122004296e+05
6.434793479347933953e+02 4.890202399135212763e+05
6.435293529352934456e+02 5.043692014214287628e+05
6.435793579357934959e+02 5.149302280020792386e+05
6.436293629362935462e+02 5.247709656326194527e+05
6.436793679367935965e+02 5.134794224641078035e+05
6.437293729372936468e+02 4.964922662896183319e+05
6.437793779377936971e+02 5.138399242616305128e+05
6.438293829382937474e+02 4.910321000435187598e+05
6.438793879387937977e+02 5.214801978407452698e+05
6.439293929392938480e+02 5.168870725979574490e+05
6.439793979397938983e+02 4.906607877997396281e+05
6.440294029402939486e+02 5.125270147053728579e+05
6.440794079407939989e+02 4.873237738456708030e+05
6.441294129412940492e+02 4.917704658564017154e+05
6.441794179417940995e+02 5.307659198337938869e+05
6.442294229422941498e+02 5.208032563535925583e+05
6.442794279427942001e+02 4.961067440214949311e+05
6.443294329432942504e+02 5.368225637268890860e+05
6.443794379437943007e+02 5.060796241813354427e+05
6.444294429442943510e+02 4.974800862557738437e+05
6.444794479447944013e+02 5.203467835389929824e+05
6.445294529452944516e+02 4.915963127118148259e+05
6.445794579457945019e+02 4.915733212867575348e+05
6.446294629462945522e+02 5.367979463941270951e+05
6.446794679467946025e+02 4.960629452307545580e+05
6.447294729472946528e+02 5.232103860692435410e+05
6.447794779477947031e+02 4.956423439113603090e+05
6.448294829482947534e+02 5.255219787072917679e+05
6.448794879487948037e+02 5.176811107383347116e+05
6.449294929492948540e+02 5.009697312005611020e+05
6.449794979497949043e+02 5.246606985314937774e+05
6.450295029502949546e+02 5.334879931673419196e+05
6.450795079507950049e+02 5.003037889517818112e+05
6.451295129512950552e+02 5.259396278217050713e+05
6.451795179517951055e+02 5.062948263657569187e+05
6.452295229522951558e+02 5.375829687561931787e+05
6.452795279527952061e+02 5.275293303064530483e+05
6.453295329532952564e+02 5.196079745437888196e+05
6.453795379537953067e+02 5.070220930364369415e+05
6.454295429542953570e+02 4.896895980439854902e+05
6.454795479547954073e+02 4.953108331335842377e+05
6.455295529552954577e+02 5.046423020778565551e+05
6.455795579557955080e+02 5.047446107377585140e+05
6.456295629562955583e+02 5.372337614695499651e+05
6.456795679567956086e+02 5.022869678488037898e+05
6.457295729572956589e+02 5.012016890069945948e+05
6.457795779577957092e+02 4.889675676370699075e+05
6.458295829582957595e+02 5.062003401449196390e+05
6.458795879587958098e+02 4.941799116435521864e+05
6.459295929592958601e+02 4.902405771073558135e+05
6.459795979597959104e+02 5.148825216124029830e+05
6.460296029602959607e+02 5.154389391966311377e+05
6.460796079607960110e+02 5.321544920537280850e+05
6.461296129612960613e+02 5.364355119737314526e+05
6.461796179617961116e+02 5.001958532999380841e+05
6.462296229622961619e+02 4.943820485709643690e+05
6.462796279627962122e+02 4.950867108832742670e+05
6.463296329632962625e+02 5.025029658807772212e+05
6.463796379637963128e+02 4.994217543715746142e+05
6.464296429642963631e+02 4.953437525846746285e+05
6.464796479647964134e+02 5.201753589283469482e+05
6.465296529652964637e+02 5.332704023164906539e+05
6.465796579657965140e+02 5.323426705704912310e+05
6.466296629662965643e+02 5.243791661200714298e+05
6.466796679667966146e+02 5.213529303912037285e+05
6.467296729672966649e+02 5.325212339723152108e+05
6.467796779677967152e+02 5.220502510266652098e+05
6.468296829682967655e+02 5.232395160095443134e+05
6.468796879687968158e+02 4.913096170852594660e+05
6.469296929692968661e+02 5.159321302267279243e+05
6.469796979697969164e+02 5.085393532025113236e+05
6.470297029702969667e+02 5.259397019130482804e+05
6.470797079707970170e+02 5.248563261115386849e+05
6.471297129712970673e+02 5.377664115971592255e+05
6.471797179717971176e+02 4.873963959474830772e+05
6.472297229722971679e+02 4.886139836744780187e+05
6.472797279727972182e+02 5.159040373899457045e+05
6.473297329732972685e+02 4.903471421712392475e+05
6.473797379737973188e+02 4.903753130267332890e+05
6.474297429742973691e+02 5.185041392554854392e+05
6.474797479747974194e+02 5.110235139824193902e+05
6.475297529752974697e+02 5.270978378095297376e+05
6.475797579757975200e+02 5.251588789309252752e+05
6.476297629762975703e+02 5.287103495331368176e+05
6.476797679767976206e+02 5.111715841543769347e+05
6.477297729772976709e+02 5.373677911035338184e+05
6.477797779777977212e+02 5.225334821716638980e+05
6.478297829782977715e+02 5.044585679670272511e+05
6.478797879787978218e+02 5.366012109016843606e+05
6.479297929792978721e+02 4.987564925895067863e+05
6.479797979797979224e+02 4.992523638203104492e+05
6.480298029802979727e+02 5.183587489049707074e+05
6.480798079807980230e+02 4.975829875890344847e+05
6.481298129812980733e+02 4.890919933505684603e+05
6.481798179817981236e+02 4.902637292377607664e+05
6.482298229822981739e+02 5.183375140709098778e+05
6.482798279827982242e+02 5.017222545132387895e+05
6.483298329832982745e+02 5.163545277531244792e+05
6.483798379837983248e+02 4.977626720389003749e+05
6.484298429842983751e+02 5.054323422225072864e+05
6.484798479847984254e+02 5.084498228300765040e+05
6.485298529852984757e+02 4.988383852353729890e+05
6.485798579857985260e+02 5.003980624680850888e+05
6.486298629862985763e+02 5.127337066281565931e+05
6.486798679867986266e+02 5.074799184018048109e+05
6.487298729872986769e+02 4.969191078963404289e+05
6.487798779877987272e+02 5.026060828976504272e+05
6.488298829882987775e+02 5.045373387337286258e+05
6.488798879887988278e+02 4.895322514580095885e+05
6.489298929892988781e+02 5.099126822424676502e+05
6.489798979897989284e+02 4.959162267475365079e+05
6.490299029902989787e+02 5.247859154869958293e+05
6.490799079907990290e+02 5.110050960367077496e+05
6.491299129912990793e+02 5.338843222605510382e+05
6.491799179917991296e+02 5.072705015714438632e+05
6.492299229922991799e+02 4.920121125071098795e+05
6.492799279927992302e+02 5.248437183998686960e+05
6.493299329932992805e+02 5.315831675547454506e+05
6.493799379937993308e+02 4.979803768062501913e+05
6.494299429942993811e+02 5.285090122494803509e+05
6.494799479947994314e+02 4.871972213411580888e+05
6.495299529952994817e+02 5.182942243778024567e+05
6.495799579957995320e+02 5.145739489669944160e+05
6.496299629962995823e+02 5.259237807209314778e+05
6.496799679967996326e+02 4.987173394203097560e+05
6.497299729972996829e+02 5.171950322206632118e+05
6.497799779977997332e+02 4.940398009214115446e+05
6.498299829982997835e+02 5.369119362614155980e+05
6.498799879987998338e+02 5.112527507832749397e+05
6.499299929992998841e+02 5.113892127218057867e+05
6.499799979997999344e+02 5.144480922900463338e+05
6.500300030002999847e+02 4.900308443237290485e+05
6.500800080008000350e+02 5.347977851138405968e+05
6.501300130013000853e+02 5.314121253428768832e+05
6.501800180018001356e+02 5.064434142754875356e+05
6.502300230023001859e+02 5.253734291848858120e+05
6.502800280028002362e+02 5.065176595772588626e+05
6.503300330033002865e+02 5.367071813593815314e+05
6.503800380038003368e+02 5.325340642152138753e+05
6.504300430043003871e+02 5.273701718408976449e+05
6.504800480048004374e+02 5.378764826100594364e+05
6.505300530053004877e+02 5.107781083629479399e+05
6.505800580058005380e+02 5.042790466464633937e+05
6.506300630063005883e+02 4.914629226896209875e+05
6.506800680068006386e+02 5.320264038590446580e+05
6.507300730073006889e+02 4.932236382880590390e+05
6.507800780078007392e+02 5.358808980297552189e+05
6.508300830083007895e+02 4.927013353486382402e+05
6.508800880088008398e+02 5.167147160597301554e+05
6.509300930093008901e+02 4.940857723325347179e+05
6.509800980098009404e+02 5.104432895206990652e+05
6.510301030103009907e+02 5.002994419889614801e+05
6.510801080108010410e+02 5.251252428033335600e+05
6.511301130113010913e+02 5.161318698268979788e+05
6.511801180118011416e+02 5.009071428330586059e+05
6.512301230123011919e+02 5.166759064205549657e+05
6.512801280128012422e+02 5.213036623894067015e+05
6.513301330133012925e+02 5.326619730518817669e+05
6.513801380138013428e+02 4.967982601524513448e+05
6.514301430143013931e+02 4.948177069808006636e+05
6.514801480148014434e+02 5.069787700513007003e+05
6.515301530153014937e+02 5.010833631385600311e+05
6.515801580158015440e+02 5.116858966405479005e+05
6.516301630163015943e+02 5.090635890911200549e+05
6.516801680168016446e+02 4.880412101596688735e+05
6.517301730173016949e+02 5.203800356235103100e+05
6.517801780178017452e+02 5.048070369413193548e+05
6.518301830183017955e+02 5.164380444136350998e+05
6.518801880188018458e+02 4.961653336523759062e+05
6.519301930193018961e+02 5.269687402784596197e+05
6.519801980198019464e+02 5.186598825005507679e+05
6.520302030203019967e+02 4.879289252704402898e+05
6.520802080208020470e+02 4.941003098467542441e+05
6.521302130213020973e+02 5.010796468936654273e+05
6.521802180218021476e+02 5.224229996839339728e+05
6.522302230223021979e+02 5.166656687842587125e+05
6.522802280228022482e+02 5.226031607694195700e+05
6.523302330233022985e+02 5.257121471228793962e+05
6.523802380238023488e+02 4.971061031621148577e+05
6.524302430243023991e+02 5.300076483605086105e+05
6.524802480248024494e+02 5.178078662048105034e+05
6.525302530253024997e+02 4.988919358156847884e+05
6.525802580258025500e+02 5.163781910698289284e+05
6.526302630263026003e+02 5.254970154517183546e+05
6.526802680268026506e+02 5.128869138621376478e+05
6.527302730273027009e+02 5.292851082167676650e+05
6.527802780278027512e+02 4.998378971769092022e+05
6.528302830283028015e+02 5.311014154383925488e+05
6.528802880288028518e+02 5.052981348926738137e+05
6.529302930293029021e+02 5.296523929622141877e+05
6.529802980298029524e+02 4.895702543512751581e+05
6.530303030303030027e+02 4.969759445263713133e+05
6.530803080308030530e+02 5.195675866020006943e+05
6.531303130313031033e+02 5.173425174900261336e+05
6.531803180318031536e+02 5.215538547392813489e+05
6.532303230323032039e+02 5.184307593288890785e+05
6.532803280328032542e+02 5.149305576063345652e+05
6.533303330333033045e+02 5.274848964495450491e+05
6.533803380338033548e+02 4.959666789507301291e+05
6.534303430343034051e+02 5.336011577146386262e+05
6.534803480348034554e+02 5.079737784283550573e+05
6.535303530353035057e+02 5.298933145481874235e+05
6.535803580358035560e+02 5.112229564401545213e+05
6.536303630363036063e+02 5.006120277730891830e+05
6.536803680368036567e+02 5.350509301303171087e+05
6.537303730373037070e+02 5.098100964164563920e+05
6.537803780378037573e+02 5.063081613943843404e+05
6.538303830383038076e+02 4.944642733448030776e+05
6.538803880388038579e+02 5.291570889255742077e+05
6.539303930393039082e+02 5.197157592664472759e+05
6.539803980398039585e+02 5.487098703943185974e+05
6.540304030403040088e+02 5.121765079264412052e+05
6.540804080408040591e+02 5.395527870348378783e+05
6.541304130413041094e+02 5.552006055938444333e+05
6.541804180418041597e+02 5.426386297959968215e+05
6.542304230423042100e+02 5.498615885128933005e+05
6.542804280428042603e+02 5.288230257427047472e+05
6.543304330433043106e+02 5.269991156233384972e+05
6.543804380438043609e+02 5.267379247770399088e+05
6.544304430443044112e+02 5.840444952272841474e+05
6.544804480448044615e+02 5.467735504597148392e+05
6.545304530453045118e+02 5.726910834243592108e+05
6.545804580458045621e+02 5.657182578407175606e+05
6.546304630463046124e+02 5.702139894649770577e+05
6.546804680468046627e+02 6.181720954703608295e+05
6.547304730473047130e+02 6.106071814411282539e+05
6.547804780478047633e+02 6.443513224529374857e+05
6.548304830483048136e+02 6.047970180690465495e+05
6.548804880488048639e+02 6.709707192279181909e+05
6.549304930493049142e+02 6.424541067988239229e+05
6.549804980498049645e+02 6.564732521456461400e+05
6.550305030503050148e+02 6.913485135361923603e+05
6.550805080508050651e+02 7.109776131402312312e+05
6.551305130513051154e+02 7.053317344238732476e+05
6.551805180518051657e+02 7.517114526062884834e+05
6.552305230523052160e+02 7.407198568652862450e+05
6.552805280528052663e+02 7.409733439133906504e+05
6.553305330533053166e+02 8.142790672747620847e+05
6.553805380538053669e+02 7.771539138750896091e+05
6.554305430543054172e+02 8.243426343683112646e+05
6.554805480548054675e+02 8.240375788619916420e+05
6.555305530553055178e+02 8.623062566016884521e+05
6.555805580558055681e+02 8.616230285299306270e+05
6.556305630563056184e+02 8.841887595427863998e+05
6.556805680568056687e+02 8.620459689101851545e+05
6.557305730573057190e+02 8.898637293980213581e+05
6.557805780578057693e+02 9.197339234452876262e+05
6.558305830583058196e+02 9.095463713376693195e+05
6.558805880588058699e+02 9.422534670317196287e+05
6.559305930593059202e+02 1.012113705616671243e+06
6.559805980598059705e+02 9.523298090353797888e+05
6.560306030603060208e+02 1.016209971387489117e+06
6.560806080608060711e+02 9.879988666512352647e+05
6.561306130613061214e+02 1.044312198233478819e+06
6.561806180618061717e+02 9.818940213402166264e+05
6.562306230623062220e+02 1.034093128728394397e+06
6.562806280628062723e+02 1.013614765432716114e+06
6.563306330633063226e+02 9.938991168431628030e+05
6.563806380638063729e+02 9.862758739301479654e+05
6.564306430643064232e+02 1.010866774779889733e+06
6.564806480648064735e+02 1.046432318247547257e+06
6.565306530653065238e+02 9.998468815688282484e+05
6.565806580658065741e+02 9.775989422673134832e+05
6.566306630663066244e+02 9.578140182308200747e+05
6.566806680668066747e+02 9.472843789895817172e+05
6.567306730673067250e+02 9.817820965397767723e+05
6.567806780678067753e+02 9.479755957058577333e+05
6.568306830683068256e+02 9.231564374244137434e+05
6.568806880688068759e+02 9.407195732278812211e+05
6.569306930693069262e+02 8.609211206269505201e+05
6.569806980698069765e+02 8.338022327733935090e+05
6.570307030703070268e+02 8.498332539683013456e+05
6.570807080708070771e+02 8.086248163584155263e+05
6.571307130713071274e+02 8.533629212217184249e+05
6.571807180718071777e+02 7.634840080716690281e+05
6.572307230723072280e+02 8.092088707113505807e+05
6.572807280728072783e+02 7.434027622407440795e+05
6.573307330733073286e+02 7.569762940425219713e+05
6.573807380738073789e+02 7.165319055355641758e+05
6.574307430743074292e+02 6.845991244247636059e+05
6.574807480748074795e+02 7.060122694890308194e+05
6.575307530753075298e+02 7.108846592005267739e+05
6.575807580758075801e+02 6.663203431278284406e+05
6.576307630763076304e+02 6.782612817312469706e+05
6.576807680768076807e+02 6.716599317775950767e+05
6.577307730773077310e+02 6.081866961240050150e+05
6.577807780778077813e+02 5.929820973857073113e+05
6.578307830783078316e+02 6.084000383050009841e+05
6.578807880788078819e+02 5.840447757432709914e+05
6.579307930793079322e+02 5.941975393922266085e+05
6.579807980798079825e+02 5.691348302381214453e+05
6.580308030803080328e+02 5.692059932009821059e+05
6.580808080808080831e+02 5.725236478198441910e+05
6.581308130813081334e+02 5.523121362105598673e+05
6.581808180818081837e+02 5.577190451698800316e+05
6.582308230823082340e+02 5.262483121268023970e+05
6.582808280828082843e+02 5.672039557777068112e+05
6.583308330833083346e+02 5.564053934592310106e+05
6.583808380838083849e+02 5.409911981052339543e+05
6.584308430843084352e+02 5.209415582482960308e+05
6.584808480848084855e+02 5.248871810202829074e+05
6.585308530853085358e+02 5.112006752431477653e+05
6.585808580858085861e+02 5.006028018331965432e+05
6.586308630863086364e+02 5.002540761589389294e+05
6.586808680868086867e+02 5.435063290268845158e+05
6.587308730873087370e+02 4.943052114366148598e+05
6.587808780878087873e+02 5.301125939555040095e+05
6.588308830883088376e+02 5.216190793711869046e+05
6.588808880888088879e+02 5.085866697275561164e+05
6.589308930893089382e+02 4.983991571496917750e+05
6.589808980898089885e+02 5.343720100757082691e+05
6.590309030903090388e+02 5.202983314248101669e+05
6.590809080908090891e+02 4.904491056007809821e+05
6.591309130913091394e+02 5.086577972200598451e+05
6.591809180918091897e+02 5.307012462962319842e+05
6.592309230923092400e+02 4.923432999673576560e+05
6.592809280928092903e+02 4.973160614688629285e+05
6.593309330933093406e+02 4.918722076564884628e+05
6.593809380938093909e+02 5.105253982034008950e+05
6.594309430943094412e+02 5.245539192089849385e+05
6.594809480948094915e+02 5.145573818791516242e+05
6.595309530953095418e+02 5.265243198295303155e+05
6.595809580958095921e+02 5.036670560345820268e+05
6.596309630963096424e+02 4.999124412960385671e+05
6.596809680968096927e+02 5.030991772208819748e+05
6.597309730973097430e+02 4.927755434854883933e+05
6.597809780978097933e+02 5.136116756124224630e+05
6.598309830983098436e+02 5.000902711364930728e+05
6.598809880988098939e+02 5.358895435995550361e+05
6.599309930993099442e+02 5.272422905786414631e+05
6.599809980998099945e+02 4.914488956954176538e+05
6.600310031003100448e+02 5.202377003751965822e+05
6.600810081008100951e+02 5.247776243286438985e+05
6.601310131013101454e+02 4.959109933511857525e+05
6.601810181018101957e+02 5.229622963729579933e+05
6.602310231023102460e+02 4.917548708444824442e+05
6.602810281028102963e+02 5.060005331634390168e+05
6.603310331033103466e+02 5.341292684586396208e+05
6.603810381038103969e+02 5.246914383982851868e+05
6.604310431043104472e+02 4.992892476781135192e+05
6.604810481048104975e+02 5.327369888723874465e+05
6.605310531053105478e+02 4.998781841795018991e+05
6.605810581058105981e+02 4.898696762005999335e+05
6.606310631063106484e+02 5.007178968251336482e+05
6.606810681068106987e+02 4.879993623294141144e+05
6.607310731073107490e+02 5.270483359383296920e+05
6.607810781078107993e+02 5.338042395020502154e+05
6.608310831083108496e+02 5.373142850422655465e+05
6.608810881088108999e+02 5.379064566730879014e+05
6.609310931093109502e+02 5.040674746707141167e+05
6.609810981098110005e+02 5.321020503762402805e+05
6.610311031103110508e+02 5.105004551194687374e+05
6.610811081108111011e+02 4.956512692236263538e+05
6.611311131113111514e+02 5.355383812647687737e+05
6.611811181118112017e+02 5.344141415608020034e+05
6.612311231123112520e+02 4.994715631317516672e+05
6.612811281128113023e+02 5.154791086595955421e+05
6.613311331133113526e+02 5.045406947009499418e+05
6.613811381138114029e+02 5.133921396305785747e+05
6.614311431143114532e+02 4.868688147040866897e+05
6.614811481148115035e+02 5.044871141896069748e+05
6.615311531153115538e+02 5.246733177463961765e+05
6.615811581158116041e+02 5.125303351843138225e+05
6.616311631163116544e+02 5.275282909042846877e+05
6.616811681168117047e+02 4.939565776910777204e+05
6.617311731173117550e+02 5.348182924846995156e+05
6.617811781178118054e+02 5.000119287414583378e+05
6.618311831183118557e+02 4.869749888615164673e+05
6.618811881188119060e+02 5.311195714025289053e+05
6.619311931193119563e+02 4.951050219318328309e+05
6.619811981198120066e+02 5.018750581394435139e+05
6.620312031203120569e+02 5.314017392019695835e+05
6.620812081208121072e+02 5.066676691522381152e+05
6.621312131213121575e+02 5.140346129256178974e+05
6.621812181218122078e+02 5.171446335827589501e+05
6.622312231223122581e+02 5.204081658780780854e+05
6.622812281228123084e+02 5.156164611770330230e+05
6.623312331233123587e+02 5.202993746472666971e+05
6.623812381238124090e+02 5.124300332751982496e+05
6.624312431243124593e+02 5.065682628194036079e+05
6.624812481248125096e+02 4.988122130372625543e+05
6.625312531253125599e+02 5.188267157316862722e+05
6.625812581258126102e+02 4.876854548202062724e+05
6.626312631263126605e+02 5.034222487676893361e+05
6.626812681268127108e+02 5.151775668243074324e+05
6.627312731273127611e+02 4.947202595140076010e+05
6.627812781278128114e+02 5.372591865932095097e+05
6.628312831283128617e+02 5.077171265576588921e+05
6.628812881288129120e+02 5.088183370080764871e+05
6.629312931293129623e+02 4.887541884056783747e+05
6.629812981298130126e+02 5.105295191641958081e+05
6.630313031303130629e+02 4.890544459308563382e+05
6.630813081308131132e+02 4.898972463432698860e+05
6.631313131313131635e+02 5.255364065898970002e+05
6.631813181318132138e+02 5.299590809342593420e+05
6.632313231323132641e+02 5.261068617904705461e+05
6.632813281328133144e+02 5.111249616778883501e+05
6.633313331333133647e+02 5.114345686824206496e+05
6.633813381338134150e+02 5.090170451112675946e+05
6.634313431343134653e+02 5.228665371426015627e+05
6.634813481348135156e+02 4.900301384235884179e+05
6.635313531353135659e+02 5.084619008110525319e+05
6.635813581358136162e+02 5.105267297125527984e+05
6.636313631363136665e+02 5.338648729993642773e+05
6.636813681368137168e+02 5.055755922159356414e+05
6.637313731373137671e+02 5.159956183131131111e+05
6.637813781378138174e+02 4.872486666288808919e+05
6.638313831383138677e+02 4.930350026723935152e+05
6.638813881388139180e+02 5.312012417087132344e+05
6.639313931393139683e+02 5.214073833782874281e+05
6.639813981398140186e+02 5.220345867598181940e+05
6.640314031403140689e+02 5.092759539584363229e+05
6.640814081408141192e+02 5.095828829426370212e+05
6.641314131413141695e+02 5.353190137639899040e+05
6.641814181418142198e+02 5.050195658822035184e+05
6.642314231423142701e+02 5.160474853271845495e+05
6.642814281428143204e+02 4.942171666688246769e+05
6.643314331433143707e+02 5.244621561845560791e+05
6.643814381438144210e+02 5.285775767107513966e+05
6.644314431443144713e+02 4.972600459644523216e+05
6.644814481448145216e+02 5.050119147000047378e+05
6.645314531453145719e+02 5.324270814241250046e+05
6.645814581458146222e+02 4.886412395830728346e+05
6.646314631463146725e+02 4.943926603674297221e+05
6.646814681468147228e+02 4.928089990164662013e+05
6.647314731473147731e+02 5.301551441583577543e+05
6.647814781478148234e+02 5.335607938436183613e+05
6.648314831483148737e+02 5.199720130302997422e+05
6.648814881488149240e+02 5.161656850963967154e+05
6.649314931493149743e+02 5.111382661283989437e+05
6.649814981498150246e+02 5.246671817268871237e+05
6.650315031503150749e+02 5.270128310600414407e+05
6.650815081508151252e+02 4.883662311520688818e+05
6.651315131513151755e+02 4.928662392470161431e+05
6.651815181518152258e+02 5.243586604387006955e+05
6.652315231523152761e+02 4.868271214143746765e+05
6.652815281528153264e+02 5.203763575008295011e+05
6.653315331533153767e+02 4.992866460647795466e+05
6.653815381538154270e+02 5.356241292788679712e+05
6.654315431543154773e+02 5.313348787308783503e+05
6.654815481548155276e+02 5.344829325744372327e+05
6.655315531553155779e+02 5.260107796237824950e+05
6.655815581558156282e+02 4.870028293033788214e+05
6.656315631563156785e+02 5.051035872371380101e+05
6.656815681568157288e+02 5.197937352934245137e+05
6.657315731573157791e+02 5.248161348416417604e+05
6.657815781578158294e+02 5.269204325197067810e+05
6.658315831583158797e+02 5.164159652611556812e+05
6.658815881588159300e+02 4.881255430503039970e+05
6.659315931593159803e+02 5.182234789240463288e+05
6.659815981598160306e+02 4.941369653807341820e+05
6.660316031603160809e+02 4.913344306453085155e+05
6.660816081608161312e+02 5.230552798254766967e+05
6.661316131613161815e+02 5.199282603874804336e+05
6.661816181618162318e+02 5.317064686957810773e+05
6.662316231623162821e+02 5.257900720984699437e+05
6.662816281628163324e+02 5.020908070120644406e+05
6.663316331633163827e+02 5.056518782931739697e+05
6.663816381638164330e+02 5.277380158717430895e+05
6.664316431643164833e+02 5.124174713969948934e+05
6.664816481648165336e+02 5.306878531422995729e+05
6.665316531653165839e+02 5.063199087828354677e+05
6.665816581658166342e+02 5.156564217509797309e+05
6.666316631663166845e+02 4.904442476502878708e+05
6.666816681668167348e+02 5.315279635150207905e+05
6.667316731673167851e+02 5.377556209552072687e+05
6.667816781678168354e+02 4.917655348726398661e+05
6.668316831683168857e+02 5.143328569180842605e+05
6.668816881688169360e+02 4.898352807450942928e+05
6.669316931693169863e+02 4.939492216810013051e+05
6.669816981698170366e+02 5.276163965399286244e+05
6.670317031703170869e+02 5.329015606629161630e+05
6.670817081708171372e+02 5.272575689949354855e+05
6.671317131713171875e+02 4.986818336833877838e+05
6.671817181718172378e+02 5.133109822099507437e+05
6.672317231723172881e+02 5.282906628970752936e+05
6.672817281728173384e+02 5.067037732907664031e+05
6.673317331733173887e+02 5.182554136329775210e+05
6.673817381738174390e+02 5.378614923909222707e+05
6.674317431743174893e+02 4.959484201655436773e+05
6.674817481748175396e+02 5.200041259648881969e+05
6.675317531753175899e+02 5.156420162322754040e+05
6.675817581758176402e+02 5.222910278640532051e+05
6.676317631763176905e+02 5.270512900829913560e+05
6.676817681768177408e+02 4.965378797618614044e+05
6.677317731773177911e+02 5.353170929805310443e+05
6.677817781778178414e+02 5.134650628358714748e+05
6.678317831783178917e+02 5.340845009293418843e+05
6.678817881788179420e+02 5.153530179606005549e+05
6.679317931793179923e+02 5.323960797534887679e+05
6.679817981798180426e+02 4.928326111232194817e+05
6.680318031803180929e+02 4.907094279486825108e+05
6.680818081808181432e+02 5.146909648838184658e+05
6.681318131813181935e+02 4.929480051136842230e+05
6.681818181818182438e+02 5.084327388687584898e+05
6.682318231823182941e+02 4.931218354967678315e+05
6.682818281828183444e+02 4.963976732277247356e+05
6.683318331833183947e+02 5.050977739124964573e+05
6.683818381838184450e+02 5.064379378983931965e+05
6.684318431843184953e+02 4.867276244583778898e+05
6.684818481848185456e+02 4.947485264390452649e+05
6.685318531853185959e+02 5.378733923988285242e+05
6.685818581858186462e+02 4.974450401218521292e+05
6.686318631863186965e+02 5.214648022844551597e+05
6.686818681868187468e+02 5.289050471261162311e+05
6.687318731873187971e+02 4.882167607492668903e+05
6.687818781878188474e+02 5.363274173162067309e+05
6.688318831883188977e+02 5.074124156270638923e+05
6.688818881888189480e+02 5.308065880693806102e+05
6.689318931893189983e+02 4.930925592643409036e+05
6.689818981898190486e+02 5.166827573619393515e+05
6.690319031903190989e+02 5.297946423525303835e+05
6.690819081908191492e+02 5.321637526662154123e+05
6.691319131913191995e+02 5.107858000898133032e+05
6.691819181918191362e+02 5.078469020350988139e+05
6.692319231923191865e+02 5.068028612203089288e+05
6.692819281928192368e+02 5.064780881559888367e+05
6.693319331933192871e+02 5.013867774862232036e+05
6.693819381938193374e+02 5.030968464128825581e+05
6.694319431943193877e+02 5.235820701534247492e+05
6.694819481948194380e+02 4.907403511153170839e+05
6.695319531953194883e+02 4.891577695466136211e+05
6.695819581958195386e+02 4.930165963146087597e+05
6.696319631963195889e+02 5.219964845470591681e+05
6.696819681968196392e+02 5.049088703275027219e+05
6.697319731973196895e+02 4.997876116077048355e+05
6.697819781978197398e+02 5.277420161028597504e+05
6.698319831983197901e+02 5.211448927977654384e+05
6.698819881988198404e+02 5.271381595590817742e+05
6.699319931993198907e+02 4.875116704050709377e+05
6.699819981998199410e+02 5.180493694183495827e+05
6.700320032003199913e+02 4.959550610988208791e+05
6.700820082008200416e+02 5.132929117530910298e+05
6.701320132013200919e+02 5.043379098257903825e+05
6.701820182018201422e+02 5.087018713490820373e+05
6.702320232023201925e+02 5.359926855473319301e+05
6.702820282028202428e+02 5.112781435182992136e+05
6.703320332033202931e+02 5.234586416590910521e+05
6.703820382038203434e+02 5.089553212068972061e+05
6.704320432043203937e+02 5.336643791933719767e+05
6.704820482048204440e+02 5.175015722511830390e+05
6.705320532053204943e+02 4.960635612076259567e+05
6.705820582058205446e+02 5.151136662017442868e+05
6.706320632063205949e+02 4.946853141343229217e+05
6.706820682068206452e+02 5.336852565174213378e+05
6.707320732073206955e+02 4.905167233628081740e+05
6.707820782078207458e+02 5.060869895050698542e+05
6.708320832083207961e+02 4.917548836115313461e+05
6.708820882088208464e+02 5.087283745979078813e+05
6.709320932093208967e+02 5.058250371072286507e+05
6.709820982098209470e+02 5.089460506726987078e+05
6.710321032103209973e+02 5.111756378480027779e+05
6.710821082108210476e+02 5.263814467671882594e+05
6.711321132113210979e+02 5.314680526140744332e+05
6.711821182118211482e+02 4.960750834750300273e+05
6.712321232123211985e+02 4.881664402474356466e+05
6.712821282128212488e+02 5.214628085707916180e+05
6.713321332133212991e+02 5.071995521020712913e+05
6.713821382138213494e+02 5.093872653293088661e+05
6.714321432143213997e+02 5.376909099433970405e+05
6.714821482148214500e+02 4.961943417747422354e+05
6.715321532153215003e+02 5.027758781672881451e+05
6.715821582158215506e+02 5.084331828245871584e+05
6.716321632163216009e+02 5.287871403886367334e+05
6.716821682168216512e+02 5.140016704516453319e+05
6.717321732173217015e+02 5.220254009096517111e+05
6.717821782178217518e+02 4.979792790556510445e+05
6.718321832183218021e+02 4.930087088389421697e+05
6.718821882188218524e+02 5.266209851243562298e+05
6.719321932193219027e+02 5.049376807712753071e+05
6.719821982198219530e+02 5.186125727302842424e+05
6.720322032203220033e+02 5.252389142861800501e+05
6.720822082208220536e+02 5.357304525511466200e+05
6.721322132213221039e+02 4.951382863627709448e+05
6.721822182218221542e+02 5.044186543319122284e+05
6.722322232223222045e+02 4.959163576529792626e+05
6.722822282228222548e+02 5.127324391521682846e+05
6.723322332233223051e+02 5.353891544116411824e+05
6.723822382238223554e+02 5.356668557208038401e+05
6.724322432243224057e+02 5.108246582390086260e+05
6.724822482248224560e+02 4.914421826415487449e+05
6.725322532253225063e+02 5.308794017551892903e+05
6.725822582258225566e+02 5.310161716746432940e+05
6.726322632263226069e+02 5.116281109249262954e+05
6.726822682268226572e+02 5.313403566368471365e+05
6.727322732273227075e+02 5.169961381903165602e+05
6.727822782278227578e+02 5.001275024855765514e+05
6.728322832283228081e+02 5.230828158298483468e+05
6.728822882288228584e+02 5.106506718353479519e+05
6.729322932293229087e+02 5.304071160710555268e+05
6.729822982298229590e+02 4.935667371188194957e+05
6.730323032303230093e+02 5.377843674203659175e+05
6.730823082308230596e+02 4.881139687440746929e+05
6.731323132313231099e+02 4.920465074463346973e+05
6.731823182318231602e+02 5.367627529764261562e+05
6.732323232323232105e+02 4.948754595246441313e+05
6.732823282328232608e+02 5.192724741538561066e+05
6.733323332333233111e+02 5.055657733897116268e+05
6.733823382338233614e+02 5.308871676626087865e+05
6.734323432343234117e+02 4.981694107423375244e+05
6.734823482348234620e+02 5.137064001017865376e+05
6.735323532353235123e+02 5.164160822051547002e+05
6.735823582358235626e+02 4.908999252494180691e+05
6.736323632363236129e+02 5.183269245425338740e+05
6.736823682368236632e+02 4.923844671870389720e+05
6.737323732373237135e+02 4.901462167543869000e+05
6.737823782378237638e+02 5.148750176870379364e+05
6.738323832383238141e+02 5.195761778873514268e+05
6.738823882388238644e+02 5.020694435005229316e+05
6.739323932393239147e+02 5.054953110954907024e+05
6.739823982398239650e+02 5.221739373086662963e+05
6.740324032403240153e+02 5.160371503888453590e+05
6.740824082408240656e+02 5.045531665718391887e+05
6.741324132413241159e+02 5.009558191747591482e+05
6.741824182418241662e+02 4.986278440312778694e+05
6.742324232423242165e+02 5.198901604012399330e+05
6.742824282428242668e+02 5.185499599053788697e+05
6.743324332433243171e+02 5.130314360845823539e+05
6.743824382438243674e+02 5.149100523772653542e+05
6.744324432443244177e+02 5.316199645906337537e+05
6.744824482448244680e+02 5.035514209467436303e+05
6.745324532453245183e+02 4.962188942070102785e+05
6.745824582458245686e+02 5.171322411839721608e+05
6.746324632463246189e+02 5.213802672828941140e+05
6.746824682468246692e+02 5.288322958922331454e+05
6.747324732473247195e+02 5.100597553833413403e+05
6.747824782478247698e+02 5.300674148217048496e+05
6.748324832483248201e+02 5.333713118167918874e+05
6.748824882488248704e+02 5.211807379728811211e+05
6.749324932493249207e+02 5.370390902483364334e+05
6.749824982498249710e+02 4.892077526725754142e+05
6.750325032503250213e+02 5.303881271376013756e+05
6.750825082508250716e+02 5.324601941597876139e+05
6.751325132513251219e+02 5.304405816849560943e+05
6.751825182518251722e+02 5.137574484111057827e+05
6.752325232523252225e+02 5.048056826148909749e+05
6.752825282528252728e+02 5.107084002590813325e+05
6.753325332533253231e+02 4.976736652743980521e+05
6.753825382538253734e+02 5.121584244045781088e+05
6.754325432543254237e+02 5.029196031593466178e+05
6.754825482548254740e+02 5.351640620817107847e+05
6.755325532553255243e+02 4.940138049794175895e+05
6.755825582558255746e+02 5.184776761967808707e+05
6.756325632563256249e+02 5.008375247294274159e+05
6.756825682568256752e+02 4.964893395172237069e+05
6.757325732573257255e+02 4.927251742353422451e+05
6.757825782578257758e+02 5.099794040247730445e+05
6.758325832583258261e+02 5.074170354148184997e+05
6.758825882588258764e+02 5.274662750658137957e+05
6.759325932593259267e+02 4.900965057392064482e+05
6.759825982598259770e+02 5.301867110303977970e+05
6.760326032603260273e+02 5.047974387692107121e+05
6.760826082608260776e+02 5.096861357023885357e+05
6.761326132613261279e+02 5.205624495772908558e+05
6.761826182618261782e+02 4.895776879017998581e+05
6.762326232623262285e+02 5.181464170259323437e+05
6.762826282628262788e+02 5.267075682432630565e+05
6.763326332633263291e+02 4.873440991893821047e+05
6.763826382638263794e+02 5.149231172698094160e+05
6.764326432643264297e+02 5.246673303684536368e+05
6.764826482648264800e+02 5.289472935861252481e+05
6.765326532653265303e+02 5.122648796059554443e+05
6.765826582658265806e+02 5.086051115168716642e+05
6.766326632663266309e+02 5.337695991744112689e+05
6.766826682668266812e+02 5.374067411101822508e+05
6.767326732673267315e+02 4.937448893575145630e+05
6.767826782678267818e+02 5.022225772759118117e+05
6.768326832683268321e+02 5.269295657253280515e+05
6.768826882688268824e+02 5.327611661979610799e+05
6.769326932693269328e+02 4.888227709900599439e+05
6.769826982698269831e+02 5.371828350417403271e+05
6.770327032703270334e+02 5.217372707177849370e+05
6.770827082708270837e+02 5.336234419115864439e+05
6.771327132713271340e+02 5.197480966007364914e+05
6.771827182718271843e+02 5.232124847982344218e+05
6.772327232723272346e+02 5.124817866756214644e+05
6.772827282728272849e+02 5.130416145365078701e+05
6.773327332733273352e+02 5.092202733945140499e+05
6.773827382738273855e+02 4.891271164143207134e+05
6.774327432743274358e+02 4.946671826988116372e+05
6.774827482748274861e+02 5.193236947893489269e+05
6.775327532753275364e+02 5.032284062127961661e+05
6.775827582758275867e+02 5.249884117939992575e+05
6.776327632763276370e+02 5.114621247039344744e+05
6.776827682768276873e+02 4.983665832369804266e+05
6.777327732773277376e+02 5.353237194822581951e+05
6.777827782778277879e+02 5.021387411345334840e+05
6.778327832783278382e+02 4.928248921475921525e+05
6.778827882788278885e+02 4.882473392937554163e+05
6.779327932793279388e+02 5.198268791729050572e+05
6.779827982798279891e+02 5.238855268067479483e+05
6.780328032803280394e+02 4.930620655260531348e+05
6.780828082808280897e+02 5.280436538803547155e+05
6.781328132813281400e+02 5.262961842685787706e+05
6.781828182818281903e+02 4.938031461569159292e+05
6.782328232823282406e+02 5.223012896132126334e+05
6.782828282828282909e+02 5.206117743077274063e+05
6.783328332833283412e+02 5.335218525274831336e+05
6.783828382838283915e+02 5.190349833566179732e+05
6.784328432843284418e+02 5.223454088751597446e+05
6.784828482848284921e+02 5.083651101626690361e+05
6.785328532853285424e+02 5.179487445268821320e+05
6.785828582858285927e+02 5.083047718218812952e+05
6.786328632863286430e+02 5.166004960556995939e+05
6.786828682868285796e+02 5.139763440669358824e+05
6.787328732873286299e+02 5.244746637188947061e+05
6.787828782878286802e+02 4.980222172095701098e+05
6.788328832883287305e+02 5.206557193733644672e+05
6.788828882888287808e+02 5.051056540415225900e+05
6.789328932893288311e+02 5.303919353549361695e+05
6.789828982898288814e+02 4.904003062597422977e+05
6.790329032903289317e+02 5.370114120850486215e+05
6.790829082908289820e+02 5.001310964427688741e+05
6.791329132913290323e+02 5.303759749012744287e+05
6.791829182918290826e+02 5.341121139020486735e+05
6.792329232923291329e+02 5.271155403676336864e+05
6.792829282928291832e+02 4.989615963143004919e+05
6.793329332933292335e+02 4.906717907080876175e+05
6.793829382938292838e+02 5.179154881108105183e+05
6.794329432943293341e+02 5.157490771766979597e+05
6.794829482948293844e+02 4.994190740515739890e+05
6.795329532953294347e+02 5.223599192058430053e+05
6.795829582958294850e+02 5.240900935792641249e+05
6.796329632963295353e+02 5.021531163318006438e+05
6.796829682968295856e+02 4.927123866482799058e+05
6.797329732973296359e+02 5.323536636501629837e+05
6.797829782978296862e+02 5.356593241830618354e+05
6.798329832983297365e+02 5.094045077906892984e+05
6.798829882988297868e+02 4.973733880328797968e+05
6.799329932993298371e+02 5.103617025222490192e+05
6.799829982998298874e+02 5.141815820492751081e+05
6.800330033003299377e+02 4.994502072757860878e+05
6.800830083008299880e+02 5.170977170582115068e+05
6.801330133013300383e+02 5.284101853972693207e+05
6.801830183018300886e+02 5.073790070047794725e+05
6.802330233023301389e+02 4.922440215199455852e+05
6.802830283028301892e+02 4.960350141972085694e+05
6.803330333033302395e+02 4.967069219428348588e+05
6.803830383038302898e+02 5.306542526069891173e+05
6.804330433043303401e+02 4.897003230981100351e+05
6.804830483048303904e+02 5.009987028216575272e+05
6.805330533053304407e+02 4.921006648605598020e+05
6.805830583058304910e+02 5.369582437159278197e+05
6.806330633063305413e+02 5.168839720710248221e+05
6.806830683068305916e+02 5.095807369304784806e+05
6.807330733073306419e+02 5.320414307895442471e+05
6.807830783078306922e+02 5.179008404973839060e+05
6.808330833083307425e+02 5.232522065728801535e+05
6.808830883088307928e+02 5.148681380037927302e+05
6.809330933093308431e+02 5.354516417390082497e+05
6.809830983098308934e+02 5.011839186820990872e+05
6.810331033103309437e+02 5.020671375623550266e+05
6.810831083108309940e+02 5.075911421507026535e+05
6.811331133113310443e+02 5.078117669336519320e+05
6.811831183118310946e+02 5.016551661666760920e+05
6.812331233123311449e+02 5.278273551983843790e+05
6.812831283128311952e+02 5.013843374898587354e+05
6.813331333133312455e+02 4.892220186256726738e+05
6.813831383138312958e+02 5.143430610508524696e+05
6.814331433143313461e+02 5.024380105532379239e+05
6.814831483148313964e+02 5.228256115956506692e+05
6.815331533153314467e+02 4.932922880676345085e+05
6.815831583158314970e+02 5.261815125322209205e+05
6.816331633163315473e+02 5.296710560294174356e+05
6.816831683168315976e+02 5.110970256376563921e+05
6.817331733173316479e+02 4.874237377604001667e+05
6.817831783178316982e+02 5.334799037200709572e+05
6.818331833183317485e+02 5.355812062583796214e+05
6.818831883188317988e+02 5.135723253127273056e+05
6.819331933193318491e+02 5.156407550464710221e+05
6.819831983198318994e+02 5.172421085347288754e+05
6.820332033203319497e+02 5.253730070431501372e+05
6.820832083208320000e+02 5.222030040637562633e+05
6.821332133213320503e+02 5.130292850824284251e+05
6.821832183218321006e+02 5.038968973486616742e+05
6.822332233223321509e+02 5.209297681318576797e+05
6.822832283228322012e+02 4.967070800738759572e+05
6.823332333233322515e+02 5.322916228061098373e+05
6.823832383238323018e+02 5.285206580825519050e+05
6.824332433243323521e+02 5.322961341083141742e+05
6.824832483248324024e+02 4.896864853955557919e+05
6.825332533253324527e+02 5.129112147200914333e+05
6.825832583258325030e+02 5.054011488913824433e+05
6.826332633263325533e+02 4.958054804269766901e+05
6.826832683268326036e+02 5.296212700134880142e+05
6.827332733273326539e+02 5.305768611435897183e+05
6.827832783278327042e+02 5.334008831951551838e+05
6.828332833283327545e+02 4.942357924431341235e+05
6.828832883288328048e+02 5.121610384394722641e+05
6.829332933293328551e+02 4.887157171276431181e+05
6.829832983298329054e+02 4.893490918742408976e+05
6.830333033303329557e+02 5.215631862186548533e+05
6.830833083308330060e+02 4.961768654966194299e+05
6.831333133313330563e+02 5.190038113782821456e+05
6.831833183318331066e+02 5.375885529442804400e+05
6.832333233323331569e+02 5.348150481226788834e+05
6.832833283328332072e+02 5.243797326218460221e+05
6.833333333333332575e+02 5.072296451716828742e+05
6.833833383338333078e+02 5.308838172993526096e+05
6.834333433343333581e+02 4.920467417511726962e+05
6.834833483348334084e+02 4.925099078585949610e+05
6.835333533353334587e+02 5.187399823744521127e+05
6.835833583358335090e+02 5.185007067596951965e+05
6.836333633363335593e+02 4.994354966560858302e+05
6.836833683368336096e+02 5.126599508488391293e+05
6.837333733373336599e+02 5.318588242198294029e+05
6.837833783378337102e+02 5.094315776713879895e+05
6.838333833383337605e+02 4.958323143904783064e+05
6.838833883388338108e+02 5.075679373126036371e+05
6.839333933393338611e+02 5.109362088513462222e+05
6.839833983398339115e+02 4.895675697862100787e+05
6.840334033403339618e+02 4.980206592562223086e+05
6.840834083408340121e+02 5.373004046653429978e+05
6.841334133413340624e+02 4.988870294292749604e+05
6.841834183418341127e+02 4.936418313356084982e+05
6.842334233423341630e+02 4.887503387173690717e+05
6.842834283428342133e+02 5.183985186126743793e+05
6.843334333433342636e+02 5.054266182917219703e+05
6.843834383438343139e+02 4.887061386649697088e+05
6.844334433443343642e+02 4.936667750389160356e+05
6.844834483448344145e+02 5.278637464075695025e+05
6.845334533453344648e+02 5.368503690549507737e+05
6.845834583458345151e+02 5.079142719142744900e+05
6.846334633463345654e+02 5.126245659387474880e+05
6.846834683468346157e+02 5.148483873860766180e+05
6.847334733473346660e+02 5.259547309848747682e+05
6.847834783478347163e+02 5.068759416375063010e+05
6.848334833483347666e+02 4.986404130440126173e+05
6.848834883488348169e+02 5.125581862149303779e+05
6.849334933493348672e+02 4.959386638600060833e+05
6.849834983498349175e+02 5.006711233514543273e+05
6.850335033503349678e+02 5.055589582984335138e+05
6.850835083508350181e+02 4.930668827682939009e+05
6.851335133513350684e+02 5.359141140270836186e+05
6.851835183518351187e+02 5.174795059719983255e+05
6.852335233523351690e+02 5.351670272838784149e+05
6.852835283528352193e+02 5.199820465431254124e+05
6.853335333533352696e+02 4.930409339760585572e+05
6.853835383538353199e+02 4.948000245327632292e+05
6.854335433543353702e+02 5.100583639654418803e+05
6.854835483548354205e+02 5.045885405589544098e+05
6.855335533553354708e+02 5.242444363418695284e+05
6.855835583558355211e+02 5.120540876326845028e+05
6.856335633563355714e+02 5.261258730446852278e+05
6.856835683568356217e+02 4.950069951916268328e+05
6.857335733573356720e+02 4.940847846290121670e+05
6.857835783578357223e+02 5.048320808570608497e+05
6.858335833583357726e+02 5.034744639818948344e+05
6.858835883588358229e+02 4.943626799450652907e+05
6.859335933593358732e+02 5.361609499291387619e+05
6.859835983598359235e+02 5.376655619946995284e+05
6.860336033603359738e+02 5.121259452628449071e+05
6.860836083608360241e+02 5.163645805753493332e+05
6.861336133613360744e+02 5.293871151933446527e+05
6.861836183618361247e+02 4.894092987555948785e+05
6.862336233623361750e+02 5.127477398969598580e+05
6.862836283628362253e+02 5.168196310730729019e+05
6.863336333633362756e+02 5.218044133959130850e+05
6.863836383638363259e+02 5.325806501503849868e+05
6.864336433643363762e+02 5.066314492075552698e+05
6.864836483648364265e+02 5.288010014845294645e+05
6.865336533653364768e+02 5.328081441363702761e+05
6.865836583658365271e+02 4.946542908115191385e+05
6.866336633663365774e+02 4.893725876356425579e+05
6.866836683668366277e+02 5.024288138854408171e+05
6.867336733673366780e+02 5.338606095915999031e+05
6.867836783678367283e+02 4.920035681953449384e+05
6.868336833683367786e+02 5.228849270779705257e+05
6.868836883688368289e+02 4.934209755965028889e+05
6.869336933693368792e+02 5.153520885552880936e+05
6.869836983698369295e+02 5.373804074073698139e+05
6.870337033703369798e+02 5.283559177834979491e+05
6.870837083708370301e+02 5.343729240778430831e+05
6.871337133713370804e+02 5.157607373060483369e+05
6.871837183718371307e+02 5.062087146241914015e+05
6.872337233723371810e+02 5.360915597256190376e+05
6.872837283728372313e+02 5.089316256807825994e+05
6.873337333733372816e+02 5.210634484664071351e+05
6.873837383738373319e+02 5.137378383003170020e+05
6.874337433743373822e+02 5.357677651653814828e+05
6.874837483748374325e+02 4.939586357731855242e+05
6.875337533753374828e+02 4.950335066984230652e+05
6.875837583758375331e+02 5.122678371474367450e+05
6.876337633763375834e+02 5.132037005117499502e+05
6.876837683768376337e+02 5.203894197878346313e+05
6.877337733773376840e+02 5.178496046612501377e+05
6.877837783778377343e+02 5.220282905095303431e+05
6.878337833783377846e+02 4.931875840671302285e+05
6.878837883788378349e+02 5.010344722253741347e+05
6.879337933793378852e+02 5.143786680379211903e+05
6.879837983798379355e+02 4.960262676001704531e+05
6.880338033803379858e+02 4.957187396731743356e+05
6.880838083808380361e+02 4.928651692147888825e+05
6.881338133813380864e+02 5.038053492897972465e+05
6.881838183818381367e+02 5.314935912969879573e+05
6.882338233823381870e+02 5.332215810074028559e+05
6.882838283828382373e+02 5.271645027673736913e+05
6.883338333833382876e+02 5.254617963089066325e+05
6.883838383838383379e+02 5.014571185571009992e+05
6.884338433843383882e+02 5.281245387958032079e+05
6.884838483848384385e+02 5.185433439579100814e+05
6.885338533853384888e+02 5.192508830560697825e+05
6.885838583858385391e+02 5.102219203989398084e+05
6.886338633863385894e+02 5.440682637921035057e+05
6.886838683868386397e+02 5.060346803013032186e+05
6.887338733873386900e+02 5.383613329057234805e+05
6.887838783878387403e+02 5.104424985034418060e+05
6.888338833883387906e+02 5.218541417875602492e+05
6.888838883888388409e+02 5.110706620248790132e+05
6.889338933893388912e+02 5.330384410811861744e+05
6.889838983898389415e+02 5.523936942826854065e+05
6.890339033903389918e+02 5.128793478365251794e+05
6.890839083908390421e+02 5.477631259013010422e+05
6.891339133913390924e+02 5.274484951485868078e+05
6.891839183918391427e+02 5.649150661213095300e+05
6.892339233923391930e+02 5.469555576232067542e+05
6.892839283928392433e+02 5.576096283063658047e+05
6.893339333933392936e+02 5.592469898913468933e+05
6.893839383938393439e+02 5.890504734156269114e+05
6.894339433943393942e+02 5.428404340403137030e+05
6.894839483948394445e+02 5.595939072610458825e+05
6.895339533953394948e+02 6.072568305402781116e+05
6.895839583958395451e+02 5.656160855956384912e+05
6.896339633963395954e+02 5.796177839640828315e+05
6.896839683968396457e+02 6.258897239927611081e+05
6.897339733973396960e+02 5.902482695978023112e+05
6.897839783978397463e+02 6.481672383136653807e+05
6.898339833983397966e+02 6.506569991466855863e+05
6.898839883988398469e+02 6.098735505789993331e+05
6.899339933993398972e+02 6.349974373603574932e+05
6.899839983998399475e+02 6.855419580754117342e+05
6.900340034003399978e+02 6.873962569601002615e+05
6.900840084008400481e+02 6.951986750881943153e+05
6.901340134013400984e+02 6.708154072805851465e+05
6.901840184018401487e+02 6.927750159496475244e+05
6.902340234023401990e+02 7.473557042096750811e+05
6.902840284028402493e+02 7.586651978836941998e+05
6.903340334033402996e+02 7.240264518733408768e+05
6.903840384038403499e+02 7.375751290720260004e+05
6.904340434043404002e+02 7.339181976581871277e+05
6.904840484048404505e+02 7.451250719510577619e+05
6.905340534053405008e+02 8.053121043746648356e+05
6.905840584058405511e+02 8.009530284689142136e+05
6.906340634063406014e+02 7.865076138420281932e+05
6.906840684068406517e+02 7.532381015289934585e+05
6.907340734073407020e+02 7.651894517613135977e+05
6.907840784078407523e+02 8.310731585479306523e+05
6.908340834083408026e+02 8.322669367912162561e+05
6.908840884088408529e+02 8.243767821843278361e+05
6.909340934093409032e+02 8.177590914752231911e+05
6.909840984098409535e+02 8.157407658507229062e+05
6.910341034103410038e+02 8.074523470648891525e+05
6.910841084108410541e+02 8.005409485022756271e+05
6.911341134113411044e+02 7.972170297829173505e+05
6.911841184118411547e+02 7.789109823710464407e+05
6.912341234123412050e+02 7.981170782696089009e+05
6.912841284128412553e+02 7.631023650888866978e+05
6.913341334133413056e+02 7.792833590546833584e+05
6.913841384138413559e+02 7.593494716265995521e+05
6.914341434143414062e+02 7.844029229177918751e+05
6.914841484148414565e+02 7.613521334300762974e+05
6.915341534153415068e+02 7.452110386745480355e+05
6.915841584158415571e+02 7.348400264922076603e+05
6.916341634163416074e+02 7.453769859054755652e+05
6.916841684168416577e+02 7.625639941025708104e+05
6.917341734173417080e+02 7.444120724155349890e+05
6.917841784178417583e+02 6.851884691458131419e+05
6.918341834183418086e+02 6.793092899325075559e+05
6.918841884188418589e+02 6.817739680069941096e+05
6.919341934193419092e+02 6.506724801826471230e+05
6.919841984198419595e+02 6.483367745209999848e+05
6.920342034203420098e+02 6.838411399215123383e+05
6.920842084208420601e+02 6.188359709718910744e+05
6.921342134213421105e+02 6.670662708942892496e+05
6.921842184218421608e+02 6.093636515383821679e+05
6.922342234223422111e+02 6.274422834336233791e+05
6.922842284228422614e+02 6.213128949092817493e+05
6.923342334233423117e+02 5.808324326383692678e+05
6.923842384238423620e+02 5.948982556548104621e+05
6.924342434243424123e+02 5.701032468881568639e+05
6.924842484248424626e+02 5.822343247710629366e+05
6.925342534253425129e+02 5.915031572756373789e+05
6.925842584258425632e+02 5.510951117876662174e+05
6.926342634263426135e+02 5.317571933711756719e+05
6.926842684268426638e+02 5.437933441961512435e+05
6.927342734273427141e+02 5.356999483229919570e+05
6.927842784278427644e+02 5.556361601369265700e+05
6.928342834283428147e+02 5.531920131034404039e+05
6.928842884288428650e+02 5.579006744721172145e+05
6.929342934293429153e+02 5.351143113705248106e+05
6.929842984298429656e+02 5.225254309338904568e+05
6.930343034303430159e+02 5.315960303025753237e+05
6.930843084308430662e+02 5.415270109989563935e+05
6.931343134313431165e+02 5.057487591968689812e+05
6.931843184318431668e+02 5.256555133665560279e+05
6.932343234323432171e+02 5.165711211652109632e+05
6.932843284328432674e+02 5.111000077340850839e+05
6.933343334333433177e+02 5.275177549345730804e+05
6.933843384338433680e+02 5.173043686238441151e+05
6.934343434343434183e+02 4.979577220585478935e+05
6.934843484348434686e+02 4.961705553624425083e+05
6.935343534353435189e+02 5.388502323846961372e+05
6.935843584358435692e+02 5.206433002816702938e+05
6.936343634363436195e+02 4.999221641331134597e+05
6.936843684368436698e+02 5.386991272692388156e+05
6.937343734373437201e+02 4.944331639021957526e+05
6.937843784378437704e+02 5.063444682473593857e+05
6.938343834383438207e+02 5.225657232986980816e+05
6.938843884388438710e+02 5.291172927654088708e+05
6.939343934393439213e+02 5.188992110970727517e+05
6.939843984398439716e+02 4.993375922243297100e+05
6.940344034403440219e+02 5.083870512926458614e+05
6.940844084408440722e+02 5.033973465631965664e+05
6.941344134413441225e+02 5.247465487076148856e+05
6.941844184418441728e+02 4.893265213129209005e+05
6.942344234423442231e+02 4.969901229395141127e+05
6.942844284428442734e+02 5.352133702172419289e+05
6.943344334433443237e+02 4.910115394012735924e+05
6.943844384438443740e+02 5.115950840007686056e+05
6.944344434443444243e+02 4.991199073350290419e+05
6.944844484448444746e+02 5.257589482559596654e+05
6.945344534453445249e+02 4.883489164390290389e+05
6.945844584458445752e+02 5.205881112523639458e+05
6.946344634463446255e+02 5.293980834309296915e+05
6.946844684468446758e+02 5.375770461836175527e+05
6.947344734473447261e+02 5.358506479804763803e+05
6.947844784478447764e+02 4.973395557604655623e+05
6.948344834483448267e+02 5.235013909724343685e+05
6.948844884488448770e+02 4.993389234395613894e+05
6.949344934493449273e+02 5.137725308360859635e+05
6.949844984498449776e+02 5.025915285259646480e+05
6.950345034503450279e+02 5.270095309588485397e+05
6.950845084508450782e+02 4.879445287368288264e+05
6.951345134513451285e+02 4.938370219321502955e+05
6.951845184518451788e+02 5.100467664446121780e+05
6.952345234523452291e+02 5.292375237275635591e+05
6.952845284528452794e+02 5.044872152373562567e+05
6.953345334533453297e+02 5.319588473524443107e+05
6.953845384538453800e+02 5.168016715497302357e+05
6.954345434543454303e+02 5.180964165480397060e+05
6.954845484548454806e+02 4.960008860245479736e+05
6.955345534553455309e+02 5.233637329359652940e+05
6.955845584558455812e+02 4.879052320901108324e+05
6.956345634563456315e+02 5.239480326644241577e+05
6.956845684568456818e+02 5.143172232032071333e+05
6.957345734573457321e+02 4.965953072438875097e+05
6.957845784578457824e+02 4.906063026873276685e+05
6.958345834583458327e+02 4.987984212642484927e+05
6.958845884588458830e+02 5.143152821323600947e+05
6.959345934593459333e+02 5.124917433049519896e+05
6.959845984598459836e+02 5.101105275951958611e+05
6.960346034603460339e+02 5.253671309886026429e+05
6.960846084608460842e+02 5.253448496312934440e+05
6.961346134613461345e+02 5.231820405175263877e+05
6.961846184618461848e+02 5.133054376427291427e+05
6.962346234623462351e+02 5.244585875482143601e+05
6.962846284628462854e+02 4.898519354750303319e+05
6.963346334633463357e+02 5.242161554121476365e+05
6.963846384638463860e+02 4.905869101876512286e+05
6.964346434643464363e+02 4.992597597362498054e+05
6.964846484648464866e+02 5.269297495444436790e+05
6.965346534653465369e+02 5.090070318560052547e+05
6.965846584658465872e+02 5.081587875699331635e+05
6.966346634663466375e+02 5.241032911131306901e+05
6.966846684668466878e+02 5.118136370789633947e+05
6.967346734673467381e+02 5.163220581571991788e+05
6.967846784678467884e+02 5.366150419405761641e+05
6.968346834683468387e+02 5.234753210817479412e+05
6.968846884688468890e+02 4.985125261735068634e+05
6.969346934693469393e+02 5.006841882642192068e+05
6.969846984698469896e+02 4.893686584788787295e+05
6.970347034703470399e+02 5.145755519523265539e+05
6.970847084708470902e+02 5.374534000915563665e+05
6.971347134713471405e+02 5.157066821544422419e+05
6.971847184718471908e+02 5.161840641773855896e+05
6.972347234723472411e+02 4.916041824414972798e+05
6.972847284728472914e+02 5.034321917487337487e+05
6.973347334733473417e+02 4.942805204829114955e+05
6.973847384738473920e+02 5.117664052467415459e+05
6.974347434743474423e+02 5.338415115829017013e+05
6.974847484748474926e+02 5.095132043125549681e+05
6.975347534753475429e+02 5.055452084436650039e+05
6.975847584758475932e+02 5.002412662974809064e+05
6.976347634763476435e+02 5.051244984075634275e+05
6.976847684768476938e+02 5.298862525454516290e+05
6.977347734773477441e+02 5.286847888817960629e+05
6.977847784778477944e+02 5.150496749932062812e+05
6.978347834783478447e+02 5.207795863030779874e+05
6.978847884788478950e+02 5.303331809933115728e+05
6.979347934793479453e+02 5.268216512610636419e+05
6.979847984798479956e+02 5.141851437085002544e+05
6.980348034803480459e+02 4.965603598834169097e+05
6.980848084808480962e+02 5.045052601831868524e+05
6.981348134813481465e+02 5.317189221751156729e+05
6.981848184818481968e+02 4.887292191793841776e+05
6.982348234823482471e+02 5.284171572286381852e+05
6.982848284828482974e+02 5.083072454002807499e+05
6.983348334833483477e+02 5.148622465897242655e+05
6.983848384838483980e+02 4.984978984370984836e+05
6.984348434843484483e+02 5.170283345993745606e+05
6.984848484848484986e+02 4.980751942424048902e+05
6.985348534853485489e+02 4.966219722391745890e+05
6.985848584858485992e+02 5.216855478445565677e+05
6.986348634863486495e+02 5.236536974481863435e+05
6.986848684868486998e+02 4.879569331606317428e+05
6.987348734873487501e+02 5.069996506337184110e+05
6.987848784878488004e+02 5.000267952282533515e+05
6.988348834883488507e+02 5.358686660664596129e+05
6.988848884888489010e+02 5.220214340770058334e+05
6.989348934893489513e+02 5.185302693427998456e+05
6.989848984898490016e+02 5.318054805644247681e+05
6.990349034903490519e+02 5.287252514777100878e+05
6.990849084908491022e+02 5.106802476397200953e+05
6.991349134913491525e+02 5.269490059367503272e+05
6.991849184918492028e+02 4.905193403593645198e+05
6.992349234923492531e+02 4.899138089333061362e+05
6.992849284928493034e+02 5.166917382525848807e+05
6.993349334933493537e+02 5.274577187864180887e+05
6.993849384938494040e+02 5.316037480996893719e+05
6.994349434943494543e+02 4.956410750991352252e+05
6.994849484948495046e+02 5.209854375412369845e+05
6.995349534953495549e+02 5.062282145788720809e+05
6.995849584958496052e+02 4.899006008351005730e+05
6.996349634963496555e+02 4.958241430233735591e+05
6.996849684968497058e+02 5.312172130415380234e+05
6.997349734973497561e+02 5.251365870424010791e+05
6.997849784978498064e+02 4.967275859323310433e+05
6.998349834983498567e+02 4.914638782849968993e+05
6.998849884988499070e+02 5.365112514870063169e+05
6.999349934993499573e+02 4.944879103259738185e+05
6.999849984998500076e+02 5.216170931975925341e+05
7.000350035003500579e+02 5.047472444664888317e+05
7.000850085008501082e+02 4.934648901146886637e+05
7.001350135013501585e+02 5.051571102716079331e+05
7.001850185018502088e+02 4.989685157635622891e+05
7.002350235023502592e+02 5.238497310997761087e+05
7.002850285028503095e+02 4.968186201725779683e+05
7.003350335033503598e+02 4.939260507797313621e+05
7.003850385038504101e+02 5.045235679622204043e+05
7.004350435043504604e+02 4.993508946323350538e+05
7.004850485048505107e+02 4.960649038989783730e+05
7.005350535053505610e+02 5.299491506625036709e+05
7.005850585058506113e+02 5.109672004479486495e+05
7.006350635063506616e+02 5.003502820683958707e+05
7.006850685068507119e+02 5.316337699599707266e+05
7.007350735073507622e+02 5.052674547853618860e+05
7.007850785078508125e+02 5.255302368885446340e+05
7.008350835083508628e+02 5.333372549275832716e+05
7.008850885088509131e+02 5.173570720623604138e+05
7.009350935093509634e+02 4.953694419138091034e+05
7.009850985098510137e+02 5.304679827393674059e+05
7.010351035103510640e+02 5.074802225442852359e+05
7.010851085108511143e+02 5.343810203647364397e+05
7.011351135113511646e+02 5.174968265074114315e+05
7.011851185118512149e+02 4.870163428123859921e+05
7.012351235123512652e+02 5.262154199903500266e+05
7.012851285128513155e+02 5.349295739780581789e+05
7.013351335133513658e+02 5.321009410591303604e+05
7.013851385138514161e+02 5.361600136456009932e+05
7.014351435143514664e+02 5.146264682307820185e+05
7.014851485148515167e+02 4.938989401360156480e+05
7.015351535153515670e+02 4.985046179530632799e+05
7.015851585158516173e+02 4.905899597292881226e+05
7.016351635163516676e+02 5.235487608087216504e+05
7.016851685168517179e+02 5.029918085940013407e+05
7.017351735173517682e+02 5.289147847391336691e+05
7.017851785178518185e+02 5.112739758814537781e+05
7.018351835183518688e+02 5.358798288297274848e+05
7.018851885188519191e+02 5.092702416539345286e+05
7.019351935193519694e+02 5.195216632824931294e+05
7.019851985198520197e+02 4.879976710903893108e+05
7.020352035203520700e+02 5.334490847417967161e+05
7.020852085208521203e+02 5.092000251102829352e+05
7.021352135213521706e+02 5.365327889940362656e+05
7.021852185218522209e+02 5.300799527106385212e+05
7.022352235223522712e+02 5.304274546430411283e+05
7.022852285228523215e+02 5.104394463755154284e+05
7.023352335233523718e+02 5.027782351385130896e+05
7.023852385238524221e+02 5.109819419106008718e+05
7.024352435243524724e+02 5.107287632404208998e+05
7.024852485248525227e+02 5.136646073057967005e+05
7.025352535253525730e+02 5.160810399580901139e+05
7.025852585258526233e+02 5.117236132181461435e+05
7.026352635263526736e+02 5.091189822469904902e+05
7.026852685268527239e+02 5.156086998581098160e+05
7.027352735273527742e+02 5.365889643172278302e+05
7.027852785278528245e+02 4.876919698427969706e+05
7.028352835283528748e+02 4.945492772549779038e+05
7.028852885288529251e+02 4.955803036394091905e+05
7.029352935293529754e+02 5.070971980325389304e+05
7.029852985298530257e+02 4.873994668096694513e+05
7.030353035303530760e+02 5.004108248077659518e+05
7.030853085308531263e+02 4.915850561228892184e+05
7.031353135313531766e+02 4.877155349232613808e+05
7.031853185318532269e+02 4.999491879593922640e+05
7.032353235323532772e+02 5.120272073582635494e+05
7.032853285328533275e+02 5.363455237362921471e+05
7.033353335333533778e+02 5.119563500926262350e+05
7.033853385338534281e+02 5.139099245379812201e+05
7.034353435343534784e+02 5.020370784238765482e+05
7.034853485348535287e+02 5.115428344629266066e+05
7.035353535353535790e+02 5.168051114509684849e+05
7.035853585358536293e+02 4.961408818349130452e+05
7.036353635363536796e+02 5.089512630806727684e+05
7.036853685368537299e+02 5.349156773977910634e+05
7.037353735373537802e+02 5.182342828897175496e+05
7.037853785378538305e+02 5.039384776381989941e+05
7.038353835383538808e+02 4.963567971868381719e+05
7.038853885388539311e+02 5.341287451880023582e+05
7.039353935393539814e+02 5.266625991033738246e+05
7.039853985398540317e+02 5.377032962031195639e+05
7.040354035403540820e+02 5.316279264087941265e+05
7.040854085408541323e+02 4.869403112658865866e+05
7.041354135413541826e+02 5.090275132466338691e+05
7.041854185418542329e+02 5.119895385345610557e+05
7.042354235423542832e+02 4.916006988342705299e+05
7.042854285428543335e+02 5.322616167447416810e+05
7.043354335433543838e+02 5.021744407323592459e+05
7.043854385438544341e+02 5.108798164201822365e+05
7.044354435443544844e+02 5.330294145453738747e+05
7.044854485448545347e+02 5.342811959451992298e+05
7.045354535453545850e+02 5.004163987277026172e+05
7.045854585458546353e+02 5.333463063488310436e+05
7.046354635463546856e+02 5.226929586180489277e+05
7.046854685468547359e+02 5.237874805841742782e+05
7.047354735473547862e+02 5.012497859548731358e+05
7.047854785478548365e+02 4.912632662681742804e+05
7.048354835483548868e+02 5.159261837801748770e+05
7.048854885488549371e+02 5.359233029540407006e+05
7.049354935493549874e+02 5.138034612611506600e+05
7.049854985498550377e+02 4.942327327784223016e+05
7.050355035503550880e+02 5.070625023424896644e+05
7.050855085508551383e+02 4.873657730964696966e+05
7.051355135513551886e+02 5.160684800709674018e+05
7.051855185518552389e+02 5.347087284822113579e+05
7.052355235523552892e+02 4.882063354549341602e+05
7.052855285528553395e+02 5.096257205419443781e+05
7.053355335533553898e+02 5.367675509425149066e+05
7.053855385538554401e+02 4.871147029934973689e+05
7.054355435543554904e+02 5.312990023625249742e+05
7.054855485548555407e+02 4.967211725668538711e+05
7.055355535553555910e+02 5.124414527705946239e+05
7.055855585558556413e+02 5.285652214151013177e+05
7.056355635563556916e+02 5.219997900637398707e+05
7.056855685568557419e+02 4.983392018078480614e+05
7.057355735573557922e+02 5.001613611969726626e+05
7.057855785578558425e+02 4.928481280264680972e+05
7.058355835583558928e+02 5.303386054734258214e+05
7.058855885588559431e+02 5.103881300335780252e+05
7.059355935593559934e+02 4.885285657614986994e+05
7.059855985598560437e+02 5.242362738764974056e+05
7.060356035603560940e+02 4.933183407208332792e+05
7.060856085608561443e+02 4.969434542718338198e+05
7.061356135613561946e+02 5.070807918767361552e+05
7.061856185618562449e+02 5.156075625784206786e+05
7.062356235623562952e+02 4.897266480919003370e+05
7.062856285628563455e+02 5.263187837984632934e+05
7.063356335633563958e+02 4.922314514645055169e+05
7.063856385638564461e+02 4.968523623819979839e+05
7.064356435643564964e+02 4.893141031907953438e+05
7.064856485648565467e+02 5.329248517655866453e+05
7.065356535653565970e+02 5.299189350021625869e+05
7.065856585658566473e+02 4.868056064831891563e+05
7.066356635663566976e+02 5.364023501507650362e+05
7.066856685668567479e+02 5.293486236770193791e+05
7.067356735673567982e+02 5.033107291354993940e+05
7.067856785678568485e+02 4.952315856536208303e+05
7.068356835683568988e+02 5.282040286140510580e+05
7.068856885688569491e+02 5.307066346370418323e+05
7.069356935693569994e+02 5.324972353488935623e+05
7.069856985698570497e+02 5.150630109445875860e+05
7.070357035703571000e+02 5.267481567104713758e+05
7.070857085708571503e+02 4.880680392616830068e+05
7.071357135713572006e+02 5.315428386970736319e+05
7.071857185718572509e+02 5.237612256122608087e+05
7.072357235723573012e+02 4.980561991576738073e+05
7.072857285728572379e+02 5.257894792240408715e+05
7.073357335733572882e+02 4.881478014945927425e+05
7.073857385738573385e+02 5.353456258009577869e+05
7.074357435743573888e+02 5.275324512443542480e+05
7.074857485748574391e+02 5.349613006847837241e+05
7.075357535753574894e+02 5.343869911567446543e+05
7.075857585758575397e+02 5.206883413970594411e+05
7.076357635763575900e+02 4.996016011069912929e+05
7.076857685768576403e+02 4.967728253141995519e+05
7.077357735773576906e+02 5.057642843752439367e+05
7.077857785778577409e+02 5.357666768304237630e+05
7.078357835783577912e+02 5.108265736427102820e+05
7.078857885788578415e+02 5.280514246520807501e+05
7.079357935793578918e+02 5.096167600428572623e+05
7.079857985798579421e+02 5.166125884032283793e+05
7.080358035803579924e+02 5.046648670065859915e+05
7.080858085808580427e+02 5.244379485296166968e+05
7.081358135813580930e+02 5.314207203518050956e+05
7.081858185818581433e+02 5.095057609271113761e+05
7.082358235823581936e+02 5.213669817482263315e+05
7.082858285828582439e+02 4.926583257083469653e+05
7.083358335833582942e+02 5.191415809761703713e+05
7.083858385838583445e+02 5.304788869816854130e+05
7.084358435843583948e+02 5.375952862157493364e+05
7.084858485848584451e+02 4.868802243968104594e+05
7.085358535853584954e+02 5.315982444305416429e+05
7.085858585858585457e+02 5.036697231213563937e+05
7.086358635863585960e+02 5.152114169419374666e+05
7.086858685868586463e+02 5.321034894625808811e+05
7.087358735873586966e+02 5.127458545169786084e+05
7.087858785878587469e+02 5.181078731445131125e+05
7.088358835883587972e+02 5.352257793512176722e+05
7.088858885888588475e+02 5.359077113688916434e+05
7.089358935893588978e+02 5.044042538531406317e+05
7.089858985898589481e+02 5.115356245073053287e+05
7.090359035903589984e+02 4.967897108898150618e+05
7.090859085908590487e+02 5.201906122002081247e+05
7.091359135913590990e+02 4.957779946658797562e+05
7.091859185918591493e+02 5.127814897534201737e+05
7.092359235923591996e+02 5.175215350097936462e+05
7.092859285928592499e+02 5.245224323086438235e+05
7.093359335933593002e+02 4.980105647873413400e+05
7.093859385938593505e+02 5.187283389815415721e+05
7.094359435943594008e+02 5.214326892868099385e+05
7.094859485948594511e+02 5.113070960919219651e+05
7.095359535953595014e+02 5.256519960059302393e+05
7.095859585958595517e+02 5.348112093564375537e+05
7.096359635963596020e+02 5.030018378685162170e+05
7.096859685968596523e+02 4.944077615121999988e+05
7.097359735973597026e+02 5.143459264809043962e+05
7.097859785978597529e+02 5.105220515449409140e+05
7.098359835983598032e+02 5.208832125732681016e+05
7.098859885988598535e+02 5.265255232226136141e+05
7.099359935993599038e+02 5.351024648878520820e+05
7.099859985998599541e+02 4.909070379484863370e+05
7.100360036003600044e+02 5.219810108126950217e+05
7.100860086008600547e+02 4.911171121143390192e+05
7.101360136013601050e+02 5.015671894398389268e+05
7.101860186018601553e+02 5.120596368498591473e+05
7.102360236023602056e+02 4.957976273388728150e+05
7.102860286028602559e+02 4.891341804387813318e+05
7.103360336033603062e+02 4.871111859610068495e+05
7.103860386038603565e+02 5.264488844725376694e+05
7.104360436043604068e+02 5.158519662191087846e+05
7.104860486048604571e+02 5.194786034093076596e+05
7.105360536053605074e+02 5.154790819081406225e+05
7.105860586058605577e+02 5.090854014355984982e+05
7.106360636063606080e+02 5.197219375036268611e+05
7.106860686068606583e+02 4.927241014333897037e+05
7.107360736073607086e+02 5.086187837875125115e+05
7.107860786078607589e+02 5.373359858218365116e+05
7.108360836083608092e+02 5.183428464850088349e+05
7.108860886088608595e+02 4.979717627661350998e+05
7.109360936093609098e+02 5.011548976497199619e+05
7.109860986098609601e+02 4.920630160718130646e+05
7.110361036103610104e+02 5.164398005051607033e+05
7.110861086108610607e+02 5.004457025461076410e+05
7.111361136113611110e+02 5.025379353061783477e+05
7.111861186118611613e+02 5.088121258608884527e+05
7.112361236123612116e+02 4.911424468493949389e+05
7.112861286128612619e+02 4.874103272887381027e+05
7.113361336133613122e+02 5.004562425332688726e+05
7.113861386138613625e+02 5.249284941881712293e+05
7.114361436143614128e+02 5.003990182287179050e+05
7.114861486148614631e+02 5.130307847483120277e+05
7.115361536153615134e+02 5.262440223480237182e+05
7.115861586158615637e+02 4.916112453246298246e+05
7.116361636163616140e+02 5.045115531992765027e+05
7.116861686168616643e+02 5.113916741304028546e+05
7.117361736173617146e+02 5.327715231950144516e+05
7.117861786178617649e+02 5.180417113254682044e+05
7.118361836183618152e+02 5.211141952168607968e+05
7.118861886188618655e+02 5.317040456225777743e+05
7.119361936193619158e+02 5.202837851612172090e+05
7.119861986198619661e+02 4.949514094096709741e+05
7.120362036203620164e+02 5.186684261160711758e+05
7.120862086208620667e+02 5.143333947152549517e+05
7.121362136213621170e+02 5.240395414445446804e+05
7.121862186218621673e+02 5.315964905555023579e+05
7.122362236223622176e+02 5.192414634713985142e+05
7.122862286228622679e+02 5.048165878821829101e+05
7.123362336233623182e+02 4.980444701873332961e+05
7.123862386238623685e+02 5.216749240097944275e+05
7.124362436243624188e+02 5.075348420306408661e+05
7.124862486248624691e+02 4.916872480218392448e+05
7.125362536253625194e+02 4.876636190204082523e+05
7.125862586258625697e+02 4.984923707660876680e+05
7.126362636263626200e+02 5.056102761650275788e+05
7.126862686268626703e+02 5.279188602617311990e+05
7.127362736273627206e+02 5.121102253242650186e+05
7.127862786278627709e+02 5.147425012460703147e+05
7.128362836283628212e+02 4.942367980202098261e+05
7.128862886288628715e+02 5.034167972270824248e+05
7.129362936293629218e+02 5.228540559478258947e+05
7.129862986298629721e+02 5.138010454549176502e+05
7.130363036303630224e+02 4.912622229956453666e+05
7.130863086308630727e+02 4.928550027433804935e+05
7.131363136313631230e+02 5.088201184957025107e+05
7.131863186318631733e+02 5.113401967436636332e+05
7.132363236323632236e+02 5.026682085286942311e+05
7.132863286328632739e+02 5.067663630153014092e+05
7.133363336333633242e+02 5.138348141124598915e+05
7.133863386338633745e+02 5.331557972106852103e+05
7.134363436343634248e+02 5.249519348514353624e+05
7.134863486348634751e+02 5.100003892946068663e+05
7.135363536353635254e+02 4.982337112382599735e+05
7.135863586358635757e+02 5.161182761571453302e+05
7.136363636363636260e+02 5.327108833656663774e+05
7.136863686368636763e+02 4.917821624494902790e+05
7.137363736373637266e+02 5.337269715789827751e+05
7.137863786378637769e+02 5.023500065856628935e+05
7.138363836383638272e+02 5.225171588526588166e+05
7.138863886388638775e+02 5.235375934429668705e+05
7.139363936393639278e+02 5.060396233947469736e+05
7.139863986398639781e+02 5.290524749027342768e+05
7.140364036403640284e+02 5.195230239065109054e+05
7.140864086408640787e+02 4.889009054738101549e+05
7.141364136413641290e+02 5.256441417464427650e+05
7.141864186418641793e+02 4.981714466201936011e+05
7.142364236423642296e+02 4.940068695508159581e+05
7.142864286428642799e+02 5.334898614651524695e+05
7.143364336433643302e+02 4.991874650876682717e+05
7.143864386438643805e+02 4.932649420196751598e+05
7.144364436443644308e+02 5.191544905430218205e+05
7.144864486448644811e+02 4.974835378843881772e+05
7.145364536453645314e+02 5.105132570613208809e+05
7.145864586458645817e+02 5.077909647623463534e+05
7.146364636463646320e+02 5.005754016619031900e+05
7.146864686468646823e+02 5.239465983643882792e+05
7.147364736473647326e+02 4.950121339943179046e+05
7.147864786478647829e+02 5.001395891945385374e+05
7.148364836483648332e+02 5.086431014720312669e+05
7.148864886488648835e+02 4.947573179058782989e+05
7.149364936493649338e+02 5.368485856575932121e+05
7.149864986498649841e+02 4.975028568712072447e+05
7.150365036503650344e+02 5.260627895035609836e+05
7.150865086508650847e+02 4.965002631982075400e+05
7.151365136513651350e+02 5.123909262570650899e+05
7.151865186518651853e+02 5.145459199174218811e+05
7.152365236523652356e+02 5.333903933823794359e+05
7.152865286528652859e+02 5.219557056851817179e+05
7.153365336533653362e+02 5.269602472242560470e+05
7.153865386538653866e+02 5.068708054868996260e+05
7.154365436543654369e+02 4.928106760517804069e+05
7.154865486548654872e+02 5.020765648480277159e+05
7.155365536553655375e+02 5.021773083395228605e+05
7.155865586558655878e+02 4.888576843734727590e+05
7.156365636563656381e+02 5.045224858956343378e+05
7.156865686568656884e+02 4.967943568669043016e+05
7.157365736573657387e+02 5.085454873203685274e+05
7.157865786578657890e+02 5.331043383264276199e+05
7.158365836583658393e+02 5.012435429672495229e+05
7.158865886588658896e+02 4.992312599428078393e+05
7.159365936593659399e+02 4.930620082840527757e+05
7.159865986598659902e+02 4.942286645720393863e+05
7.160366036603660405e+02 5.127743812120126677e+05
7.160866086608660908e+02 5.014885407005356974e+05
7.161366136613661411e+02 5.095519712463419419e+05
7.161866186618661914e+02 5.038440148586079013e+05
7.162366236623662417e+02 4.895368976694546873e+05
7.162866286628662920e+02 5.085959500443055877e+05
7.163366336633663423e+02 5.088293823585012578e+05
7.163866386638663926e+02 5.346162265581757529e+05
7.164366436643664429e+02 4.963950206603761762e+05
7.164866486648664932e+02 4.880823031164740096e+05
7.165366536653665435e+02 5.277754856871992815e+05
7.165866586658665938e+02 5.070973710491895326e+05
7.166366636663666441e+02 5.043181214571096934e+05
7.166866686668666944e+02 4.899182714219833724e+05
7.167366736673667447e+02 5.038901117949496838e+05
7.167866786678666813e+02 5.220840719491558266e+05
7.168366836683667316e+02 5.344740251861307770e+05
7.168866886688667819e+02 4.908764826313295634e+05
7.169366936693668322e+02 5.339552709771962836e+05
7.169866986698668825e+02 5.287153517358311219e+05
7.170367036703669328e+02 5.086796843296146253e+05
7.170867086708669831e+02 4.920504660219277721e+05
7.171367136713670334e+02 5.164136035966383060e+05
7.171867186718670837e+02 5.042569549747234560e+05
7.172367236723671340e+02 4.878363357215581345e+05
7.172867286728671843e+02 5.121926699258860317e+05
7.173367336733672346e+02 5.253073531353212893e+05
7.173867386738672849e+02 4.916811360443277517e+05
7.174367436743673352e+02 4.955202468138902914e+05
7.174867486748673855e+02 5.175985944742471329e+05
7.175367536753674358e+02 5.228731613553597126e+05
7.175867586758674861e+02 5.003541966011697659e+05
7.176367636763675364e+02 5.149505776710072532e+05
7.176867686768675867e+02 4.991401008338574902e+05
7.177367736773676370e+02 5.091607464160583331e+05
7.177867786778676873e+02 5.088295947524933727e+05
7.178367836783677376e+02 5.276658159789290512e+05
7.178867886788677879e+02 5.276791915554685984e+05
7.179367936793678382e+02 5.270664515607584035e+05
7.179867986798678885e+02 5.342422240221915999e+05
7.180368036803679388e+02 5.300899806103513110e+05
7.180868086808679891e+02 5.393574490097307134e+05
7.181368136813680394e+02 5.118661403904891340e+05
7.181868186818680897e+02 5.286648571907334263e+05
7.182368236823681400e+02 5.397654848510191077e+05
7.182868286828681903e+02 4.933987170355502749e+05
7.183368336833682406e+02 5.014747877845095936e+05
7.183868386838682909e+02 4.973269882284765481e+05
7.184368436843683412e+02 5.105803564883028157e+05
7.184868486848683915e+02 5.021671073976187618e+05
7.185368536853684418e+02 5.029578926152942586e+05
7.185868586858684921e+02 5.008381275052261772e+05
7.186368636863685424e+02 5.489847573798432713e+05
7.186868686868685927e+02 5.162989166233280557e+05
7.187368736873686430e+02 5.092258803835831350e+05
7.187868786878686933e+02 5.280067886152642313e+05
7.188368836883687436e+02 5.175778968272056663e+05
7.188868886888687939e+02 5.347272417920836015e+05
7.189368936893688442e+02 5.344523808240875369e+05
7.189868986898688945e+02 5.493799689085388090e+05
7.190369036903689448e+02 5.377389162074432243e+05
7.190869086908689951e+02 5.343419169027903117e+05
7.191369136913690454e+02 5.570733229951598914e+05
7.191869186918690957e+02 5.529762422558552353e+05
7.192369236923691460e+02 5.699337952640678268e+05
7.192869286928691963e+02 5.627653843043202069e+05
7.193369336933692466e+02 5.238279912282522419e+05
7.193869386938692969e+02 5.469898005967236822e+05
7.194369436943693472e+02 5.522875166922729695e+05
7.194869486948693975e+02 5.631427583696490619e+05
7.195369536953694478e+02 5.751335149185599294e+05
7.195869586958694981e+02 5.464879405015468365e+05
7.196369636963695484e+02 5.732943018478387967e+05
7.196869686968695987e+02 5.636553860289915465e+05
7.197369736973696490e+02 5.646194343243999174e+05
7.197869786978696993e+02 5.616118186509194784e+05
7.198369836983697496e+02 5.681290004260407295e+05
7.198869886988697999e+02 5.410415229195897700e+05
7.199369936993698502e+02 5.378718017640054459e+05
7.199869986998699005e+02 5.513161007451621117e+05
7.200370037003699508e+02 5.539711232567493571e+05
7.200870087008700011e+02 5.768729774720931891e+05
7.201370137013700514e+02 5.505836898663694737e+05
7.201870187018701017e+02 5.297370798619677080e+05
7.202370237023701520e+02 5.626606541811530478e+05
7.202870287028702023e+02 5.568874406498044264e+05
7.203370337033702526e+02 5.674268975323472405e+05
7.203870387038703029e+02 5.608860992691183928e+05
7.204370437043703532e+02 5.313720480354332831e+05
7.204870487048704035e+02 5.476056369752085302e+05
7.205370537053704538e+02 5.741093313334154664e+05
7.205870587058705041e+02 5.653143640137022594e+05
7.206370637063705544e+02 5.285966900841706665e+05
7.206870687068706047e+02 5.458349276505413000e+05
7.207370737073706550e+02 5.545204087879540166e+05
7.207870787078707053e+02 5.489023958154896973e+05
7.208370837083707556e+02 5.326919326647311682e+05
7.208870887088708059e+02 5.389835677886562189e+05
7.209370937093708562e+02 5.430669814001424238e+05
7.209870987098709065e+02 5.442755998143746983e+05
7.210371037103709568e+02 5.165073549382248893e+05
7.210871087108710071e+02 5.333246113365178462e+05
7.211371137113710574e+02 5.552363301004770910e+05
7.211871187118711077e+02 5.273722659375572111e+05
7.212371237123711580e+02 5.309402621945365099e+05
7.212871287128712083e+02 5.283007472943171160e+05
7.213371337133712586e+02 5.193116181922904798e+05
7.213871387138713089e+02 5.455179346727152588e+05
7.214371437143713592e+02 5.192837866157706012e+05
7.214871487148714095e+02 5.128731024759523571e+05
7.215371537153714598e+02 5.265904629288759315e+05
7.215871587158715101e+02 5.437494912729073549e+05
7.216371637163715604e+02 5.338669581180145033e+05
7.216871687168716107e+02 5.302834485503555043e+05
7.217371737173716610e+02 4.935872967391011771e+05
7.217871787178717113e+02 5.250220836779930396e+05
7.218371837183717616e+02 5.272168686286605662e+05
7.218871887188718119e+02 5.203568573660012917e+05
7.219371937193718622e+02 4.964489765423470526e+05
7.219871987198719125e+02 4.930147007036670693e+05
7.220372037203719628e+02 5.115470577048571431e+05
7.220872087208720131e+02 5.318306234429586912e+05
7.221372137213720634e+02 5.120005065970020369e+05
7.221872187218721137e+02 4.927374267001955304e+05
7.222372237223721640e+02 4.985665336657202570e+05
7.222872287228722143e+02 5.122698907303859014e+05
7.223372337233722646e+02 5.267871945102898171e+05
7.223872387238723149e+02 5.299673389650731115e+05
7.224372437243723653e+02 4.970354781639985158e+05
7.224872487248724156e+02 5.023542648475396563e+05
7.225372537253724659e+02 5.112333928877224098e+05
7.225872587258725162e+02 5.041560118137727259e+05
7.226372637263725665e+02 5.134275362054595607e+05
7.226872687268726168e+02 5.361485685771116987e+05
7.227372737273726671e+02 5.350385229716607137e+05
7.227872787278727174e+02 5.312741710787503980e+05
7.228372837283727677e+02 5.050525715136901708e+05
7.228872887288728180e+02 5.358495565814025467e+05
7.229372937293728683e+02 5.338446563297050307e+05
7.229872987298729186e+02 5.013230327885330189e+05
7.230373037303729689e+02 5.333296312182486290e+05
7.230873087308730192e+02 5.105880620454154559e+05
7.231373137313730695e+02 5.067331787124577677e+05
7.231873187318731198e+02 5.292656494315209566e+05
7.232373237323731701e+02 5.024593593309839489e+05
7.232873287328732204e+02 5.039186818958410295e+05
7.233373337333732707e+02 5.094815722062169225e+05
7.233873387338733210e+02 5.238409054674783838e+05
7.234373437343733713e+02 5.232286875991369598e+05
7.234873487348734216e+02 4.952186022941324045e+05
7.235373537353734719e+02 4.998315565020844806e+05
7.235873587358735222e+02 5.277587130427240627e+05
7.236373637363735725e+02 5.233714587753057131e+05
7.236873687368736228e+02 5.053806084663434885e+05
7.237373737373736731e+02 5.320497162669006502e+05
7.237873787378737234e+02 5.167903416898708092e+05
7.238373837383737737e+02 5.103649640969176544e+05
7.238873887388738240e+02 4.945846766366732190e+05
7.239373937393738743e+02 5.000173714753124514e+05
7.239873987398739246e+02 5.081955984157923376e+05
7.240374037403739749e+02 5.160805483651924296e+05
7.240874087408740252e+02 5.107814441043440020e+05
7.241374137413740755e+02 4.949892708141160547e+05
7.241874187418741258e+02 4.872536374465145636e+05
7.242374237423741761e+02 5.275680708394641988e+05
7.242874287428742264e+02 5.257126333038662560e+05
7.243374337433742767e+02 5.308168369368303102e+05
7.243874387438743270e+02 5.070860631479961448e+05
7.244374437443743773e+02 4.967999516768769827e+05
7.244874487448744276e+02 5.070219310346092680e+05
7.245374537453744779e+02 5.331156285827662796e+05
7.245874587458745282e+02 5.170512293284848565e+05
7.246374637463745785e+02 4.905271893744531553e+05
7.246874687468746288e+02 5.061404497349106823e+05
7.247374737473746791e+02 5.334646752103141043e+05
7.247874787478747294e+02 4.928207029084645328e+05
7.248374837483747797e+02 5.059593644748995430e+05
7.248874887488748300e+02 5.264215694307847880e+05
7.249374937493748803e+02 5.315004274805699242e+05
7.249874987498749306e+02 5.169380229889568873e+05
7.250375037503749809e+02 4.986668822798778419e+05
7.250875087508750312e+02 5.359604061909931479e+05
7.251375137513750815e+02 4.989572696368019679e+05
7.251875187518751318e+02 5.378248602374739712e+05
7.252375237523751821e+02 5.248052610914054094e+05
7.252875287528752324e+02 4.875378488572802162e+05
7.253375337533752827e+02 5.375207880290900357e+05
7.253875387538753330e+02 4.883522556399246096e+05
7.254375437543753833e+02 5.051598022624687874e+05
7.254875487548754336e+02 5.067856719068202656e+05
7.255375537553754839e+02 4.936511570815904415e+05
7.255875587558755342e+02 5.313841759274903452e+05
7.256375637563755845e+02 4.903927031067344360e+05
7.256875687568756348e+02 5.179438035944681033e+05
7.257375737573756851e+02 4.960735523363609682e+05
7.257875787578757354e+02 4.932312498020280036e+05
7.258375837583757857e+02 5.014936901101409458e+05
7.258875887588758360e+02 5.041935794879296445e+05
7.259375937593758863e+02 4.901310606582709588e+05
7.259875987598759366e+02 5.203829681273216265e+05
7.260376037603759869e+02 5.284914779734860640e+05
7.260876087608760372e+02 5.298915861786529422e+05
7.261376137613760875e+02 5.195565498128998443e+05
7.261876187618761378e+02 5.003230384930276196e+05
7.262376237623761881e+02 5.200442399702827097e+05
7.262876287628762384e+02 5.163603870157945785e+05
7.263376337633762887e+02 5.062436835486830096e+05
7.263876387638763390e+02 5.314103856011081953e+05
7.264376437643763893e+02 5.007987015080135898e+05
7.264876487648764396e+02 5.067792103656579857e+05
7.265376537653764899e+02 5.273025275684200460e+05
7.265876587658765402e+02 5.201855702020617318e+05
7.266376637663765905e+02 5.043235650927969837e+05
7.266876687668766408e+02 5.365465707431775518e+05
7.267376737673766911e+02 4.933846512139622355e+05
7.267876787678767414e+02 4.993234350620374898e+05
7.268376837683767917e+02 4.886425620364266797e+05
7.268876887688768420e+02 5.362736537847444415e+05
7.269376937693768923e+02 5.017172126835532254e+05
7.269876987698769426e+02 5.266660989659701008e+05
7.270377037703769929e+02 4.878148256936513935e+05
7.270877087708770432e+02 5.032728587247750256e+05
7.271377137713770935e+02 5.217823129012366990e+05
7.271877187718771438e+02 5.004547297927652835e+05
7.272377237723771941e+02 5.048021678101844154e+05
7.272877287728772444e+02 5.029604346538723330e+05
7.273377337733772947e+02 5.044517447622097097e+05
7.273877387738773450e+02 5.317932606005796697e+05
7.274377437743773953e+02 5.346866034895523917e+05
7.274877487748774456e+02 4.979899450937754009e+05
7.275377537753774959e+02 5.052533943434360554e+05
7.275877587758775462e+02 5.129205607999187196e+05
7.276377637763775965e+02 4.880436787088827114e+05
7.276877687768776468e+02 5.283749854038984049e+05
7.277377737773776971e+02 4.927905328848104109e+05
7.277877787778777474e+02 5.177276723348204978e+05
7.278377837783777977e+02 5.293472911658112425e+05
7.278877887788778480e+02 4.920654152381679160e+05
7.279377937793778983e+02 5.003431223956133472e+05
7.279877987798779486e+02 5.165193049147916608e+05
7.280378037803779989e+02 5.125308457949407166e+05
7.280878087808780492e+02 5.355418049136499176e+05
7.281378137813780995e+02 4.941180886831609532e+05
7.281878187818781498e+02 5.041898296771481400e+05
7.282378237823782001e+02 4.924752073940404225e+05
7.282878287828782504e+02 5.146498182294094586e+05
7.283378337833783007e+02 5.209947583592681331e+05
7.283878387838783510e+02 5.041017309286323143e+05
7.284378437843784013e+02 5.009892863335165894e+05
7.284878487848784516e+02 4.994390773539395886e+05
7.285378537853785019e+02 5.078160955217740266e+05
7.285878587858785522e+02 5.021578651684713550e+05
7.286378637863786025e+02 5.367170730553176254e+05
7.286878687868786528e+02 5.336418212840270717e+05
7.287378737873787031e+02 4.976775405649163295e+05
7.287878787878787534e+02 5.374462844619691605e+05
7.288378837883788037e+02 4.947559459332751576e+05
7.288878887888788540e+02 5.284156772698096465e+05
7.289378937893789043e+02 5.152282848425340489e+05
7.289878987898789546e+02 5.123634598230396514e+05
7.290379037903790049e+02 5.040869770917172427e+05
7.290879087908790552e+02 5.282981596151094418e+05
7.291379137913791055e+02 4.886884162914176122e+05
7.291879187918791558e+02 5.368937922710655257e+05
7.292379237923792061e+02 5.169663800500357756e+05
7.292879287928792564e+02 4.992876427305161487e+05
7.293379337933793067e+02 5.285933536699768156e+05
7.293879387938793570e+02 5.013671322416391922e+05
7.294379437943794073e+02 5.336359146440277109e+05
7.294879487948794576e+02 4.955778341231662780e+05
7.295379537953795079e+02 5.053165864160681376e+05
7.295879587958795582e+02 5.001157153400851530e+05
7.296379637963796085e+02 4.965555667906722520e+05
7.296879687968796588e+02 5.282930335008584661e+05
7.297379737973797091e+02 5.082548193517218460e+05
7.297879787978797594e+02 5.351409062543429900e+05
7.298379837983798097e+02 5.118873094870448112e+05
7.298879887988798600e+02 4.929380335193068604e+05
7.299379937993799103e+02 5.421533597347047180e+05
7.299879987998799606e+02 5.226461819641186157e+05
7.300380038003800109e+02 4.991979755285224528e+05
7.300880088008800612e+02 5.353491046527812723e+05
7.301380138013801115e+02 5.436752288255670574e+05
7.301880188018801618e+02 5.130368944921661168e+05
7.302380238023802121e+02 5.230717205886822194e+05
7.302880288028802624e+02 5.340296065861926181e+05
7.303380338033803127e+02 5.148611176801953116e+05
7.303880388038803630e+02 5.389225442241462879e+05
7.304380438043804133e+02 5.253130179897979833e+05
7.304880488048804636e+02 5.250954458793634549e+05
7.305380538053805139e+02 5.079378473582379520e+05
7.305880588058805643e+02 5.440663269480939489e+05
7.306380638063806146e+02 5.222162023067835253e+05
7.306880688068806649e+02 5.244158308699507033e+05
7.307380738073807152e+02 5.296393855855400907e+05
7.307880788078807655e+02 5.463051653307442321e+05
7.308380838083808158e+02 5.455822765389286214e+05
7.308880888088808661e+02 5.547284995906178374e+05
7.309380938093809164e+02 5.706720352847995237e+05
7.309880988098809667e+02 5.826796708077555522e+05
7.310381038103810170e+02 5.752635740181226283e+05
7.310881088108810673e+02 5.563359235653200885e+05
7.311381138113811176e+02 5.884328497564021964e+05
7.311881188118811679e+02 5.565636351449207868e+05
7.312381238123812182e+02 5.915299428710109787e+05
7.312881288128812685e+02 5.893768369446127908e+05
7.313381338133813188e+02 5.959787874613306485e+05
7.313881388138813691e+02 5.648090729282936081e+05
7.314381438143814194e+02 6.039685561814333778e+05
7.314881488148814697e+02 5.719237387107604882e+05
7.315381538153815200e+02 5.831611557781307492e+05
7.315881588158815703e+02 5.947530677590298001e+05
7.316381638163816206e+02 5.981789888018550118e+05
7.316881688168816709e+02 6.230483877323614433e+05
7.317381738173817212e+02 6.084574813808121253e+05
7.317881788178817715e+02 6.303980777365544345e+05
7.318381838183818218e+02 5.840213816266888753e+05
7.318881888188818721e+02 6.248459590027040103e+05
7.319381938193819224e+02 6.050759026581646176e+05
7.319881988198819727e+02 6.280827647807844914e+05
7.320382038203820230e+02 6.248053292598380940e+05
7.320882088208820733e+02 6.336345965909950901e+05
7.321382138213821236e+02 5.983016995565743418e+05
7.321882188218821739e+02 6.165682858513655374e+05
7.322382238223822242e+02 6.200968616312294034e+05
7.322882288228822745e+02 6.121583469909853302e+05
7.323382338233823248e+02 5.839758816703084158e+05
7.323882388238823751e+02 6.044518293990819948e+05
7.324382438243824254e+02 6.137886474139973288e+05
7.324882488248824757e+02 6.061567284574869554e+05
7.325382538253825260e+02 5.800928742862640647e+05
7.325882588258825763e+02 6.133429001126007643e+05
7.326382638263826266e+02 6.130811449443056481e+05
7.326882688268826769e+02 6.060664798020835733e+05
7.327382738273827272e+02 5.854854102069596993e+05
7.327882788278827775e+02 5.589894749698991654e+05
7.328382838283828278e+02 5.585767688251566142e+05
7.328882888288828781e+02 5.957415527361445129e+05
7.329382938293829284e+02 5.495594646140419645e+05
7.329882988298829787e+02 5.376376767177421134e+05
7.330383038303830290e+02 5.361975994306233479e+05
7.330883088308830793e+02 5.624424104579341365e+05
7.331383138313831296e+02 5.296860107338397065e+05
7.331883188318831799e+02 5.224545352449205238e+05
7.332383238323832302e+02 5.598804440821164753e+05
7.332883288328832805e+02 5.504346687129762722e+05
7.333383338333833308e+02 5.646019920575120486e+05
7.333883388338833811e+02 5.287805637961908942e+05
7.334383438343834314e+02 5.247781156539544463e+05
7.334883488348834817e+02 5.544622944133377168e+05
7.335383538353835320e+02 5.469108693711918313e+05
7.335883588358835823e+02 5.160209776923251920e+05
7.336383638363836326e+02 5.015368377484978992e+05
7.336883688368836829e+02 5.439689683850437868e+05
7.337383738373837332e+02 5.408818413885477930e+05
7.337883788378837835e+02 5.262099824033001205e+05
7.338383838383838338e+02 4.995509289157887106e+05
7.338883888388838841e+02 5.182793154192934744e+05
7.339383938393839344e+02 5.223761453504111269e+05
7.339883988398839847e+02 5.222423685564394691e+05
7.340384038403840350e+02 5.292815107670202851e+05
7.340884088408840853e+02 5.378907956735736225e+05
7.341384138413841356e+02 5.229170056434759754e+05
7.341884188418841859e+02 5.103686897403843468e+05
7.342384238423842362e+02 5.068479452607755666e+05
7.342884288428842865e+02 4.986719103209821042e+05
7.343384338433843368e+02 5.351498336673676968e+05
7.343884388438843871e+02 4.924113602538214182e+05
7.344384438443844374e+02 5.266976884595612064e+05
7.344884488448844877e+02 5.365867426247155527e+05
7.345384538453845380e+02 5.314561343363324413e+05
7.345884588458845883e+02 5.280465728421397507e+05
7.346384638463846386e+02 5.258183774999630405e+05
7.346884688468846889e+02 5.198857197321655694e+05
7.347384738473847392e+02 5.143032128685239586e+05
7.347884788478847895e+02 5.297638195013260702e+05
7.348384838483848398e+02 5.024084766918340465e+05
7.348884888488848901e+02 5.262783220084586646e+05
7.349384938493849404e+02 5.189521449069934897e+05
7.349884988498849907e+02 5.260310888114554109e+05
7.350385038503850410e+02 5.096102222547585843e+05
7.350885088508850913e+02 4.993426225399613031e+05
7.351385138513851416e+02 5.379139796319501474e+05
7.351885188518851919e+02 4.914829203346908325e+05
7.352385238523852422e+02 5.377407628263719380e+05
7.352885288528852925e+02 5.224894880673184525e+05
7.353385338533853428e+02 5.084951240482556750e+05
7.353885388538853931e+02 5.258093011447621975e+05
7.354385438543854434e+02 5.372188377754343674e+05
7.354885488548854937e+02 5.302848123808283126e+05
7.355385538553855440e+02 5.052600275603997870e+05
7.355885588558855943e+02 5.157488165621312801e+05
7.356385638563856446e+02 5.188796306297758128e+05
7.356885688568856949e+02 4.961305433672590880e+05
7.357385738573857452e+02 4.959260077246457222e+05
7.357885788578857955e+02 5.229537501707127667e+05
7.358385838583858458e+02 5.245289911509938538e+05
7.358885888588858961e+02 5.271203463547256542e+05
7.359385938593859464e+02 5.370829310797562357e+05
7.359885988598859967e+02 4.982200552489116089e+05
7.360386038603860470e+02 4.873420202003067825e+05
7.360886088608860973e+02 4.867452889919577865e+05
7.361386138613861476e+02 5.276116772508113645e+05
7.361886188618861979e+02 5.039631767393703922e+05
7.362386238623862482e+02 5.299454060346718179e+05
7.362886288628862985e+02 5.197319898563642637e+05
7.363386338633863488e+02 4.953020348003095714e+05
7.363886388638863991e+02 5.266892429682891816e+05
7.364386438643864494e+02 5.256628503786413930e+05
7.364886488648864997e+02 5.374256396949121263e+05
7.365386538653865500e+02 5.175657616255821777e+05
7.365886588658866003e+02 5.269582845297476742e+05
7.366386638663866506e+02 4.924170802113061654e+05
7.366886688668867009e+02 5.262609150804369710e+05
7.367386738673867512e+02 4.896591366523012985e+05
7.367886788678868015e+02 5.106565999586491962e+05
7.368386838683868518e+02 5.181678532034239615e+05
7.368886888688869021e+02 4.976951680891814176e+05
7.369386938693869524e+02 4.944027240665397840e+05
7.369886988698870027e+02 4.939273396307674120e+05
7.370387038703870530e+02 5.263784990525107132e+05
7.370887088708871033e+02 5.269166875149164116e+05
7.371387138713871536e+02 5.105515644038393511e+05
7.371887188718872039e+02 5.151802554113977239e+05
7.372387238723872542e+02 5.170312977662595222e+05
7.372887288728873045e+02 4.931484373897048063e+05
7.373387338733873548e+02 5.105927323517286568e+05
7.373887388738874051e+02 5.081913656525632832e+05
7.374387438743874554e+02 5.053119462097705691e+05
7.374887488748875057e+02 5.310651603527432308e+05
7.375387538753875560e+02 5.362843178143725963e+05
7.375887588758876063e+02 5.196596507584265782e+05
7.376387638763876566e+02 4.947479540389928152e+05
7.376887688768877069e+02 4.932280323103963747e+05
7.377387738773877572e+02 5.219053645671252743e+05
7.377887788778878075e+02 4.929726470673051081e+05
7.378387838783878578e+02 4.984327900577198598e+05
7.378887888788879081e+02 4.957140729686021223e+05
7.379387938793879584e+02 4.974306814455516869e+05
7.379887988798880087e+02 5.370092622464636806e+05
7.380388038803880590e+02 5.259343404212925816e+05
7.380888088808881093e+02 4.979902809104367625e+05
7.381388138813881596e+02 4.939342625492832740e+05
7.381888188818882099e+02 5.110777472723922692e+05
7.382388238823882602e+02 5.093013859674974810e+05
7.382888288828883105e+02 5.253966519195967121e+05
7.383388338833883608e+02 5.297859078970769187e+05
7.383888388838884111e+02 5.208400707326423144e+05
7.384388438843884614e+02 5.358956833458640613e+05
7.384888488848885117e+02 4.908978052945114905e+05
7.385388538853885620e+02 5.333003371629340108e+05
7.385888588858886123e+02 4.964860954324098420e+05
7.386388638863886626e+02 5.368161550229010172e+05
7.386888688868887130e+02 4.981093944829770480e+05
7.387388738873887633e+02 4.917197635763611761e+05
7.387888788878888136e+02 5.222453090802300721e+05
7.388388838883888639e+02 5.356061652404229390e+05
7.388888888888889142e+02 5.299094920638782205e+05
7.389388938893889645e+02 5.315337052285788814e+05
7.389888988898890148e+02 5.143821856062091538e+05
7.390389038903890651e+02 5.248334794879253022e+05
7.390889088908891154e+02 5.133904323143457877e+05
7.391389138913891657e+02 5.139764854640741250e+05
7.391889188918892160e+02 5.073358146357851219e+05
7.392389238923892663e+02 5.318451000737778377e+05
7.392889288928893166e+02 5.147387060963726835e+05
7.393389338933893669e+02 5.219314011108870036e+05
7.393889388938894172e+02 5.095431065503377467e+05
7.394389438943894675e+02 4.938889713768536458e+05
7.394889488948895178e+02 5.299543361519764876e+05
7.395389538953895681e+02 5.136429817879936309e+05
7.395889588958896184e+02 5.363591354320875835e+05
7.396389638963896687e+02 5.193601832234287867e+05
7.396889688968897190e+02 5.354181808221326210e+05
7.397389738973897693e+02 5.095398953317783307e+05
7.397889788978898196e+02 4.904700698549431399e+05
7.398389838983898699e+02 4.993823178170464817e+05
7.398889888988899202e+02 5.183986440413833479e+05
7.399389938993899705e+02 5.343795483192459214e+05
7.399889988998900208e+02 5.127086206759977504e+05
7.400390039003900711e+02 5.110425869509591721e+05
7.400890089008901214e+02 4.992094468880948261e+05
7.401390139013901717e+02 5.004672065930767567e+05
7.401890189018902220e+02 5.225957904481722508e+05
7.402390239023902723e+02 5.170322446153287892e+05
7.402890289028903226e+02 5.202702527281409130e+05
7.403390339033903729e+02 5.018992095175416325e+05
7.403890389038904232e+02 5.355113093965944136e+05
7.404390439043904735e+02 5.080987934532256331e+05
7.404890489048905238e+02 5.237588441624065745e+05
7.405390539053905741e+02 5.167782215788442991e+05
7.405890589058906244e+02 5.117766387424588320e+05
7.406390639063906747e+02 5.210845126966010430e+05
7.406890689068907250e+02 5.127364232917686459e+05
7.407390739073907753e+02 5.134316869346130989e+05
7.407890789078908256e+02 5.054421432896050974e+05
7.408390839083908759e+02 5.227216144581516273e+05
7.408890889088909262e+02 5.224008950473172008e+05
7.409390939093909765e+02 5.295469037277747411e+05
7.409890989098910268e+02 5.096837463029148639e+05
7.410391039103910771e+02 5.091734793237355771e+05
7.410891089108911274e+02 5.036373152618972817e+05
7.411391139113911777e+02 5.284408573116851039e+05
7.411891189118912280e+02 5.062396566647660802e+05
7.412391239123912783e+02 5.126337392413594062e+05
7.412891289128913286e+02 5.089268778259881074e+05
7.413391339133913789e+02 4.920727869380388292e+05
7.413891389138914292e+02 5.077332408044504118e+05
7.414391439143914795e+02 5.147655206209108001e+05
7.414891489148915298e+02 5.377490228227796033e+05
7.415391539153915801e+02 4.922550685746981180e+05
7.415891589158916304e+02 5.136696168218140374e+05
7.416391639163916807e+02 5.077789913348976988e+05
7.416891689168917310e+02 5.272080311670907540e+05
7.417391739173917813e+02 4.933524536848675925e+05
7.417891789178918316e+02 4.925748826601836481e+05
7.418391839183918819e+02 5.024691309078613413e+05
7.418891889188919322e+02 5.160556922791285324e+05
7.419391939193919825e+02 5.282788289382579969e+05
7.419891989198920328e+02 5.299860041438712506e+05
7.420392039203920831e+02 5.013948859263618360e+05
7.420892089208921334e+02 5.054042986002733232e+05
7.421392139213921837e+02 5.175762081522707012e+05
7.421892189218922340e+02 5.313295356493202271e+05
7.422392239223922843e+02 5.070526789430023637e+05
7.422892289228923346e+02 4.906041747540716315e+05
7.423392339233923849e+02 5.283135859952402534e+05
7.423892389238924352e+02 5.244671130692847073e+05
7.424392439243924855e+02 5.335172824456332019e+05
7.424892489248925358e+02 4.917217130688246107e+05
7.425392539253925861e+02 5.283411164970345562e+05
7.425892589258926364e+02 5.258042820626974571e+05
7.426392639263926867e+02 4.994202637764986721e+05
7.426892689268927370e+02 5.092927060698964633e+05
7.427392739273927873e+02 5.038140326565677533e+05
7.427892789278928376e+02 4.933157953362846165e+05
7.428392839283928879e+02 4.982062918550546165e+05
7.428892889288929382e+02 5.347195892234548228e+05
7.429392939293929885e+02 4.932144452831437229e+05
7.429892989298930388e+02 4.878819301387848100e+05
7.430393039303930891e+02 5.134446557571062003e+05
7.430893089308931394e+02 5.212902620350212092e+05
7.431393139313931897e+02 5.234774609884782112e+05
7.431893189318932400e+02 5.199135320650446229e+05
7.432393239323932903e+02 5.030591768164336099e+05
7.432893289328933406e+02 5.250204703142403159e+05
7.433393339333933909e+02 5.339280972561668605e+05
7.433893389338934412e+02 5.132089349651226657e+05
7.434393439343934915e+02 4.882717005531821633e+05
7.434893489348935418e+02 5.318718417654519435e+05
7.435393539353935921e+02 5.378921488404894480e+05
7.435893589358936424e+02 5.106532447556442348e+05
7.436393639363936927e+02 4.889106873550247983e+05
7.436893689368937430e+02 5.115957146776135196e+05
7.437393739373937933e+02 5.138324378768437309e+05
7.437893789378938436e+02 5.123710998967253836e+05
7.438393839383938939e+02 5.099646091201838572e+05
7.438893889388939442e+02 5.007884497733927565e+05
7.439393939393939945e+02 5.038546371034595068e+05
7.439893989398940448e+02 5.044494849589328514e+05
7.440394039403940951e+02 5.134397270239961799e+05
7.440894089408941454e+02 5.295362084525554674e+05
7.441394139413941957e+02 5.050863394233405706e+05
7.441894189418942460e+02 5.283529803382182727e+05
7.442394239423942963e+02 5.078396520965907839e+05
7.442894289428943466e+02 5.084636177419517771e+05
7.443394339433943969e+02 5.299836205316126579e+05
7.443894389438944472e+02 4.978302729939582059e+05
7.444394439443944975e+02 5.203191649525141693e+05
7.444894489448945478e+02 4.897132564737144858e+05
7.445394539453945981e+02 5.206106308430554345e+05
7.445894589458946484e+02 4.930083956743511953e+05
7.446394639463946987e+02 4.904764193819641368e+05
7.446894689468947490e+02 5.207809345479972544e+05
7.447394739473947993e+02 4.883262813937864266e+05
7.447894789478948496e+02 5.160870562899979996e+05
7.448394839483948999e+02 4.979208414893915178e+05
7.448894889488949502e+02 5.005223237903056433e+05
7.449394939493950005e+02 5.119219586190067930e+05
7.449894989498950508e+02 4.988872725620097481e+05
7.450395039503951011e+02 4.905497337198125315e+05
7.450895089508951514e+02 5.326800223363635596e+05
7.451395139513952017e+02 5.144835610688560409e+05
7.451895189518952520e+02 5.132441327218715451e+05
7.452395239523953023e+02 5.271247675676363287e+05
7.452895289528953526e+02 5.375165004437564639e+05
7.453395339533954029e+02 5.036527423039516434e+05
7.453895389538953395e+02 5.022614855637087603e+05
7.454395439543953898e+02 5.087168838310455903e+05
7.454895489548954401e+02 5.317851173028696794e+05
7.455395539553954904e+02 5.203508462154748850e+05
7.455895589558955407e+02 4.940803084556341055e+05
7.456395639563955910e+02 5.124627355790685397e+05
7.456895689568956413e+02 4.946680740549404873e+05
7.457395739573956917e+02 4.961697603935317020e+05
7.457895789578957420e+02 4.899348214213267784e+05
7.458395839583957923e+02 5.161128169644173468e+05
7.458895889588958426e+02 5.022962551782960072e+05
7.459395939593958929e+02 4.994229933459420572e+05
7.459895989598959432e+02 5.125238686326691532e+05
7.460396039603959935e+02 5.218944846204500063e+05
7.460896089608960438e+02 4.989900661250971025e+05
7.461396139613960941e+02 5.071338495368816657e+05
7.461896189618961444e+02 4.938865812920012977e+05
7.462396239623961947e+02 5.146138852291756193e+05
7.462896289628962450e+02 5.257126009216348175e+05
7.463396339633962953e+02 4.890225431882834528e+05
7.463896389638963456e+02 5.156036661528051482e+05
7.464396439643963959e+02 4.938883027008299832e+05
7.464896489648964462e+02 5.252793459620366339e+05
7.465396539653964965e+02 4.948359838845870690e+05
7.465896589658965468e+02 5.279167374833252979e+05
7.466396639663965971e+02 5.144706067264765734e+05
7.466896689668966474e+02 5.168709221625699429e+05
7.467396739673966977e+02 5.146083196059776819e+05
7.467896789678967480e+02 5.011603090167754563e+05
7.468396839683967983e+02 5.188249901807392016e+05
7.468896889688968486e+02 5.193960830327358562e+05
7.469396939693968989e+02 5.196060706743079354e+05
7.469896989698969492e+02 5.053788745101339300e+05
7.470397039703969995e+02 5.310605476817040471e+05
7.470897089708970498e+02 5.273928405716216657e+05
7.471397139713971001e+02 5.241522155436300091e+05
7.471897189718971504e+02 5.058180416728309356e+05
7.472397239723972007e+02 4.905325289035448804e+05
7.472897289728972510e+02 4.901705462085655890e+05
7.473397339733973013e+02 5.348082553338150028e+05
7.473897389738973516e+02 4.906495445613560150e+05
7.474397439743974019e+02 5.257998808064303594e+05
7.474897489748974522e+02 5.344269120856598020e+05
7.475397539753975025e+02 5.243243287772238255e+05
7.475897589758975528e+02 5.110565757407745114e+05
7.476397639763976031e+02 4.980459321288763313e+05
7.476897689768976534e+02 4.907062158249382046e+05
7.477397739773977037e+02 5.289307691801402252e+05
7.477897789778977540e+02 4.997252895352999330e+05
7.478397839783978043e+02 5.186100014318443718e+05
7.478897889788978546e+02 5.120530437685524812e+05
7.479397939793979049e+02 5.313903413461804157e+05
7.479897989798979552e+02 5.344314910289763939e+05
7.480398039803980055e+02 5.220336898964336142e+05
7.480898089808980558e+02 5.087352311395725701e+05
7.481398139813981061e+02 5.139430365345926257e+05
7.481898189818981564e+02 5.053364032112174900e+05
7.482398239823982067e+02 5.267758707137391903e+05
7.482898289828982570e+02 4.973766424953445676e+05
7.483398339833983073e+02 5.140412137580525014e+05
7.483898389838983576e+02 5.215413960718096932e+05
7.484398439843984079e+02 4.989373647902795929e+05
7.484898489848984582e+02 5.062937986726494273e+05
7.485398539853985085e+02 5.235647934529872728e+05
7.485898589858985588e+02 5.225764826462488854e+05
7.486398639863986091e+02 5.105028391499844729e+05
7.486898689868986594e+02 5.145725332562843687e+05
7.487398739873987097e+02 5.268864435350134736e+05
7.487898789878987600e+02 5.030076465398950386e+05
7.488398839883988103e+02 5.035224468907081755e+05
7.488898889888988606e+02 5.302551109209085116e+05
7.489398939893989109e+02 5.375523560061656171e+05
7.489898989898989612e+02 4.892219435715548461e+05
7.490399039903990115e+02 5.083872335799887660e+05
7.490899089908990618e+02 5.089355804254453396e+05
7.491399139913991121e+02 4.956172155981708202e+05
7.491899189918991624e+02 5.126824252033535740e+05
7.492399239923992127e+02 5.208450585117347073e+05
7.492899289928992630e+02 5.358234978831631597e+05
7.493399339933993133e+02 5.180393317994604586e+05
7.493899389938993636e+02 5.085460045206781942e+05
7.494399439943994139e+02 4.871862615761026973e+05
7.494899489948994642e+02 4.931109109257766395e+05
7.495399539953995145e+02 4.944377523833645973e+05
7.495899589958995648e+02 5.257881272218766389e+05
7.496399639963996151e+02 5.143609535872876877e+05
7.496899689968996654e+02 5.001143929995394428e+05
7.497399739973997157e+02 5.353422151697883382e+05
7.497899789978997660e+02 5.009601043501640088e+05
7.498399839983998163e+02 5.275608531211875379e+05
7.498899889988998666e+02 5.292466770876104711e+05
7.499399939993999169e+02 5.075082021342891385e+05
7.499899989998999672e+02 5.339890375685334438e+05
7.500400040004000175e+02 5.118976374635898392e+05
7.500900090009000678e+02 5.190718196853840491e+05
7.501400140014001181e+02 5.181199736252140719e+05
7.501900190019001684e+02 5.128994570764394593e+05
7.502400240024002187e+02 5.076974663844140596e+05
7.502900290029002690e+02 5.311609567737584002e+05
7.503400340034003193e+02 4.950643317774541210e+05
7.503900390039003696e+02 5.155751568695130409e+05
7.504400440044004199e+02 5.219273881360773812e+05
7.504900490049004702e+02 4.969924795761932037e+05
7.505400540054005205e+02 5.141592594381116214e+05
7.505900590059005708e+02 5.156353840409392142e+05
7.506400640064006211e+02 4.884344305612182361e+05
7.506900690069006714e+02 5.051797093714165385e+05
7.507400740074007217e+02 5.126779860507234698e+05
7.507900790079007720e+02 5.233062976619492983e+05
7.508400840084008223e+02 5.344441660736941267e+05
7.508900890089008726e+02 5.089004339351839153e+05
7.509400940094009229e+02 5.087884272482762462e+05
7.509900990099009732e+02 5.012241331735380809e+05
7.510401040104010235e+02 5.253856830916465260e+05
7.510901090109010738e+02 4.988693032322892104e+05
7.511401140114011241e+02 4.963611921947120572e+05
7.511901190119011744e+02 5.119384634064998827e+05
7.512401240124012247e+02 5.275614670772617683e+05
7.512901290129012750e+02 5.010756669668584946e+05
7.513401340134013253e+02 5.098914504624270485e+05
7.513901390139013756e+02 5.139372340717827901e+05
7.514401440144014259e+02 5.300654219585619867e+05
7.514901490149014762e+02 4.887087883372693323e+05
7.515401540154015265e+02 5.100111344858974917e+05
7.515901590159015768e+02 5.135928992828207556e+05
7.516401640164016271e+02 4.951137002411712310e+05
7.516901690169016774e+02 5.194121559598338790e+05
7.517401740174017277e+02 4.907328741957911989e+05
7.517901790179017780e+02 5.174273483526837663e+05
7.518401840184018283e+02 5.152239144789682468e+05
7.518901890189018786e+02 5.000103358871825039e+05
7.519401940194019289e+02 5.121820690379095613e+05
7.519901990199019792e+02 5.091896591183071723e+05
7.520402040204020295e+02 4.876214005092277657e+05
7.520902090209020798e+02 5.361325761245747562e+05
7.521402140214021301e+02 4.983229063953105942e+05
7.521902190219021804e+02 5.222785329186822055e+05
7.522402240224022307e+02 4.924242756925855647e+05
7.522902290229022810e+02 5.319699577756770886e+05
7.523402340234023313e+02 5.055622822486598743e+05
7.523902390239023816e+02 5.255565710650630062e+05
7.524402440244024319e+02 5.282472748313106131e+05
7.524902490249024822e+02 5.218296955780843855e+05
7.525402540254025325e+02 5.370749941023369320e+05
7.525902590259025828e+02 5.384578811461942969e+05
7.526402640264026331e+02 5.267724315967619186e+05
7.526902690269026834e+02 5.155012879968118505e+05
7.527402740274027337e+02 4.942333956423909403e+05
7.527902790279027840e+02 4.995232188645016286e+05
7.528402840284028343e+02 4.893600258707464673e+05
7.528902890289028846e+02 4.903172213223027065e+05
7.529402940294029349e+02 5.139761748505840078e+05
7.529902990299029852e+02 5.250461962768492522e+05
7.530403040304030355e+02 5.353105396937745390e+05
7.530903090309030858e+02 5.252651150617637904e+05
7.531403140314031361e+02 5.420351061249728082e+05
7.531903190319031864e+02 5.238760812344579608e+05
7.532403240324032367e+02 5.296110404036982218e+05
7.532903290329032870e+02 5.334455115807136754e+05
7.533403340334033373e+02 5.144256275746969623e+05
7.533903390339033876e+02 5.074836010666586808e+05
7.534403440344034379e+02 5.256700102632117923e+05
7.534903490349034882e+02 5.042803249861904769e+05
7.535403540354035385e+02 4.980058738119212794e+05
7.535903590359035888e+02 5.060517846978654270e+05
7.536403640364036391e+02 5.231315703980503022e+05
7.536903690369036894e+02 5.026659949401027407e+05
7.537403740374037397e+02 5.150122375418940792e+05
7.537903790379037900e+02 5.029288032201571623e+05
7.538403840384038403e+02 5.497257655001495732e+05
7.538903890389038907e+02 5.206803228155634133e+05
7.539403940394039410e+02 5.097075618312262814e+05
7.539903990399039913e+02 5.324241780464048497e+05
7.540404040404040416e+02 5.260957402736678487e+05
7.540904090409040919e+02 5.609221654714461183e+05
7.541404140414041422e+02 5.654053759642527439e+05
7.541904190419041925e+02 5.276583781236582436e+05
7.542404240424042428e+02 5.621026574543488678e+05
7.542904290429042931e+02 5.668714583966627251e+05
7.543404340434043434e+02 5.683518383407265646e+05
7.543904390439043937e+02 5.316322685802648775e+05
7.544404440444044440e+02 5.721763788148548920e+05
7.544904490449044943e+02 5.485154036583185662e+05
7.545404540454045446e+02 5.747190285233270843e+05
7.545904590459045949e+02 5.637356160852082539e+05
7.546404640464046452e+02 5.334785466800675495e+05
7.546904690469046955e+02 5.674007815237239702e+05
7.547404740474047458e+02 5.737008053749386454e+05
7.547904790479047961e+02 5.779801535214543110e+05
7.548404840484048464e+02 5.479852888070582412e+05
7.548904890489047830e+02 5.723922541585770668e+05
7.549404940494048333e+02 5.335072670217722189e+05
7.549904990499048836e+02 5.682782167956567137e+05
7.550405040504049339e+02 5.724589366208836436e+05
7.550905090509049842e+02 5.488694632736748317e+05
7.551405140514050345e+02 5.514251146417456912e+05
7.551905190519050848e+02 5.663300293082562275e+05
7.552405240524051351e+02 5.534955528220456326e+05
7.552905290529051854e+02 5.406056972105884925e+05
7.553405340534052357e+02 5.704728436069912277e+05
7.553905390539052860e+02 5.763485139050642028e+05
7.554405440544053363e+02 5.559924045566840796e+05
7.554905490549053866e+02 5.501347698510728078e+05
7.555405540554054369e+02 5.284480497137401253e+05
7.555905590559054872e+02 5.627467521334207850e+05
7.556405640564055375e+02 5.465880654094362399e+05
7.556905690569055878e+02 5.715043750357354293e+05
7.557405740574056381e+02 5.513338639294013847e+05
7.557905790579056884e+02 5.481829092964909505e+05
7.558405840584057387e+02 5.538477337765204720e+05
7.558905890589057890e+02 5.584004465400648769e+05
7.559405940594058393e+02 5.394420721289224457e+05
7.559905990599058896e+02 5.530617861945764162e+05
7.560406040604059399e+02 5.573612731786761433e+05
7.560906090609059902e+02 5.572097156223851489e+05
7.561406140614060405e+02 5.168372208172247629e+05
7.561906190619060908e+02 5.487898394893850200e+05
7.562406240624061411e+02 5.475186270706508076e+05
7.562906290629061914e+02 5.113639719895592425e+05
7.563406340634062417e+02 5.420818888013634132e+05
7.563906390639062920e+02 5.126982743963270332e+05
7.564406440644063423e+02 5.268869094698163681e+05
7.564906490649063926e+02 5.454981332120472798e+05
7.565406540654064429e+02 5.456311383961852407e+05
7.565906590659064932e+02 5.284974153613094240e+05
7.566406640664065435e+02 5.215811263396283030e+05
7.566906690669065938e+02 5.313478555269556819e+05
7.567406740674066441e+02 5.194685962688914151e+05
7.567906790679066944e+02 4.955304876122926362e+05
7.568406840684067447e+02 5.391951467811907642e+05
7.568906890689067950e+02 5.031639805216007517e+05
7.569406940694068453e+02 5.362683822318813764e+05
7.569906990699068956e+02 5.146711804440880660e+05
7.570407040704069459e+02 5.260990584768988192e+05
7.570907090709069962e+02 4.973080543721858994e+05
7.571407140714070465e+02 5.100843756615199964e+05
7.571907190719070968e+02 4.914549457703359658e+05
7.572407240724071471e+02 5.087653811778662493e+05
7.572907290729071974e+02 5.068840826198559371e+05
7.573407340734072477e+02 5.158932433287909371e+05
7.573907390739072980e+02 5.141542611931969295e+05
7.574407440744073483e+02 4.999730501547176391e+05
7.574907490749073986e+02 4.980613156012003892e+05
7.575407540754074489e+02 4.921146248993224581e+05
7.575907590759074992e+02 5.283235996012475807e+05
7.576407640764075495e+02 5.331163364906318020e+05
7.576907690769075998e+02 5.269641340824074578e+05
7.577407740774076501e+02 4.952766505721102585e+05
7.577907790779077004e+02 5.046856101573880296e+05
7.578407840784077507e+02 5.200560382767764386e+05
7.578907890789078010e+02 5.002709500323434477e+05
7.579407940794078513e+02 5.285661789852667134e+05
7.579907990799079016e+02 5.248934468933816534e+05
7.580408040804079519e+02 5.003256162207728485e+05
7.580908090809080022e+02 4.939397041932463762e+05
7.581408140814080525e+02 5.336804064850617433e+05
7.581908190819081028e+02 5.181525324697826873e+05
7.582408240824081531e+02 5.015538793821549625e+05
7.582908290829082034e+02 4.990638867861003382e+05
7.583408340834082537e+02 5.200987462738651084e+05
7.583908390839083040e+02 5.134548504451676854e+05
7.584408440844083543e+02 4.960602992334666778e+05
7.584908490849084046e+02 5.203532535470706061e+05
7.585408540854084549e+02 4.867864223621321144e+05
7.585908590859085052e+02 5.355274043152850354e+05
7.586408640864085555e+02 5.080565850861536455e+05
7.586908690869086058e+02 5.315266286863740534e+05
7.587408740874086561e+02 5.008795845303473761e+05
7.587908790879087064e+02 5.112563642339289072e+05
7.588408840884087567e+02 5.370073652274362976e+05
7.588908890889088070e+02 5.050364021960662794e+05
7.589408940894088573e+02 4.940643600338393007e+05
7.589908990899089076e+02 5.126409947739701020e+05
7.590409040904089579e+02 4.998139051842271001e+05
7.590909090909090082e+02 4.891705651101442054e+05
7.591409140914090585e+02 5.090901082302915747e+05
7.591909190919091088e+02 5.311200294537586160e+05
7.592409240924091591e+02 5.042515427646753960e+05
7.592909290929092094e+02 5.005469965631151572e+05
7.593409340934092597e+02 5.057963100047183107e+05
7.593909390939093100e+02 5.220230184179466451e+05
7.594409440944093603e+02 4.895683649370388011e+05
7.594909490949094106e+02 5.284627239976986311e+05
7.595409540954094609e+02 4.984586583179588779e+05
7.595909590959095112e+02 5.028828397544258041e+05
7.596409640964095615e+02 5.336183793050684035e+05
7.596909690969096118e+02 5.254604572793432744e+05
7.597409740974096621e+02 5.376218933168280637e+05
7.597909790979097124e+02 5.177907028521421016e+05
7.598409840984097627e+02 5.325026846167243784e+05
7.598909890989098130e+02 5.035087998939927784e+05
7.599409940994098633e+02 4.999774729243067559e+05
7.599909990999099136e+02 4.954233382072376553e+05
7.600410041004099639e+02 5.150951582827425445e+05
7.600910091009100142e+02 4.998815627571779187e+05
7.601410141014100645e+02 5.066166341021098197e+05
7.601910191019101148e+02 5.090490494034102885e+05
7.602410241024101651e+02 5.135797976874777814e+05
7.602910291029102154e+02 5.341224422105139820e+05
7.603410341034102657e+02 5.170087497181400540e+05
7.603910391039103160e+02 5.065473677908992977e+05
7.604410441044103663e+02 5.162381173923591850e+05
7.604910491049104166e+02 5.002115878787047695e+05
7.605410541054104669e+02 5.146985213885856210e+05
7.605910591059105172e+02 5.252219114217780298e+05
7.606410641064105675e+02 5.140881304569969652e+05
7.606910691069106178e+02 5.039216967731666518e+05
7.607410741074106681e+02 5.198059086230394896e+05
7.607910791079107184e+02 5.297561080822380027e+05
7.608410841084107687e+02 5.251709608801798895e+05
7.608910891089108190e+02 5.074881708749731188e+05
7.609410941094108694e+02 4.886662335902862251e+05
7.609910991099109197e+02 4.935763289320418844e+05
7.610411041104109700e+02 4.880345802222084603e+05
7.610911091109110203e+02 5.345625228390254779e+05
7.611411141114110706e+02 4.944127821472598589e+05
7.611911191119111209e+02 5.272336721488751937e+05
7.612411241124111712e+02 5.093594781245506019e+05
7.612911291129112215e+02 5.211900607955011656e+05
7.613411341134112718e+02 5.331169933673148043e+05
7.613911391139113221e+02 5.171573897717853542e+05
7.614411441144113724e+02 5.317506333983758232e+05
7.614911491149114227e+02 5.232871126573968213e+05
7.615411541154114730e+02 5.026424775187452906e+05
7.615911591159115233e+02 5.161760442865694058e+05
7.616411641164115736e+02 5.008520769893414690e+05
7.616911691169116239e+02 4.991662079225232592e+05
7.617411741174116742e+02 5.042753493720541010e+05
7.617911791179117245e+02 4.982720831648176536e+05
7.618411841184117748e+02 5.291523048739123624e+05
7.618911891189118251e+02 5.317021751377061009e+05
7.619411941194118754e+02 4.977902341604211251e+05
7.619911991199119257e+02 5.054569456298605073e+05
7.620412041204119760e+02 5.233487592445780756e+05
7.620912091209120263e+02 5.371889403680241667e+05
7.621412141214120766e+02 5.239032913367730216e+05
7.621912191219121269e+02 5.173255552753959782e+05
7.622412241224121772e+02 4.994374359790452290e+05
7.622912291229122275e+02 4.990635701733318274e+05
7.623412341234122778e+02 5.273842513300118735e+05
7.623912391239123281e+02 5.052517727342172293e+05
7.624412441244123784e+02 5.363380393678529654e+05
7.624912491249124287e+02 5.316936056224352214e+05
7.625412541254124790e+02 5.120703685956143891e+05
7.625912591259125293e+02 5.179396184015250183e+05
7.626412641264125796e+02 5.333536623559156433e+05
7.626912691269126299e+02 5.004270528183217393e+05
7.627412741274126802e+02 4.901363095820653252e+05
7.627912791279127305e+02 4.982469834743948886e+05
7.628412841284127808e+02 4.931936734495671117e+05
7.628912891289128311e+02 5.192329976835462148e+05
7.629412941294128814e+02 5.263846714030875592e+05
7.629912991299129317e+02 5.164013385033855448e+05
7.630413041304129820e+02 5.188975313659607782e+05
7.630913091309130323e+02 5.359627369667819003e+05
7.631413141314130826e+02 5.124877097871267470e+05
7.631913191319131329e+02 5.325828059263949981e+05
7.632413241324131832e+02 5.146488783748738351e+05
7.632913291329132335e+02 4.918431256542847259e+05
7.633413341334132838e+02 4.901262056916282745e+05
7.633913391339133341e+02 5.352575735322335968e+05
7.634413441344133844e+02 4.987983626893033506e+05
7.634913491349134347e+02 4.887401187497372157e+05
7.635413541354134850e+02 5.274776336300370749e+05
7.635913591359135353e+02 5.201575951727968059e+05
7.636413641364135856e+02 5.019304174423552467e+05
7.636913691369136359e+02 4.975842663906880189e+05
7.637413741374136862e+02 5.268983047090431210e+05
7.637913791379137365e+02 5.345443962048491230e+05
7.638413841384137868e+02 5.229683756661131629e+05
7.638913891389138371e+02 5.085416649873385322e+05
7.639413941394138874e+02 4.945590363680250011e+05
7.639913991399139377e+02 5.068917490497203544e+05
7.640414041404139880e+02 4.899202037867461913e+05
7.640914091409140383e+02 5.232471797386336257e+05
7.641414141414140886e+02 5.213126495763266576e+05
7.641914191419141389e+02 5.241330611307221116e+05
7.642414241424141892e+02 5.082395410587667138e+05
7.642914291429142395e+02 4.934508897850286448e+05
7.643414341434142898e+02 4.945553515486863907e+05
7.643914391439143401e+02 5.020728769959594356e+05
7.644414441444143904e+02 4.911693512114970363e+05
7.644914491449144407e+02 5.070393505344103323e+05
7.645414541454144910e+02 5.225730676712256973e+05
7.645914591459145413e+02 5.225017523903906695e+05
7.646414641464145916e+02 4.990247870797687792e+05
7.646914691469146419e+02 5.308813441742380382e+05
7.647414741474146922e+02 4.972951774436043343e+05
7.647914791479147425e+02 5.391463046879747417e+05
7.648414841484147928e+02 5.228733037612627959e+05
7.648914891489148431e+02 5.456549424150187988e+05
7.649414941494148934e+02 5.222415690681418637e+05
7.649914991499149437e+02 5.129805706165453303e+05
7.650415041504149940e+02 5.201458276047668769e+05
7.650915091509150443e+02 5.536007253070126753e+05
7.651415141514150946e+02 5.676762605220954865e+05
7.651915191519151449e+02 5.217207572567200987e+05
7.652415241524151952e+02 5.732969765142065007e+05
7.652915291529152455e+02 5.551756842388914665e+05
7.653415341534152958e+02 5.906236217030062107e+05
7.653915391539153461e+02 5.496121361612466862e+05
7.654415441544153964e+02 5.682191804989057127e+05
7.654915491549154467e+02 5.832658714532301528e+05
7.655415541554154970e+02 6.066797736704690615e+05
7.655915591559155473e+02 5.943794863474215381e+05
7.656415641564155976e+02 5.954615539269786095e+05
7.656915691569156479e+02 6.333094151339231757e+05
7.657415741574156982e+02 6.056500886462923372e+05
7.657915791579157485e+02 6.346306405138465343e+05
7.658415841584157988e+02 6.412989740369224455e+05
7.658915891589158491e+02 6.537522365650086431e+05
7.659415941594158994e+02 6.984292776123678777e+05
7.659915991599159497e+02 7.159984921033780556e+05
7.660416041604160000e+02 7.245339795248039300e+05
7.660916091609160503e+02 7.317602813720263075e+05
7.661416141614161006e+02 7.472383880907149287e+05
7.661916191619161509e+02 7.370381278209614102e+05
7.662416241624162012e+02 7.471254887862141477e+05
7.662916291629162515e+02 7.662885172387378989e+05
7.663416341634163018e+02 8.041574675148332026e+05
7.663916391639163521e+02 7.655332232165620662e+05
7.664416441644164024e+02 8.012864702109935461e+05
7.664916491649164527e+02 8.383595829910276225e+05
7.665416541654165030e+02 7.793415416084951721e+05
7.665916591659165533e+02 7.869210676436919020e+05
7.666416641664166036e+02 8.641349282133404631e+05
7.666916691669166539e+02 8.316188240530855255e+05
7.667416741674167042e+02 8.598757376520804828e+05
7.667916791679167545e+02 8.611954466873039491e+05
7.668416841684168048e+02 8.730614590884209611e+05
7.668916891689168551e+02 8.787874285154131940e+05
7.669416941694169054e+02 8.489108376593381399e+05
7.669916991699169557e+02 8.985760098772501806e+05
7.670417041704170060e+02 8.568828542705377331e+05
7.670917091709170563e+02 8.531763938134679338e+05
7.671417141714171066e+02 8.261073919491621200e+05
7.671917191719171569e+02 8.542274040080249542e+05
7.672417241724172072e+02 8.528794527763623046e+05
7.672917291729172575e+02 8.273157953593465500e+05
7.673417341734173078e+02 7.984556169306907104e+05
7.673917391739173581e+02 7.980282560282504419e+05
7.674417441744174084e+02 7.822769325322537916e+05
7.674917491749174587e+02 8.356945700804005610e+05
7.675417541754175090e+02 8.290846933171584969e+05
7.675917591759175593e+02 7.457818509446457028e+05
7.676417641764176096e+02 7.798542640158706345e+05
7.676917691769176599e+02 7.562636922588339075e+05
7.677417741774177102e+02 7.181292689148818608e+05
7.677917791779177605e+02 7.645130063500422984e+05
7.678417841784178108e+02 7.184840933577961987e+05
7.678917891789178611e+02 7.109830189560964936e+05
7.679417941794179114e+02 7.228322287562275305e+05
7.679917991799179617e+02 7.037093016840344062e+05
7.680418041804180120e+02 6.874227730565471575e+05
7.680918091809180623e+02 6.632023608987997286e+05
7.681418141814181126e+02 6.323350659303832799e+05
7.681918191819181629e+02 6.108342278420432704e+05
7.682418241824182132e+02 6.192114245426489506e+05
7.682918291829182635e+02 6.114212212414591340e+05
7.683418341834183138e+02 6.140376146846167976e+05
7.683918391839183641e+02 5.834345309092729585e+05
7.684418441844184144e+02 5.801722182251060149e+05
7.684918491849184647e+02 5.627474929910155479e+05
7.685418541854185150e+02 5.601428954064378049e+05
7.685918591859185653e+02 5.722916177543988451e+05
7.686418641864186156e+02 5.661455882666646503e+05
7.686918691869186659e+02 5.406725273619607324e+05
7.687418741874187162e+02 5.441211823773930082e+05
7.687918791879187665e+02 5.316289364874010207e+05
7.688418841884188168e+02 5.708895400731194532e+05
7.688918891889188671e+02 5.515763098454256542e+05
7.689418941894189174e+02 5.364098859424515394e+05
7.689918991899189677e+02 5.275463432224293938e+05
7.690419041904190181e+02 5.296494874092664104e+05
7.690919091909190684e+02 5.504577359415590763e+05
7.691419141914191187e+02 5.345778842292880872e+05
7.691919191919191690e+02 5.215225143445975264e+05
7.692419241924192193e+02 5.143083105571526103e+05
7.692919291929192696e+02 5.108274904013614869e+05
7.693419341934193199e+02 4.984268673320096568e+05
7.693919391939193702e+02 5.334658792279304471e+05
7.694419441944194205e+02 5.143638444613067550e+05
7.694919491949194708e+02 5.184967676964067505e+05
7.695419541954195211e+02 5.115489338158260216e+05
7.695919591959195714e+02 5.331345011833870085e+05
7.696419641964196217e+02 5.102850410087252967e+05
7.696919691969196720e+02 5.014493081305397209e+05
7.697419741974197223e+02 5.250301181763785426e+05
7.697919791979197726e+02 5.127448530291158240e+05
7.698419841984198229e+02 5.186842469990384998e+05
7.698919891989198732e+02 5.207912064712271676e+05
7.699419941994199235e+02 5.023380756936313701e+05
7.699919991999199738e+02 5.372639092850341694e+05
7.700420042004200241e+02 5.241707936532019521e+05
7.700920092009200744e+02 4.939915444379979745e+05
7.701420142014201247e+02 4.986391114804073004e+05
7.701920192019201750e+02 4.889589310435641673e+05
7.702420242024202253e+02 5.206186455272653257e+05
7.702920292029202756e+02 4.921491234038448310e+05
7.703420342034203259e+02 5.056376598404946853e+05
7.703920392039203762e+02 5.178394743502361816e+05
7.704420442044204265e+02 4.940031933711112943e+05
7.704920492049204768e+02 5.138506115627719555e+05
7.705420542054205271e+02 5.354874933007714571e+05
7.705920592059205774e+02 4.879035419621901819e+05
7.706420642064206277e+02 5.182062477456261404e+05
7.706920692069206780e+02 5.367865670554941753e+05
7.707420742074207283e+02 5.050559079495182377e+05
7.707920792079207786e+02 5.205162551562276203e+05
7.708420842084208289e+02 4.885187820193439838e+05
7.708920892089208792e+02 5.130785484063387266e+05
7.709420942094209295e+02 4.930898715484375716e+05
7.709920992099209798e+02 5.228761654815855436e+05
7.710421042104210301e+02 5.030231573993642814e+05
7.710921092109210804e+02 5.109703887653574347e+05
7.711421142114211307e+02 5.133260037513293209e+05
7.711921192119211810e+02 4.951013511224152753e+05
7.712421242124212313e+02 5.217952718508719117e+05
7.712921292129212816e+02 5.030996794206085615e+05
7.713421342134213319e+02 4.978545294771792833e+05
7.713921392139213822e+02 5.318023126848661341e+05
7.714421442144214325e+02 5.124697846166741801e+05
7.714921492149214828e+02 5.079270639844732941e+05
7.715421542154215331e+02 4.889129872296142275e+05
7.715921592159215834e+02 4.929516831251904950e+05
7.716421642164216337e+02 5.070251633088852395e+05
7.716921692169216840e+02 5.303855385967976181e+05
7.717421742174217343e+02 5.169102251193289994e+05
7.717921792179217846e+02 4.975593481928514666e+05
7.718421842184218349e+02 4.920753934600721113e+05
7.718921892189218852e+02 5.301302474516115617e+05
7.719421942194219355e+02 4.915356941827998380e+05
7.719921992199219858e+02 4.876906789405287709e+05
7.720422042204220361e+02 4.947004763502795249e+05
7.720922092209220864e+02 4.878741394090161775e+05
7.721422142214221367e+02 5.338811523200065130e+05
7.721922192219221870e+02 5.264853882175169419e+05
7.722422242224222373e+02 5.038188320953040384e+05
7.722922292229222876e+02 5.156279949801439070e+05
7.723422342234223379e+02 4.867347452089234139e+05
7.723922392239223882e+02 5.218419584891879931e+05
7.724422442244224385e+02 5.019769462342007319e+05
7.724922492249224888e+02 5.270129119189067278e+05
7.725422542254225391e+02 5.191749677597890841e+05
7.725922592259225894e+02 4.877178899726450909e+05
7.726422642264226397e+02 4.954632021689897520e+05
7.726922692269226900e+02 4.913745283877838519e+05
7.727422742274227403e+02 5.311242293861057842e+05
7.727922792279227906e+02 5.287633568118753610e+05
7.728422842284228409e+02 5.100275044467172702e+05
7.728922892289228912e+02 4.993702209370071650e+05
7.729422942294229415e+02 4.980049807796414825e+05
7.729922992299229918e+02 4.948820094713654253e+05
7.730423042304230421e+02 4.895849326864251634e+05
7.730923092309230924e+02 5.363580541687805671e+05
7.731423142314231427e+02 5.218926839474466979e+05
7.731923192319231930e+02 4.971418203098585363e+05
7.732423242324232433e+02 5.273045609295321628e+05
7.732923292329232936e+02 5.299299752424686449e+05
7.733423342334233439e+02 5.334027528566496912e+05
7.733923392339233942e+02 5.308092061733710580e+05
7.734423442344234445e+02 5.238517111566452077e+05
7.734923492349234948e+02 5.278306141512016766e+05
7.735423542354235451e+02 5.184112129832503269e+05
7.735923592359235954e+02 4.946845037745202426e+05
7.736423642364236457e+02 4.887334133079678868e+05
7.736923692369236960e+02 5.230701986181208631e+05
7.737423742374237463e+02 5.135958714973713504e+05
7.737923792379237966e+02 5.122685354635093827e+05
7.738423842384238469e+02 5.015984524827500572e+05
7.738923892389238972e+02 4.880136897794703837e+05
7.739423942394239475e+02 5.018881700512118405e+05
7.739923992399239978e+02 5.073537563625546172e+05
7.740424042404240481e+02 5.009943946518161683e+05
7.740924092409240984e+02 5.293996728055061540e+05
7.741424142414241487e+02 5.285340219452448655e+05
7.741924192419241990e+02 5.102320219549051253e+05
7.742424242424242493e+02 5.011311857680816320e+05
7.742924292429242996e+02 4.976037885666502989e+05
7.743424342434243499e+02 5.073046941257850267e+05
7.743924392439244002e+02 5.055869137768230285e+05
7.744424442444244505e+02 4.946607000118673895e+05
7.744924492449245008e+02 5.075341888439505128e+05
7.745424542454245511e+02 5.263663930038013496e+05
7.745924592459246014e+02 4.888380404642165522e+05
7.746424642464246517e+02 5.187882928965620231e+05
7.746924692469247020e+02 5.307438740791748278e+05
7.747424742474247523e+02 5.233950052993011777e+05
7.747924792479248026e+02 4.884414490558017278e+05
7.748424842484248529e+02 4.919937246696375660e+05
7.748924892489249032e+02 4.875553043330799555e+05
7.749424942494249535e+02 5.169951374924497213e+05
7.749924992499250038e+02 5.042853413580151973e+05
7.750425042504250541e+02 4.979688464430085733e+05
7.750925092509251044e+02 5.147258563965453650e+05
7.751425142514251547e+02 5.185459625158527633e+05
7.751925192519252050e+02 4.967531745292059495e+05
7.752425242524252553e+02 5.245787665562918410e+05
7.752925292529253056e+02 5.184064741990374168e+05
7.753425342534253559e+02 5.059443147835736163e+05
7.753925392539254062e+02 5.218910120913020219e+05
7.754425442544254565e+02 4.943007950509299408e+05
7.754925492549255068e+02 4.970640807219353155e+05
7.755425542554255571e+02 5.253557211029096507e+05
7.755925592559256074e+02 5.318489953166403575e+05
7.756425642564256577e+02 5.146214548076466308e+05
7.756925692569257080e+02 4.918761121103055193e+05
7.757425742574257583e+02 5.264948770140843699e+05
7.757925792579258086e+02 5.348895372585536679e+05
7.758425842584258589e+02 5.093637070184375043e+05
7.758925892589259092e+02 5.138243310474973405e+05
7.759425942594259595e+02 4.876889113647862105e+05
7.759925992599260098e+02 5.000846170517556020e+05
7.760426042604260601e+02 5.278618294869168894e+05
7.760926092609261104e+02 5.064991790075067547e+05
7.761426142614261607e+02 5.116059520400301553e+05
7.761926192619262110e+02 5.077976669123694301e+05
7.762426242624262613e+02 5.276391731209205464e+05
7.762926292629263116e+02 5.258740191643873695e+05
7.763426342634263619e+02 4.973408130297401221e+05
7.763926392639264122e+02 5.231074084994189907e+05
7.764426442644264625e+02 5.090973656215039082e+05
7.764926492649265128e+02 5.147577064551161602e+05
7.765426542654265631e+02 5.206601846921867691e+05
7.765926592659266134e+02 4.923879806094412343e+05
7.766426642664266637e+02 5.207200501400928479e+05
7.766926692669267140e+02 5.016547625025731977e+05
7.767426742674267643e+02 5.021979956602625316e+05
7.767926792679268146e+02 5.227005837814741535e+05
7.768426842684268649e+02 4.902210108488211990e+05
7.768926892689269152e+02 4.991651075324796839e+05
7.769426942694269655e+02 4.988752566985394224e+05
7.769926992699270158e+02 5.379527418659236282e+05
7.770427042704270661e+02 5.016069617292734329e+05
7.770927092709271164e+02 5.251650902722200844e+05
7.771427142714271668e+02 5.081407803433702211e+05
7.771927192719272171e+02 5.272028358111603884e+05
7.772427242724272674e+02 5.139977402660029475e+05
7.772927292729273177e+02 4.904522571332661319e+05
7.773427342734273680e+02 5.287272216476843460e+05
7.773927392739274183e+02 4.873104035045975470e+05
7.774427442744274686e+02 4.892072157112692948e+05
7.774927492749275189e+02 5.048044973737766268e+05
7.775427542754275692e+02 5.012978517984348582e+05
7.775927592759276195e+02 5.304673704928273801e+05
7.776427642764276698e+02 4.973804524675248540e+05
7.776927692769277201e+02 4.944417418054588488e+05
7.777427742774277704e+02 5.137860827892144443e+05
7.777927792779278207e+02 5.252496611339512747e+05
7.778427842784278710e+02 5.049595313015657011e+05
7.778927892789279213e+02 5.014018010329273529e+05
7.779427942794279716e+02 4.951232970787949744e+05
7.779927992799280219e+02 5.131597392110248911e+05
7.780428042804280722e+02 5.116728323824873078e+05
7.780928092809281225e+02 5.256353299656981835e+05
7.781428142814281728e+02 5.137114014286602032e+05
7.781928192819282231e+02 4.967646739858192159e+05
7.782428242824282734e+02 5.378298616392321419e+05
7.782928292829283237e+02 5.287351691504620248e+05
7.783428342834283740e+02 5.297498772118075285e+05
7.783928392839284243e+02 5.174336356136350078e+05
7.784428442844284746e+02 5.197316334296999848e+05
7.784928492849285249e+02 4.995071275728178443e+05
7.785428542854285752e+02 5.261672291791489115e+05
7.785928592859286255e+02 5.303082483820599737e+05
7.786428642864286758e+02 5.232572890700052958e+05
7.786928692869287261e+02 5.064715170505984570e+05
7.787428742874287764e+02 4.967549096802190179e+05
7.787928792879288267e+02 5.333357914815014228e+05
7.788428842884288770e+02 5.090370046075534192e+05
7.788928892889289273e+02 4.942401127985427156e+05
7.789428942894289776e+02 5.161007117380498676e+05
7.789928992899290279e+02 5.185543978701116866e+05
7.790429042904290782e+02 5.260397622403732967e+05
7.790929092909291285e+02 5.324352464797304710e+05
7.791429142914291788e+02 5.158913837015472236e+05
7.791929192919292291e+02 5.365773595380202169e+05
7.792429242924292794e+02 4.966727528626649873e+05
7.792929292929293297e+02 4.929799505975397187e+05
7.793429342934293800e+02 4.878087524110094528e+05
7.793929392939294303e+02 5.058480824590092525e+05
7.794429442944294806e+02 5.364669135109623894e+05
7.794929492949295309e+02 5.068937120626277174e+05
7.795429542954295812e+02 5.073102041596220224e+05
7.795929592959296315e+02 4.873188393980155233e+05
7.796429642964296818e+02 5.210573426774923573e+05
7.796929692969297321e+02 5.149386867774260463e+05
7.797429742974297824e+02 5.194726647317716270e+05
7.797929792979298327e+02 5.049319093755065114e+05
7.798429842984298830e+02 4.904365798243819154e+05
7.798929892989299333e+02 4.877783862345844391e+05
7.799429942994299836e+02 4.967872882672190899e+05
7.799929992999300339e+02 5.108188411207431927e+05
7.800430043004300842e+02 5.271122248615414137e+05
7.800930093009301345e+02 4.939754581630785251e+05
7.801430143014301848e+02 5.108618103978892323e+05
7.801930193019302351e+02 5.285375316305446904e+05
7.802430243024302854e+02 5.159491991392403143e+05
7.802930293029303357e+02 5.026137589476528810e+05
7.803430343034303860e+02 5.065296172892600880e+05
7.803930393039304363e+02 5.048242704064052086e+05
7.804430443044304866e+02 5.363258803461010102e+05
7.804930493049305369e+02 5.009971867313555558e+05
7.805430543054305872e+02 5.127747124329837970e+05
7.805930593059306375e+02 5.102871729242249858e+05
7.806430643064306878e+02 5.234232106124848360e+05
7.806930693069307381e+02 4.952059630071795546e+05
7.807430743074307884e+02 4.922442326874903520e+05
7.807930793079308387e+02 5.216860371873630793e+05
7.808430843084308890e+02 5.351475815419950522e+05
7.808930893089309393e+02 5.246620766752786003e+05
7.809430943094309896e+02 5.315660233956720913e+05
7.809930993099310399e+02 5.100767467780262814e+05
7.810431043104310902e+02 5.371126102041872218e+05
7.810931093109311405e+02 5.051455072233398096e+05
7.811431143114311908e+02 4.910783051605382934e+05
7.811931193119312411e+02 5.103351345441975282e+05
7.812431243124312914e+02 5.312832495451745344e+05
7.812931293129313417e+02 5.050479494279504288e+05
7.813431343134313920e+02 5.132814657129244297e+05
7.813931393139314423e+02 5.199687409341100720e+05
7.814431443144314926e+02 4.883574766610448132e+05
7.814931493149315429e+02 4.961663215644894517e+05
7.815431543154315932e+02 5.121670050754278782e+05
7.815931593159316435e+02 4.883936438188475440e+05
7.816431643164316938e+02 5.322742686463056598e+05
7.816931693169317441e+02 5.317921389332351973e+05
7.817431743174317944e+02 5.039512012041874113e+05
7.817931793179318447e+02 4.966143964669223642e+05
7.818431843184318950e+02 4.926157388853360317e+05
7.818931893189319453e+02 4.996695223367496510e+05
7.819431943194319956e+02 5.329467142692281632e+05
7.819931993199320459e+02 5.145402299105713028e+05
7.820432043204320962e+02 4.879509941811201861e+05
7.820932093209321465e+02 5.238153410478939186e+05
7.821432143214321968e+02 5.194353433527698508e+05
7.821932193219322471e+02 4.961395941329911584e+05
7.822432243224322974e+02 4.885009581749496865e+05
7.822932293229323477e+02 5.358179613176239654e+05
7.823432343234323980e+02 4.892883430629235809e+05
7.823932393239324483e+02 5.171831556533977273e+05
7.824432443244324986e+02 5.338389882506789872e+05
7.824932493249325489e+02 4.965513509894800954e+05
7.825432543254325992e+02 5.154558371520371875e+05
7.825932593259326495e+02 4.902321977140919771e+05
7.826432643264326998e+02 5.277540563191346591e+05
7.826932693269327501e+02 5.136199217423849041e+05
7.827432743274328004e+02 5.238347439515850274e+05
7.827932793279328507e+02 5.355679345631520264e+05
7.828432843284329010e+02 5.226896873315104749e+05
7.828932893289329513e+02 5.045839931240855949e+05
7.829432943294330016e+02 5.046285232450051699e+05
7.829932993299330519e+02 5.326414621166046709e+05
7.830433043304331022e+02 4.912489449031880358e+05
7.830933093309331525e+02 5.310424452085560188e+05
7.831433143314332028e+02 5.162304341371988994e+05
7.831933193319332531e+02 5.040157182248390745e+05
7.832433243324333034e+02 4.959956905997737776e+05
7.832933293329333537e+02 5.122286620202138438e+05
7.833433343334334040e+02 4.889719462540343520e+05
7.833933393339334543e+02 5.364350535198006546e+05
7.834433443344335046e+02 5.070558051097525749e+05
7.834933493349334412e+02 5.180204504459042801e+05
7.835433543354334915e+02 5.289193080167134758e+05
7.835933593359335418e+02 5.308151340632737847e+05
7.836433643364335921e+02 5.277506086716796272e+05
7.836933693369336424e+02 5.181004797916163225e+05
7.837433743374336927e+02 5.096817777346427320e+05
7.837933793379337430e+02 5.264791681031835033e+05
7.838433843384337933e+02 4.911633081990439096e+05
7.838933893389338436e+02 4.924442094866112457e+05
7.839433943394338939e+02 5.315178115242596250e+05
7.839933993399339442e+02 5.052195225825023372e+05
7.840434043404339945e+02 5.257987466518934816e+05
7.840934093409340448e+02 5.290181345357145183e+05
7.841434143414340951e+02 4.930132210529237054e+05
7.841934193419341455e+02 4.949698253851639456e+05
7.842434243424341958e+02 5.269603777653914876e+05
7.842934293429342461e+02 5.366336234274189919e+05
7.843434343434342964e+02 5.117022653104266501e+05
7.843934393439343467e+02 5.363972008233501110e+05
7.844434443444343970e+02 5.191402116565289325e+05
7.844934493449344473e+02 5.136323915911843651e+05
7.845434543454344976e+02 5.208160012707284186e+05
7.845934593459345479e+02 5.314125317687372444e+05
7.846434643464345982e+02 4.918518881582767935e+05
7.846934693469346485e+02 5.256360350024050567e+05
7.847434743474346988e+02 5.165478501061652787e+05
7.847934793479347491e+02 4.868087507199587999e+05
7.848434843484347994e+02 5.171473270223757136e+05
7.848934893489348497e+02 5.180186788172434899e+05
7.849434943494349000e+02 4.872005929620294482e+05
7.849934993499349503e+02 5.274000442476571770e+05
7.850435043504350006e+02 4.941979041200360516e+05
7.850935093509350509e+02 5.284768193395038834e+05
7.851435143514351012e+02 5.372004002944201929e+05
7.851935193519351515e+02 5.014246396203502663e+05
7.852435243524352018e+02 5.142386656385071110e+05
7.852935293529352521e+02 5.174861729308239301e+05
7.853435343534353024e+02 5.216430316673524794e+05
7.853935393539353527e+02 5.246697738520652056e+05
7.854435443544354030e+02 5.122789583274066681e+05
7.854935493549354533e+02 4.899387361536347307e+05
7.855435543554355036e+02 5.024459524806529516e+05
7.855935593559355539e+02 4.995319211944662966e+05
7.856435643564356042e+02 5.336267611221061088e+05
7.856935693569356545e+02 5.133744062215987360e+05
7.857435743574357048e+02 5.294029268783105072e+05
7.857935793579357551e+02 5.317460645227463683e+05
7.858435843584358054e+02 5.239667766232828726e+05
7.858935893589358557e+02 5.251962221674853936e+05
7.859435943594359060e+02 5.078703562291724957e+05
7.859935993599359563e+02 5.294673061920735054e+05
7.860436043604360066e+02 5.002602332329374622e+05
7.860936093609360569e+02 4.924782981533311540e+05
7.861436143614361072e+02 5.212258016365091898e+05
7.861936193619361575e+02 4.989717819647004362e+05
7.862436243624362078e+02 5.345691609930951381e+05
7.862936293629362581e+02 5.034023160968029406e+05
7.863436343634363084e+02 5.157359112497018068e+05
7.863936393639363587e+02 5.332542563373501180e+05
7.864436443644364090e+02 5.375782783699613065e+05
7.864936493649364593e+02 5.302024436527125072e+05
7.865436543654365096e+02 5.065453314757936751e+05
7.865936593659365599e+02 5.373620456599059980e+05
7.866436643664366102e+02 5.136500132027001819e+05
7.866936693669366605e+02 5.065946776887291344e+05
7.867436743674367108e+02 5.187482035927109537e+05
7.867936793679367611e+02 5.039654802536220523e+05
7.868436843684368114e+02 5.051900472905710340e+05
7.868936893689368617e+02 4.978487129712679307e+05
7.869436943694369120e+02 4.926575613506673253e+05
7.869936993699369623e+02 5.341163700191765092e+05
7.870437043704370126e+02 5.146075776293723611e+05
7.870937093709370629e+02 4.948809159231091617e+05
7.871437143714371132e+02 5.191252931609725929e+05
7.871937193719371635e+02 5.041592969795760000e+05
7.872437243724372138e+02 5.234379659553355887e+05
7.872937293729372641e+02 5.309158651930707274e+05
7.873437343734373144e+02 5.214611193857007311e+05
7.873937393739373647e+02 4.995950492688558879e+05
7.874437443744374150e+02 5.079268195743930992e+05
7.874937493749374653e+02 5.042682545480753179e+05
7.875437543754375156e+02 4.971493266125924420e+05
7.875937593759375659e+02 5.272155415441048099e+05
7.876437643764376162e+02 5.012904667197064846e+05
7.876937693769376665e+02 4.986829077581793536e+05
7.877437743774377168e+02 5.189629305936839664e+05
7.877937793779377671e+02 5.085628754631683114e+05
7.878437843784378174e+02 5.262229779287858400e+05
7.878937893789378677e+02 5.036102605407542433e+05
7.879437943794379180e+02 4.927027079155517276e+05
7.879937993799379683e+02 5.134366136067960761e+05
7.880438043804380186e+02 4.919850142621909617e+05
7.880938093809380689e+02 5.120151908028158359e+05
7.881438143814381192e+02 5.336399006837966153e+05
7.881938193819381695e+02 4.893479250634620548e+05
7.882438243824382198e+02 4.906856240143179311e+05
7.882938293829382701e+02 5.262198337718464900e+05
7.883438343834383204e+02 5.131709964954818133e+05
7.883938393839383707e+02 5.252926270165484166e+05
7.884438443844384210e+02 5.278263581768077565e+05
7.884938493849384713e+02 5.370583771585766226e+05
7.885438543854385216e+02 5.225889512176498538e+05
7.885938593859385719e+02 5.300156132926386781e+05
7.886438643864386222e+02 5.225170705127278343e+05
7.886938693869386725e+02 5.044064015674087568e+05
7.887438743874387228e+02 5.156252261045430205e+05
7.887938793879387731e+02 5.283574523153778864e+05
7.888438843884388234e+02 5.339958020559641300e+05
7.888938893889388737e+02 5.198161092535064672e+05
7.889438943894389240e+02 4.889957161030886928e+05
7.889938993899389743e+02 4.927638409249064280e+05
7.890439043904390246e+02 5.205290177562048775e+05
7.890939093909390749e+02 5.354946187546312576e+05
7.891439143914391252e+02 5.020115036514610401e+05
7.891939193919391755e+02 5.327356091805455508e+05
7.892439243924392258e+02 5.167888895837500459e+05
7.892939293929392761e+02 5.119420157892073039e+05
7.893439343934393264e+02 5.272057565165172564e+05
7.893939393939393767e+02 4.972694326010530931e+05
7.894439443944394270e+02 5.362934869742970914e+05
7.894939493949394773e+02 5.285028949349656468e+05
7.895439543954395276e+02 5.077062413185726036e+05
7.895939593959395779e+02 4.933707618774362491e+05
7.896439643964396282e+02 4.887085282490299433e+05
7.896939693969396785e+02 4.923555161160593270e+05
7.897439743974397288e+02 4.881658675334936124e+05
7.897939793979397791e+02 5.233927797285712440e+05
7.898439843984398294e+02 5.327275923926720861e+05
7.898939893989398797e+02 5.247751867360851029e+05
7.899439943994399300e+02 5.149859381948274677e+05
7.899939993999399803e+02 5.302044038983933860e+05
7.900440044004400306e+02 5.050586516717717168e+05
7.900940094009400809e+02 5.085491369162256015e+05
7.901440144014401312e+02 5.046850300082151080e+05
7.901940194019401815e+02 5.189749707309346995e+05
7.902440244024402318e+02 5.305907100830253912e+05
7.902940294029402821e+02 5.229693599139639991e+05
7.903440344034403324e+02 4.923621337684690952e+05
7.903940394039403827e+02 5.254370602037324570e+05
7.904440444044404330e+02 4.990216316109052277e+05
7.904940494049404833e+02 4.967431657664660015e+05
7.905440544054405336e+02 5.029321838175686426e+05
7.905940594059405839e+02 5.062303333165850490e+05
7.906440644064406342e+02 5.015942052036458044e+05
7.906940694069406845e+02 5.190614562176154577e+05
7.907440744074407348e+02 5.357526988175560255e+05
7.907940794079407851e+02 5.082498780256580794e+05
7.908440844084408354e+02 5.270985175181397935e+05
7.908940894089408857e+02 5.295315609978620196e+05
7.909440944094409360e+02 5.187892732203478226e+05
7.909940994099409863e+02 5.064417382931526517e+05
7.910441044104410366e+02 5.322099356655263109e+05
7.910941094109410869e+02 5.218637719484981499e+05
7.911441144114411372e+02 4.957316280303464737e+05
7.911941194119411875e+02 5.023490996382264420e+05
7.912441244124412378e+02 4.978652489934294717e+05
7.912941294129412881e+02 5.266404872330238577e+05
7.913441344134413384e+02 5.065968990804133355e+05
7.913941394139413887e+02 5.032970138728658785e+05
7.914441444144414390e+02 5.015292417753628688e+05
7.914941494149414893e+02 5.046254908724696725e+05
7.915441544154415396e+02 5.267209003547041211e+05
7.915941594159415899e+02 4.870009515336232143e+05
7.916441644164416402e+02 5.058888878952595987e+05
7.916941694169416905e+02 5.229720374650704907e+05
7.917441744174417408e+02 4.996108112665908993e+05
7.917941794179417911e+02 5.352480540497652255e+05
7.918441844184418414e+02 5.253436122118007625e+05
7.918941894189418917e+02 5.307775125047032489e+05
7.919441944194419420e+02 5.129129909484063392e+05
7.919941994199419923e+02 5.068367791666047997e+05
7.920442044204420426e+02 5.313971519709349377e+05
7.920942094209420929e+02 4.941074420185456402e+05
7.921442144214421432e+02 5.112177781164425542e+05
7.921942194219421935e+02 5.201665915415509371e+05
7.922442244224422438e+02 5.168357150990938535e+05
7.922942294229422941e+02 4.934325809674482443e+05
7.923442344234423445e+02 5.051135211706156842e+05
7.923942394239423948e+02 5.020058238625463564e+05
7.924442444244424451e+02 5.007171462222408154e+05
7.924942494249424954e+02 4.908708387920339010e+05
7.925442544254425457e+02 5.192572882936357637e+05
7.925942594259425960e+02 5.351563719951725798e+05
7.926442644264426463e+02 5.288923768986621872e+05
7.926942694269426966e+02 5.134548424829486758e+05
7.927442744274427469e+02 5.150687472236252506e+05
7.927942794279427972e+02 5.366624078061738983e+05
7.928442844284428475e+02 5.075847320532279555e+05
7.928942894289428978e+02 4.879149330085543916e+05
7.929442944294429481e+02 5.131539951339440886e+05
7.929942994299428847e+02 5.028333950376464636e+05
7.930443044304429350e+02 4.907112573990136152e+05
7.930943094309429853e+02 5.303727848017507931e+05
7.931443144314430356e+02 5.147383253195671132e+05
7.931943194319430859e+02 5.252930396720357239e+05
7.932443244324431362e+02 5.363348772915659938e+05
7.932943294329431865e+02 5.042099701525769779e+05
7.933443344334432368e+02 5.218408050075289211e+05
7.933943394339432871e+02 4.881385750226546661e+05
7.934443444344433374e+02 5.195081383205195889e+05
7.934943494349433877e+02 5.060346776602336322e+05
7.935443544354434380e+02 4.961631312828172813e+05
7.935943594359434883e+02 5.293779215154501144e+05
7.936443644364435386e+02 5.335127718602729728e+05
7.936943694369435889e+02 5.303385743318757741e+05
7.937443744374436392e+02 5.235005192046373268e+05
7.937943794379436895e+02 5.004138578760227538e+05
7.938443844384437398e+02 4.896561733195471461e+05
7.938943894389437901e+02 5.157475323016638868e+05
7.939443944394438404e+02 5.347361873773306143e+05
7.939943994399438907e+02 5.096992014866810059e+05
7.940444044404439410e+02 5.265962650974753778e+05
7.940944094409439913e+02 4.978244431172506884e+05
7.941444144414440416e+02 5.324659950181078166e+05
7.941944194419440919e+02 4.935552234339094721e+05
7.942444244424441422e+02 4.951047196163865156e+05
7.942944294429441925e+02 4.972644550242750556e+05
7.943444344434442428e+02 4.947991813665012596e+05
7.943944394439442931e+02 4.871859746008799411e+05
7.944444444444443434e+02 4.953480441776952357e+05
7.944944494449443937e+02 5.044628445932811010e+05
7.945444544454444440e+02 4.878445013670314220e+05
7.945944594459444943e+02 5.172457285994995036e+05
7.946444644464445446e+02 5.191227678433232359e+05
7.946944694469445949e+02 4.884371945918010897e+05
7.947444744474446452e+02 5.199032085738785099e+05
7.947944794479446955e+02 4.953848505602043006e+05
7.948444844484447458e+02 5.003097188134928583e+05
7.948944894489447961e+02 5.363570259392276639e+05
7.949444944494448464e+02 4.897036025307776872e+05
7.949944994499448967e+02 5.151837292072905693e+05
7.950445044504449470e+02 4.962528357167663053e+05
7.950945094509449973e+02 5.158963692823448800e+05
7.951445144514450476e+02 5.050891307506298181e+05
7.951945194519450979e+02 5.297379045043593505e+05
7.952445244524451482e+02 4.875225566443928401e+05
7.952945294529451985e+02 5.325699866954839090e+05
7.953445344534452488e+02 5.039961830886188545e+05
7.953945394539452991e+02 5.265586234657976311e+05
7.954445444544453494e+02 5.161605643707555137e+05
7.954945494549453997e+02 5.004197848048299784e+05
7.955445544554454500e+02 5.341383564689558698e+05
7.955945594559455003e+02 5.081157200243595871e+05
7.956445644564455506e+02 4.918068572552324622e+05
7.956945694569456009e+02 5.308266925658610417e+05
7.957445744574456512e+02 5.214902685288423090e+05
7.957945794579457015e+02 5.218571323282988742e+05
7.958445844584457518e+02 4.977153988076256937e+05
7.958945894589458021e+02 4.974173998858873965e+05
7.959445944594458524e+02 5.089227405308468733e+05
7.959945994599459027e+02 5.325095423198268982e+05
7.960446044604459530e+02 5.252099012880090158e+05
7.960946094609460033e+02 5.131159305672892951e+05
7.961446144614460536e+02 5.154362809179199394e+05
7.961946194619461039e+02 5.147124577653732849e+05
7.962446244624461542e+02 5.221795563106048503e+05
7.962946294629462045e+02 4.882167218271858292e+05
7.963446344634462548e+02 5.216743406835804344e+05
7.963946394639463051e+02 5.350990617792455014e+05
7.964446444644463554e+02 5.095508976983507746e+05
7.964946494649464057e+02 5.079877038589481381e+05
7.965446544654464560e+02 5.214761690240459284e+05
7.965946594659465063e+02 5.238945481109447428e+05
7.966446644664465566e+02 5.341907152292572428e+05
7.966946694669466069e+02 5.212394945822904701e+05
7.967446744674466572e+02 4.970730570362050203e+05
7.967946794679467075e+02 5.004353684817962348e+05
7.968446844684467578e+02 5.200884597770274268e+05
7.968946894689468081e+02 5.030004143432934652e+05
7.969446944694468584e+02 5.326967954041716876e+05
7.969946994699469087e+02 5.339083073214114411e+05
7.970447044704469590e+02 5.238348315170806018e+05
7.970947094709470093e+02 4.918855226367239375e+05
7.971447144714470596e+02 5.178643969315054710e+05
7.971947194719471099e+02 5.169108382537947618e+05
7.972447244724471602e+02 5.182321297385075013e+05
7.972947294729472105e+02 4.910337225163120893e+05
7.973447344734472608e+02 5.120790093768443912e+05
7.973947394739473111e+02 5.270998329009542940e+05
7.974447444744473614e+02 5.053615853829547996e+05
7.974947494749474117e+02 4.924314577920135343e+05
7.975447544754474620e+02 4.974517974863029085e+05
7.975947594759475123e+02 5.182247483025271795e+05
7.976447644764475626e+02 5.110677722617618856e+05
7.976947694769476129e+02 5.340539829467148520e+05
7.977447744774476632e+02 5.166394524128349731e+05
7.977947794779477135e+02 5.355653523263594834e+05
7.978447844784477638e+02 5.156244410852511646e+05
7.978947894789478141e+02 5.096790263098342693e+05
7.979447944794478644e+02 4.959547529544627760e+05
7.979947994799479147e+02 4.976859107496107463e+05
7.980448044804479650e+02 4.880729338666122057e+05
7.980948094809480153e+02 5.049326270121539128e+05
7.981448144814480656e+02 5.235370744773828774e+05
7.981948194819481159e+02 5.365197131106150337e+05
7.982448244824481662e+02 5.021540434516780660e+05
7.982948294829482165e+02 5.244908105309150415e+05
7.983448344834482668e+02 4.933529869700200506e+05
7.983948394839483171e+02 5.066087455698354170e+05
7.984448444844483674e+02 5.081053473357139737e+05
7.984948494849484177e+02 5.316469466200232273e+05
7.985448544854484680e+02 4.988809065188057139e+05
7.985948594859485183e+02 5.054974272250222857e+05
7.986448644864485686e+02 5.138528553861236433e+05
7.986948694869486189e+02 5.046745494821013999e+05
7.987448744874486692e+02 4.929289407561481348e+05
7.987948794879487195e+02 5.179019973685087170e+05
7.988448844884487698e+02 4.947607016235964838e+05
7.988948894889488201e+02 5.388053815756059485e+05
7.989448944894488704e+02 4.977881771563137881e+05
7.989948994899489207e+02 5.124828039529698435e+05
7.990449044904489710e+02 5.384968730192066869e+05
7.990949094909490213e+02 5.039219619495999068e+05
7.991449144914490716e+02 5.111955446011523600e+05
7.991949194919491219e+02 5.181709351652529440e+05
7.992449244924491722e+02 5.225394407219807617e+05
7.992949294929492225e+02 5.216816329576975550e+05
7.993449344934492728e+02 5.200688452110364451e+05
7.993949394939493232e+02 5.424038810840902152e+05
7.994449444944493735e+02 5.296336248916032491e+05
7.994949494949494238e+02 5.382369166304009268e+05
7.995449544954494741e+02 5.534749412188191200e+05
7.995949594959495244e+02 5.401501636649548309e+05
7.996449644964495747e+02 5.492537397475201869e+05
7.996949694969496250e+02 5.461169585087751038e+05
7.997449744974496753e+02 5.140033307790673571e+05
7.997949794979497256e+02 5.164859378648663405e+05
7.998449844984497759e+02 5.675995387339092558e+05
7.998949894989498262e+02 5.522437657701545395e+05
7.999449944994498765e+02 5.727739346957294038e+05
7.999949994999499268e+02 5.729739743765932508e+05
8.000450045004499771e+02 5.682463852407992817e+05
8.000950095009500274e+02 5.367283197522959672e+05
8.001450145014500777e+02 5.364696784392521949e+05
8.001950195019501280e+02 5.496269377505354350e+05
8.002450245024501783e+02 5.638481937633495545e+05
8.002950295029502286e+02 5.482096571509443456e+05
8.003450345034502789e+02 5.716780325764989248e+05
8.003950395039503292e+02 5.451221041666897945e+05
8.004450445044503795e+02 5.980209161043784115e+05
8.004950495049504298e+02 5.826976858539760578e+05
8.005450545054504801e+02 5.934579302254428621e+05
8.005950595059505304e+02 5.619072258639113279e+05
8.006450645064505807e+02 5.892133356951008318e+05
8.006950695069506310e+02 5.812745940041203285e+05
8.007450745074506813e+02 5.576207759603045415e+05
8.007950795079507316e+02 6.061657936128946021e+05
8.008450845084507819e+02 5.634278442463994725e+05
8.008950895089508322e+02 5.838720071433183039e+05
8.009450945094508825e+02 5.754029513747902820e+05
8.009950995099509328e+02 5.859839997156612808e+05
8.010451045104509831e+02 6.059462662706723204e+05
8.010951095109510334e+02 5.894715418716612039e+05
8.011451145114510837e+02 5.588566184156014351e+05
8.011951195119511340e+02 5.866314065696110483e+05
8.012451245124511843e+02 5.626207080583834322e+05
8.012951295129512346e+02 6.025869727419958217e+05
8.013451345134512849e+02 5.841464476611263817e+05
8.013951395139513352e+02 5.904266211322557647e+05
8.014451445144513855e+02 5.967100954824900255e+05
8.014951495149514358e+02 5.567834612369862152e+05
8.015451545154514861e+02 5.504017331709449645e+05
8.015951595159515364e+02 5.586841300474534510e+05
8.016451645164515867e+02 5.930591623289354611e+05
8.016951695169516370e+02 5.830608409331826260e+05
8.017451745174516873e+02 5.534116045602032682e+05
8.017951795179517376e+02 5.563369771644639550e+05
8.018451845184517879e+02 5.634081466427369742e+05
8.018951895189518382e+02 5.762523318851841614e+05
8.019451945194518885e+02 5.786490657795285806e+05
8.019951995199519388e+02 5.587243201903956942e+05
8.020452045204519891e+02 5.697885761404280784e+05
8.020952095209520394e+02 5.271305197161555989e+05
8.021452145214520897e+02 5.299444218603676418e+05
8.021952195219521400e+02 5.650606957060748246e+05
8.022452245224521903e+02 5.536166419478330063e+05
8.022952295229522406e+02 5.305792509650625288e+05
8.023452345234522909e+02 5.339962682935913326e+05
8.023952395239523412e+02 5.326036538904826157e+05
8.024452445244523915e+02 5.128033584003844880e+05
8.024952495249524418e+02 5.394789311877974542e+05
8.025452545254524921e+02 5.431902758643708657e+05
8.025952595259525424e+02 5.154206512425991823e+05
8.026452645264525927e+02 5.197684102184346411e+05
8.026952695269526430e+02 5.468905503326276084e+05
8.027452745274526933e+02 5.456520641967803240e+05
8.027952795279527436e+02 5.242793304883071687e+05
8.028452845284527939e+02 5.242380373948785709e+05
8.028952895289528442e+02 5.420709652217341354e+05
8.029452945294528945e+02 5.227399603700737935e+05
8.029952995299529448e+02 5.147523591014999547e+05
8.030453045304529951e+02 5.356415056358953007e+05
8.030953095309530454e+02 4.905488805708358414e+05
8.031453145314530957e+02 5.362018357433434576e+05
8.031953195319531460e+02 4.978123103122540633e+05
8.032453245324531963e+02 5.278739318017767509e+05
8.032953295329532466e+02 4.972765100013510673e+05
8.033453345334532969e+02 5.023017451672134921e+05
8.033953395339533472e+02 5.357173043708390323e+05
8.034453445344533975e+02 4.971471156973774778e+05
8.034953495349534478e+02 5.277255532841676613e+05
8.035453545354534981e+02 5.026295433833445422e+05
8.035953595359535484e+02 5.044419538290288183e+05
8.036453645364535987e+02 5.330651771606941475e+05
8.036953695369536490e+02 4.980787213732349337e+05
8.037453745374536993e+02 4.886351347422432154e+05
8.037953795379537496e+02 5.009811546078376705e+05
8.038453845384537999e+02 5.188573710954660201e+05
8.038953895389538502e+02 4.909072932602675864e+05
8.039453945394539005e+02 5.315581581702167168e+05
8.039953995399539508e+02 5.177613326568881748e+05
8.040454045404540011e+02 5.159649526915429160e+05
8.040954095409540514e+02 5.106382516065229429e+05
8.041454145414541017e+02 5.181482283745150198e+05
8.041954195419541520e+02 5.234158758400107035e+05
8.042454245424542023e+02 5.305180788840090390e+05
8.042954295429542526e+02 4.928879801713838824e+05
8.043454345434543029e+02 5.109708317280411720e+05
8.043954395439543532e+02 5.223338319346157368e+05
8.044454445444544035e+02 5.039150671834874665e+05
8.044954495449544538e+02 4.942335604229624732e+05
8.045454545454545041e+02 5.146561451662041945e+05
8.045954595459545544e+02 5.334947585875563091e+05
8.046454645464546047e+02 5.215738497587645543e+05
8.046954695469546550e+02 5.055147798710583593e+05
8.047454745474547053e+02 4.940609777280170820e+05
8.047954795479547556e+02 5.204288494052354945e+05
8.048454845484548059e+02 4.921245587421905366e+05
8.048954895489548562e+02 5.224424765661892015e+05
8.049454945494549065e+02 4.968535442213985370e+05
8.049954995499549568e+02 4.898265629165401333e+05
8.050455045504550071e+02 5.169838870351868100e+05
8.050955095509550574e+02 5.151652123770240578e+05
8.051455145514551077e+02 5.017892347090846743e+05
8.051955195519551580e+02 4.994862361089959741e+05
8.052455245524552083e+02 5.123479137886243407e+05
8.052955295529552586e+02 5.349720197926315013e+05
8.053455345534553089e+02 5.057451301973264781e+05
8.053955395539553592e+02 5.056384548481593956e+05
8.054455445544554095e+02 5.318048287055630935e+05
8.054955495549554598e+02 5.244422081095048925e+05
8.055455545554555101e+02 5.127238689039771562e+05
8.055955595559555604e+02 4.976148613526608679e+05
8.056455645564556107e+02 5.147682362002221635e+05
8.056955695569556610e+02 4.956963864225336001e+05
8.057455745574557113e+02 4.970757715979490895e+05
8.057955795579557616e+02 4.876399672101088800e+05
8.058455845584558119e+02 4.915224148039160646e+05
8.058955895589558622e+02 5.014000257702726522e+05
8.059455945594559125e+02 5.358194381581275957e+05
8.059955995599559628e+02 5.097162377191435080e+05
8.060456045604560131e+02 5.268644478464375716e+05
8.060956095609560634e+02 5.025987524879674893e+05
8.061456145614561137e+02 5.193624952830515103e+05
8.061956195619561640e+02 5.069577035829905071e+05
8.062456245624562143e+02 4.886826544873410021e+05
8.062956295629562646e+02 5.223419816075766576e+05
8.063456345634563149e+02 4.957893480141963810e+05
8.063956395639563652e+02 4.884765496463103918e+05
8.064456445644564155e+02 5.257348465250635054e+05
8.064956495649564658e+02 5.068962791561371996e+05
8.065456545654565161e+02 4.931033139634559047e+05
8.065956595659565664e+02 5.326356250127026578e+05
8.066456645664566167e+02 4.905555845802949625e+05
8.066956695669566670e+02 5.022325157865730580e+05
8.067456745674567173e+02 5.222424128352344269e+05
8.067956795679567676e+02 5.001027217098489637e+05
8.068456845684568179e+02 5.215546792108563823e+05
8.068956895689568682e+02 5.297430980336397188e+05
8.069456945694569185e+02 5.017068369265547954e+05
8.069956995699569688e+02 5.161005085719630588e+05
8.070457045704570191e+02 5.156753727245870396e+05
8.070957095709570694e+02 5.164686508164345869e+05
8.071457145714571197e+02 5.229901819186622160e+05
8.071957195719571700e+02 5.032140389381732093e+05
8.072457245724572203e+02 5.032779794658907340e+05
8.072957295729572706e+02 4.981685189975563553e+05
8.073457345734573209e+02 5.064538337309589260e+05
8.073957395739573712e+02 5.329839660096279113e+05
8.074457445744574215e+02 5.036847794382777647e+05
8.074957495749574719e+02 4.935742264757045778e+05
8.075457545754575222e+02 5.255627920976558235e+05
8.075957595759575725e+02 5.330738801113507943e+05
8.076457645764576228e+02 5.000451814966954407e+05
8.076957695769576731e+02 5.156039769621668966e+05
8.077457745774577234e+02 4.918379276971067302e+05
8.077957795779577737e+02 5.284539252151815454e+05
8.078457845784578240e+02 5.127303986939253518e+05
8.078957895789578743e+02 5.062347155782894697e+05
8.079457945794579246e+02 5.132395839097313001e+05
8.079957995799579749e+02 4.984901896770587773e+05
8.080458045804580252e+02 5.261181200053279754e+05
8.080958095809580755e+02 5.246631936211140128e+05
8.081458145814581258e+02 5.157318257987472462e+05
8.081958195819581761e+02 5.370631954856257653e+05
8.082458245824582264e+02 4.907902649746802053e+05
8.082958295829582767e+02 4.966051740556847071e+05
8.083458345834583270e+02 5.022088365237948601e+05
8.083958395839583773e+02 5.101082689755100291e+05
8.084458445844584276e+02 5.004710392038864666e+05
8.084958495849584779e+02 5.148054075036118738e+05
8.085458545854585282e+02 5.088913552737924038e+05
8.085958595859585785e+02 5.082651420713861007e+05
8.086458645864586288e+02 5.377522709319450660e+05
8.086958695869586791e+02 5.032809608361940482e+05
8.087458745874587294e+02 4.989218407340164413e+05
8.087958795879587797e+02 4.939435365000700695e+05
8.088458845884588300e+02 4.905191030748580233e+05
8.088958895889588803e+02 5.308263166829647962e+05
8.089458945894589306e+02 4.873453054920051363e+05
8.089958995899589809e+02 5.141815697300902684e+05
8.090459045904590312e+02 5.287687547024012310e+05
8.090959095909590815e+02 5.211956719092510757e+05
8.091459145914591318e+02 5.342889044603132643e+05
8.091959195919591821e+02 4.945446581007410423e+05
8.092459245924592324e+02 5.124353519266479416e+05
8.092959295929592827e+02 5.043758713730789605e+05
8.093459345934593330e+02 5.007575523075178498e+05
8.093959395939593833e+02 5.196889766322370851e+05
8.094459445944594336e+02 5.259405669708893402e+05
8.094959495949594839e+02 5.265447490949913627e+05
8.095459545954595342e+02 5.001342318195502157e+05
8.095959595959595845e+02 4.996019726005935227e+05
8.096459645964596348e+02 5.234650065027720993e+05
8.096959695969596851e+02 5.184031948522368330e+05
8.097459745974597354e+02 4.898230565165212029e+05
8.097959795979597857e+02 5.064747213604516000e+05
8.098459845984598360e+02 4.981354389285519137e+05
8.098959895989598863e+02 4.929166939915181720e+05
8.099459945994599366e+02 5.037214601737813209e+05
8.099959995999599869e+02 5.222575297917964053e+05
8.100460046004600372e+02 4.928760547708547092e+05
8.100960096009600875e+02 5.337138163002013462e+05
8.101460146014601378e+02 4.988078318484115880e+05
8.101960196019601881e+02 5.247211269618648803e+05
8.102460246024602384e+02 5.100929342614947236e+05
8.102960296029602887e+02 5.038730491774394759e+05
8.103460346034603390e+02 5.313934031277569011e+05
8.103960396039603893e+02 5.041450094031757908e+05
8.104460446044604396e+02 5.212514754348487477e+05
8.104960496049604899e+02 5.115404074286422692e+05
8.105460546054605402e+02 5.322201841558736051e+05
8.105960596059605905e+02 4.924939054864766076e+05
8.106460646064606408e+02 5.051158741041718749e+05
8.106960696069606911e+02 5.157012110950135975e+05
8.107460746074607414e+02 5.013770632454080041e+05
8.107960796079607917e+02 5.310439721935950220e+05
8.108460846084608420e+02 4.902018960194925312e+05
8.108960896089608923e+02 4.944455892738287221e+05
8.109460946094609426e+02 5.332651432608073810e+05
8.109960996099609929e+02 5.224394322516498505e+05
8.110461046104610432e+02 5.299551671736886492e+05
8.110961096109610935e+02 5.145723666655289708e+05
8.111461146114611438e+02 4.896608846542370156e+05
8.111961196119611941e+02 5.386233220034445403e+05
8.112461246124612444e+02 4.904881331428005360e+05
8.112961296129612947e+02 5.236212068172620493e+05
8.113461346134613450e+02 5.001204110813317820e+05
8.113961396139613953e+02 5.115568252843079972e+05
8.114461446144614456e+02 4.974277512790409965e+05
8.114961496149614959e+02 5.206069086131533841e+05
8.115461546154615462e+02 5.307366641129336786e+05
8.115961596159615965e+02 5.383627979416995076e+05
8.116461646164616468e+02 4.984243395871928078e+05
8.116961696169616971e+02 5.408170815265503479e+05
8.117461746174617474e+02 5.233052532330824179e+05
8.117961796179617977e+02 5.395523890059359837e+05
8.118461846184618480e+02 5.065353445962842670e+05
8.118961896189618983e+02 5.172221428038290469e+05
8.119461946194619486e+02 5.325959524065165315e+05
8.119961996199619989e+02 5.087751563419287559e+05
8.120462046204620492e+02 5.105455554220793420e+05
8.120962096209620995e+02 5.613238695379284909e+05
8.121462146214621498e+02 5.391092581306711072e+05
8.121962196219622001e+02 5.631774364637373947e+05
8.122462246224622504e+02 5.535799071026217425e+05
8.122962296229623007e+02 5.281528369203141192e+05
8.123462346234623510e+02 5.401087861839096295e+05
8.123962396239624013e+02 5.621869480189942988e+05
8.124462446244624516e+02 5.520883217261872487e+05
8.124962496249625019e+02 5.827790929566989653e+05
8.125462546254625522e+02 5.530099305644938722e+05
8.125962596259626025e+02 5.631468217181251384e+05
8.126462646264626528e+02 6.041691619940897217e+05
8.126962696269627031e+02 6.229303090956455562e+05
8.127462746274627534e+02 6.342426323323702672e+05
8.127962796279628037e+02 6.281811607111523626e+05
8.128462846284628540e+02 6.303578041354040615e+05
8.128962896289629043e+02 6.334836118970244424e+05
8.129462946294629546e+02 6.188798466306644259e+05
8.129962996299630049e+02 6.428462551308614202e+05
8.130463046304630552e+02 6.415555584075850202e+05
8.130963096309631055e+02 6.761201082637972431e+05
8.131463146314631558e+02 7.242483246938361553e+05
8.131963196319632061e+02 6.921634282407076098e+05
8.132463246324632564e+02 7.268061474042250775e+05
8.132963296329633067e+02 7.519484508492782479e+05
8.133463346334633570e+02 7.377953379988190718e+05
8.133963396339634073e+02 7.440937715142430970e+05
8.134463446344634576e+02 7.327921069104785565e+05
8.134963496349635079e+02 7.703338649099204922e+05
8.135463546354635582e+02 7.873694420370530570e+05
8.135963596359636085e+02 7.708946595759309130e+05
8.136463646364636588e+02 7.827907469321825774e+05
8.136963696369637091e+02 8.045537893450675765e+05
8.137463746374637594e+02 7.842822150377606740e+05
8.137963796379638097e+02 7.739309848418300971e+05
8.138463846384638600e+02 8.459008323690411635e+05
8.138963896389639103e+02 8.080721859441569541e+05
8.139463946394639606e+02 8.047840527504569618e+05
8.139963996399640109e+02 7.898743425327126170e+05
8.140464046404640612e+02 8.501834647920628777e+05
8.140964096409641115e+02 8.222949526945521357e+05
8.141464146414641618e+02 7.760811328566572629e+05
8.141964196419642121e+02 7.904248606171319261e+05
8.142464246424642624e+02 8.095630953694216441e+05
8.142964296429643127e+02 7.715512864420695696e+05
8.143464346434643630e+02 7.893594875454520807e+05
8.143964396439644133e+02 7.878826634741635062e+05
8.144464446444644636e+02 7.796201564047031570e+05
8.144964496449645139e+02 7.547360486544565065e+05
8.145464546454645642e+02 7.755438288026633672e+05
8.145964596459646145e+02 7.240719769490605686e+05
8.146464646464646648e+02 7.472130841224855976e+05
8.146964696469647151e+02 7.444519349253352266e+05
8.147464746474647654e+02 6.969663632334882859e+05
8.147964796479648157e+02 6.959734155189652229e+05
8.148464846484648660e+02 6.928108244517673738e+05
8.148964896489649163e+02 7.111112909605348250e+05
8.149464946494649666e+02 6.541237273820198607e+05
8.149964996499650169e+02 6.631619444255497074e+05
8.150465046504650672e+02 6.410658009194231126e+05
8.150965096509651175e+02 6.593714145550568355e+05
8.151465146514651678e+02 6.253336962730227970e+05
8.151965196519652181e+02 6.328364823862633202e+05
8.152465246524652684e+02 6.032864173542584758e+05
8.152965296529653187e+02 6.035641791000195080e+05
8.153465346534653690e+02 5.697015429353530053e+05
8.153965396539654193e+02 5.846720562744433992e+05
8.154465446544654696e+02 5.553966279648023192e+05
8.154965496549655199e+02 5.792062296991740586e+05
8.155465546554655702e+02 5.553615428239668254e+05
8.155965596559656205e+02 5.778455486460309476e+05
8.156465646564656709e+02 5.549542655502837151e+05
8.156965696569657212e+02 5.791312420108774677e+05
8.157465746574657715e+02 5.223319077737079351e+05
8.157965796579658218e+02 5.296806688912390964e+05
8.158465846584658721e+02 5.382128538413140923e+05
8.158965896589659224e+02 5.201312646144209430e+05
8.159465946594659727e+02 5.362557317138882354e+05
8.159965996599660230e+02 5.482031790905992966e+05
8.160466046604660733e+02 5.162582953690806753e+05
8.160966096609661236e+02 5.219746847691271687e+05
8.161466146614661739e+02 5.498984293360860320e+05
8.161966196619662242e+02 5.397719749006095808e+05
8.162466246624662745e+02 5.106815599235437694e+05
8.162966296629663248e+02 5.391942722072777105e+05
8.163466346634663751e+02 5.241213233215995133e+05
8.163966396639664254e+02 5.419406305590525735e+05
8.164466446644664757e+02 5.377641220463125501e+05
8.164966496649665260e+02 5.212143266888369108e+05
8.165466546654665763e+02 5.368384571199127240e+05
8.165966596659666266e+02 5.107504655663428130e+05
8.166466646664666769e+02 5.152480571207547910e+05
8.166966696669667272e+02 5.028762572904408444e+05
8.167466746674667775e+02 5.090432156838178053e+05
8.167966796679668278e+02 5.391787001257654047e+05
8.168466846684668781e+02 5.268956222109299852e+05
8.168966896689669284e+02 5.255267553306985646e+05
8.169466946694669787e+02 5.269983915507877246e+05
8.169966996699670290e+02 4.978930020329947583e+05
8.170467046704670793e+02 5.290741790115074255e+05
8.170967096709671296e+02 5.249376580825730925e+05
8.171467146714671799e+02 5.012390527934373822e+05
8.171967196719672302e+02 4.897188004997451790e+05
8.172467246724672805e+02 4.921613304139387910e+05
8.172967296729673308e+02 4.893506839578557992e+05
8.173467346734673811e+02 4.932109805315257981e+05
8.173967396739674314e+02 5.028966460866101552e+05
8.174467446744674817e+02 5.171280335434186272e+05
8.174967496749675320e+02 5.090512452846551896e+05
8.175467546754675823e+02 5.225976821859462652e+05
8.175967596759676326e+02 5.144674871511392994e+05
8.176467646764676829e+02 4.901958404644865659e+05
8.176967696769677332e+02 4.979967132951382664e+05
8.177467746774677835e+02 5.191432542349664145e+05
8.177967796779678338e+02 4.932444923003144213e+05
8.178467846784678841e+02 5.269395617630591150e+05
8.178967896789679344e+02 5.121418038758861949e+05
8.179467946794679847e+02 5.255803744401845615e+05
8.179967996799680350e+02 4.936654913831137237e+05
8.180468046804680853e+02 4.954363068427394610e+05
8.180968096809681356e+02 5.250084609651372302e+05
8.181468146814681859e+02 5.299305834406118374e+05
8.181968196819682362e+02 5.139926185508492636e+05
8.182468246824682865e+02 5.374028742023973027e+05
8.182968296829683368e+02 4.967254067498952500e+05
8.183468346834683871e+02 5.162486599598976318e+05
8.183968396839684374e+02 5.113977629230240127e+05
8.184468446844684877e+02 5.042164265897579608e+05
8.184968496849685380e+02 4.971643924607356894e+05
8.185468546854685883e+02 5.099230165686087566e+05
8.185968596859686386e+02 4.895648507467059535e+05
8.186468646864686889e+02 5.009618573499166523e+05
8.186968696869687392e+02 5.010663975971738109e+05
8.187468746874687895e+02 4.996646842865148210e+05
8.187968796879688398e+02 5.076306943998693023e+05
8.188468846884688901e+02 5.339265170833573211e+05
8.188968896889689404e+02 5.255048788009305717e+05
8.189468946894689907e+02 5.117866329085844918e+05
8.189968996899690410e+02 5.309842021464367863e+05
8.190469046904690913e+02 5.353082611197665101e+05
8.190969096909691416e+02 5.320702872064695694e+05
8.191469146914691919e+02 5.266773269736407092e+05
8.191969196919692422e+02 4.993414746120373020e+05
8.192469246924692925e+02 5.017804642208858859e+05
8.192969296929693428e+02 5.332778153936279705e+05
8.193469346934693931e+02 5.278279011089485139e+05
8.193969396939694434e+02 5.169670053525649128e+05
8.194469446944694937e+02 5.282659618684544694e+05
8.194969496949695440e+02 5.154769326541823684e+05
8.195469546954695943e+02 5.129782173276541871e+05
8.195969596959696446e+02 5.306784260762046324e+05
8.196469646964696949e+02 5.208468264947930584e+05
8.196969696969697452e+02 5.063483821408607764e+05
8.197469746974697955e+02 5.077406562894990202e+05
8.197969796979698458e+02 5.100739387548916275e+05
8.198469846984698961e+02 5.244393319094969193e+05
8.198969896989699464e+02 4.946525899670341751e+05
8.199469946994699967e+02 5.214037401150363148e+05
8.199969996999700470e+02 5.033240419272589497e+05
8.200470047004700973e+02 4.943312588857199298e+05
8.200970097009701476e+02 4.903618924997063586e+05
8.201470147014701979e+02 4.953065761598871322e+05
8.201970197019702482e+02 5.054001828139710706e+05
8.202470247024702985e+02 5.249857870485507883e+05
8.202970297029703488e+02 4.884548865811114665e+05
8.203470347034703991e+02 5.072794911075101118e+05
8.203970397039704494e+02 5.144184747196110548e+05
8.204470447044704997e+02 5.348778653139860835e+05
8.204970497049705500e+02 4.900187087549832067e+05
8.205470547054706003e+02 4.897436137837302522e+05
8.205970597059706506e+02 4.972069204569733702e+05
8.206470647064707009e+02 5.353664909550239099e+05
8.206970697069707512e+02 5.223162823599895928e+05
8.207470747074708015e+02 4.934107469359345268e+05
8.207970797079708518e+02 5.085133683896598523e+05
8.208470847084709021e+02 4.868359284916968900e+05
8.208970897089709524e+02 4.880282627639654092e+05
8.209470947094710027e+02 5.008587552885548794e+05
8.209970997099710530e+02 5.131002220532735228e+05
8.210471047104711033e+02 5.016567515902015730e+05
8.210971097109711536e+02 4.948773099636257975e+05
8.211471147114712039e+02 5.234053385204429505e+05
8.211971197119712542e+02 4.994158893352552550e+05
8.212471247124713045e+02 4.993303900588995893e+05
8.212971297129713548e+02 5.006631821525333216e+05
8.213471347134714051e+02 5.300554077491998905e+05
8.213971397139714554e+02 5.111860466513651190e+05
8.214471447144715057e+02 5.359150909929531626e+05
8.214971497149715560e+02 5.240210425510745845e+05
8.215471547154716063e+02 4.952588301915187621e+05
8.215971597159715429e+02 4.870368470041935798e+05
8.216471647164715932e+02 5.369962817852965090e+05
8.216971697169716435e+02 5.078235970425718115e+05
8.217471747174716938e+02 5.114024776856166427e+05
8.217971797179717441e+02 5.238563179155379185e+05
8.218471847184717944e+02 5.248575518675369676e+05
8.218971897189718447e+02 5.277610960547676077e+05
8.219471947194718950e+02 5.195197695588000934e+05
8.219971997199719453e+02 5.259213976994878612e+05
8.220472047204719956e+02 4.925691071333858417e+05
8.220972097209720459e+02 4.924432138522824971e+05
8.221472147214720962e+02 4.980844933880182798e+05
8.221972197219721465e+02 5.133692480045937700e+05
8.222472247224721968e+02 5.039730829166694311e+05
8.222972297229722471e+02 5.174699288138340926e+05
8.223472347234722974e+02 5.372627528150902363e+05
8.223972397239723477e+02 5.286571302584367804e+05
8.224472447244723980e+02 4.989473638372429996e+05
8.224972497249724483e+02 4.944186137110113632e+05
8.225472547254724986e+02 5.052830100296146120e+05
8.225972597259725489e+02 5.317562290645791218e+05
8.226472647264725992e+02 5.288146133647091920e+05
8.226972697269726496e+02 4.929939274142142385e+05
8.227472747274726999e+02 5.313171325415464817e+05
8.227972797279727502e+02 4.885077439018524601e+05
8.228472847284728005e+02 5.003913214921626495e+05
8.228972897289728508e+02 5.162427886356681702e+05
8.229472947294729011e+02 5.079083592433105223e+05
8.229972997299729514e+02 5.300906393531443318e+05
8.230473047304730017e+02 5.023436485050270567e+05
8.230973097309730520e+02 5.007795238405460259e+05
8.231473147314731023e+02 5.082583203204371384e+05
8.231973197319731526e+02 4.994679030690564541e+05
8.232473247324732029e+02 5.000445964469099999e+05
8.232973297329732532e+02 5.246659646927186986e+05
8.233473347334733035e+02 4.999007789639489492e+05
8.233973397339733538e+02 4.950437379301268957e+05
8.234473447344734041e+02 5.008378374931623694e+05
8.234973497349734544e+02 4.960681564497508225e+05
8.235473547354735047e+02 5.012193477804404101e+05
8.235973597359735550e+02 5.249843627930667717e+05
8.236473647364736053e+02 5.317472458505301038e+05
8.236973697369736556e+02 4.960437741754075396e+05
8.237473747374737059e+02 5.032671282555818325e+05
8.237973797379737562e+02 4.920834498958360637e+05
8.238473847384738065e+02 5.146960679379494395e+05
8.238973897389738568e+02 5.092557360378680751e+05
8.239473947394739071e+02 5.330616270817070035e+05
8.239973997399739574e+02 5.197820225688435603e+05
8.240474047404740077e+02 4.926881639834795496e+05
8.240974097409740580e+02 5.097486618431170355e+05
8.241474147414741083e+02 5.005634144291825360e+05
8.241974197419741586e+02 4.894269138805347611e+05
8.242474247424742089e+02 4.910253777841828996e+05
8.242974297429742592e+02 5.302385621040341211e+05
8.243474347434743095e+02 5.358648929942944087e+05
8.243974397439743598e+02 5.033440888346140273e+05
8.244474447444744101e+02 5.126752561272594612e+05
8.244974497449744604e+02 5.306187354668098269e+05
8.245474547454745107e+02 5.260728884216790320e+05
8.245974597459745610e+02 4.882405718970470480e+05
8.246474647464746113e+02 5.218630211155347642e+05
8.246974697469746616e+02 5.064172190729041467e+05
8.247474747474747119e+02 5.283484580982084153e+05
8.247974797479747622e+02 4.969616639191179420e+05
8.248474847484748125e+02 5.056504998746065539e+05
8.248974897489748628e+02 5.359502143333646236e+05
8.249474947494749131e+02 5.216737603329787962e+05
8.249974997499749634e+02 5.362973683150897268e+05
8.250475047504750137e+02 4.991127208657629089e+05
8.250975097509750640e+02 4.885848415304790833e+05
8.251475147514751143e+02 5.121869605298283277e+05
8.251975197519751646e+02 5.299987366070924327e+05
8.252475247524752149e+02 4.966686227860601502e+05
8.252975297529752652e+02 5.277383559279680485e+05
8.253475347534753155e+02 5.218716959374596481e+05
8.253975397539753658e+02 5.233120103789144778e+05
8.254475447544754161e+02 5.234619200247125700e+05
8.254975497549754664e+02 5.178226917272300925e+05
8.255475547554755167e+02 5.080335853129057214e+05
8.255975597559755670e+02 5.202989120012909989e+05
8.256475647564756173e+02 4.957036454102987191e+05
8.256975697569756676e+02 5.219394842483858811e+05
8.257475747574757179e+02 5.252733726818239084e+05
8.257975797579757682e+02 4.887195921133582015e+05
8.258475847584758185e+02 4.915662701247326331e+05
8.258975897589758688e+02 5.079931525461072451e+05
8.259475947594759191e+02 5.085054151114567649e+05
8.259975997599759694e+02 5.266197084636236541e+05
8.260476047604760197e+02 5.380156376959340414e+05
8.260976097609760700e+02 5.036016367346009356e+05
8.261476147614761203e+02 5.081233712691137916e+05
8.261976197619761706e+02 5.091655080974068260e+05
8.262476247624762209e+02 4.938123293128014193e+05
8.262976297629762712e+02 4.901967701555584790e+05
8.263476347634763215e+02 5.138407527780418750e+05
8.263976397639763718e+02 5.382818252746640937e+05
8.264476447644764221e+02 5.181037363309322973e+05
8.264976497649764724e+02 4.938898032719063340e+05
8.265476547654765227e+02 5.225603147608624422e+05
8.265976597659765730e+02 4.945610182846407988e+05
8.266476647664766233e+02 5.252992467486403184e+05
8.266976697669766736e+02 5.062698409535620594e+05
8.267476747674767239e+02 5.241778861130950972e+05
8.267976797679767742e+02 4.925777296498472570e+05
8.268476847684768245e+02 4.899941179475353565e+05
8.268976897689768748e+02 5.329432621129052714e+05
8.269476947694769251e+02 4.890013804978132830e+05
8.269976997699769754e+02 5.247837421885479707e+05
8.270477047704770257e+02 4.892718765751586761e+05
8.270977097709770760e+02 5.322559986558380770e+05
8.271477147714771263e+02 5.277343032569058705e+05
8.271977197719771766e+02 4.997748795267572277e+05
8.272477247724772269e+02 5.314607206438099965e+05
8.272977297729772772e+02 5.086674907244165661e+05
8.273477347734773275e+02 5.107923183856757241e+05
8.273977397739773778e+02 5.235480809897038271e+05
8.274477447744774281e+02 4.987923415856586653e+05
8.274977497749774784e+02 5.080476235845019692e+05
8.275477547754775287e+02 5.120702459982280852e+05
8.275977597759775790e+02 5.129687727724412689e+05
8.276477647764776293e+02 5.198290817033840576e+05
8.276977697769776796e+02 5.191306837496639346e+05
8.277477747774777299e+02 5.079375500880406471e+05
8.277977797779777802e+02 5.011826665235874243e+05
8.278477847784778305e+02 4.912171323021647404e+05
8.278977897789778808e+02 5.038845472232293687e+05
8.279477947794779311e+02 5.377567819311167113e+05
8.279977997799779814e+02 5.222388409603658365e+05
8.280478047804780317e+02 5.123108479708009399e+05
8.280978097809780820e+02 5.326640068649847526e+05
8.281478147814781323e+02 4.923795552466674708e+05
8.281978197819781826e+02 5.078039655209314078e+05
8.282478247824782329e+02 5.237435159773660125e+05
8.282978297829782832e+02 4.916751678766119876e+05
8.283478347834783335e+02 5.043299142982732737e+05
8.283978397839783838e+02 5.341946651369259926e+05
8.284478447844784341e+02 4.945679253983036615e+05
8.284978497849784844e+02 5.358395920770802768e+05
8.285478547854785347e+02 4.934317930753927212e+05
8.285978597859785850e+02 4.989788638378580799e+05
8.286478647864786353e+02 4.977442986996265245e+05
8.286978697869786856e+02 5.269894118248616578e+05
8.287478747874787359e+02 5.166883367464522016e+05
8.287978797879787862e+02 5.028033253224485088e+05
8.288478847884788365e+02 5.239101943586238194e+05
8.288978897889788868e+02 5.257520218641996616e+05
8.289478947894789371e+02 4.924086740089619998e+05
8.289978997899789874e+02 5.324682211370792938e+05
8.290479047904790377e+02 5.058287755692984792e+05
8.290979097909790880e+02 5.058633801076733507e+05
8.291479147914791383e+02 5.375225243086209521e+05
8.291979197919791886e+02 4.884729921400189633e+05
8.292479247924792389e+02 5.193316812193751684e+05
8.292979297929792892e+02 4.994334308939200127e+05
8.293479347934793395e+02 5.237137136010825052e+05
8.293979397939793898e+02 5.249583825768071692e+05
8.294479447944794401e+02 5.228536061097125057e+05
8.294979497949794904e+02 5.304235707897481043e+05
8.295479547954795407e+02 5.076817942127800197e+05
8.295979597959795910e+02 5.130577036116856034e+05
8.296479647964796413e+02 5.030350170559711405e+05
8.296979697969796916e+02 5.057309399581592879e+05
8.297479747974797419e+02 5.283554884875833523e+05
8.297979797979797922e+02 5.375075257845179876e+05
8.298479847984798425e+02 5.042617451415574178e+05
8.298979897989798928e+02 5.278017826272638049e+05
8.299479947994799431e+02 4.991750124580160482e+05
8.299979997999799934e+02 4.951319119917991338e+05
8.300480048004800437e+02 5.319511760407615220e+05
8.300980098009800940e+02 5.218588840149961179e+05
8.301480148014801443e+02 5.226531694623588119e+05
8.301980198019801946e+02 5.140410563432872295e+05
8.302480248024802449e+02 4.981841863638960640e+05
8.302980298029802952e+02 5.278460004693157971e+05
8.303480348034803455e+02 5.187773108989541070e+05
8.303980398039803958e+02 5.338949567348913988e+05
8.304480448044804461e+02 5.363310305070069153e+05
8.304980498049804964e+02 4.881098686942121712e+05
8.305480548054805467e+02 5.084586692268920597e+05
8.305980598059805970e+02 4.921888411257750704e+05
8.306480648064806473e+02 5.017964103539488278e+05
8.306980698069806976e+02 5.216814720174328540e+05
8.307480748074807479e+02 5.230902545136936824e+05
8.307980798079807983e+02 4.950590377303802525e+05
8.308480848084808486e+02 5.090286983546373085e+05
8.308980898089808989e+02 4.933410474392102333e+05
8.309480948094809492e+02 5.058661745527384337e+05
8.309980998099809995e+02 4.971422114486343926e+05
8.310481048104810498e+02 5.013994669059672742e+05
8.310981098109809864e+02 5.209430539606282837e+05
8.311481148114810367e+02 5.343169172470113263e+05
8.311981198119810870e+02 5.086068271735160961e+05
8.312481248124811373e+02 5.239079514617392560e+05
8.312981298129811876e+02 5.285902383359839441e+05
8.313481348134812379e+02 4.898565800479234895e+05
8.313981398139812882e+02 5.160487528008692898e+05
8.314481448144813385e+02 5.381610903330347501e+05
8.314981498149813888e+02 5.130065192560087307e+05
8.315481548154814391e+02 4.991398231270138640e+05
8.315981598159814894e+02 5.309275747495073592e+05
8.316481648164815397e+02 5.310216530720663723e+05
8.316981698169815900e+02 5.098546858056192868e+05
8.317481748174816403e+02 4.979191527663346496e+05
8.317981798179816906e+02 5.272014634163308656e+05
8.318481848184817409e+02 4.928224797797529027e+05
8.318981898189817912e+02 4.968814983118611271e+05
8.319481948194818415e+02 5.161433382192645222e+05
8.319981998199818918e+02 5.343768483488748316e+05
8.320482048204819421e+02 4.979170283300155425e+05
8.320982098209819924e+02 5.101634314179369831e+05
8.321482148214820427e+02 5.090835658566647326e+05
8.321982198219820930e+02 5.144369375021650922e+05
8.322482248224821433e+02 5.026131382981187780e+05
8.322982298229821936e+02 4.908363921818734962e+05
8.323482348234822439e+02 5.240455288559281616e+05
8.323982398239822942e+02 5.133170359891520930e+05
8.324482448244823445e+02 5.166078771017102990e+05
8.324982498249823948e+02 5.243579323551569832e+05
8.325482548254824451e+02 5.184724417240960174e+05
8.325982598259824954e+02 5.074659395288960659e+05
8.326482648264825457e+02 4.926723355860579177e+05
8.326982698269825960e+02 5.229436385267052683e+05
8.327482748274826463e+02 5.330459037271280540e+05
8.327982798279826966e+02 5.339808529257752234e+05
8.328482848284827469e+02 5.248240503720359411e+05
8.328982898289827972e+02 5.007835570948868408e+05
8.329482948294828475e+02 5.381099884803300956e+05
8.329982998299828978e+02 5.357500707896449603e+05
8.330483048304829481e+02 5.241779615920304204e+05
8.330983098309829984e+02 5.042548180737128714e+05
8.331483148314830487e+02 5.012832883628315758e+05
8.331983198319830990e+02 5.278255243943250971e+05
8.332483248324831493e+02 5.213744031496948446e+05
8.332983298329831996e+02 5.260123163656936958e+05
8.333483348334832499e+02 4.897810102032194845e+05
8.333983398339833002e+02 4.913586535175620811e+05
8.334483448344833505e+02 5.168541963620337774e+05
8.334983498349834008e+02 5.134024340818981291e+05
8.335483548354834511e+02 5.203317486687319470e+05
8.335983598359835014e+02 4.935142604088356602e+05
8.336483648364835517e+02 5.101118836433895049e+05
8.336983698369836020e+02 4.896972137525490834e+05
8.337483748374836523e+02 4.950701518958138186e+05
8.337983798379837026e+02 5.211257643359990325e+05
8.338483848384837529e+02 5.037195544386542169e+05
8.338983898389838032e+02 5.315055802794058109e+05
8.339483948394838535e+02 4.901340173512342735e+05
8.339983998399839038e+02 5.138199651171987061e+05
8.340484048404839541e+02 5.310873884123481112e+05
8.340984098409840044e+02 5.330553704075998394e+05
8.341484148414840547e+02 5.081229267624355271e+05
8.341984198419841050e+02 4.955566424055402167e+05
8.342484248424841553e+02 4.950564697025488131e+05
8.342984298429842056e+02 5.376927370114135556e+05
8.343484348434842559e+02 5.214988389064533403e+05
8.343984398439843062e+02 5.369675822119286750e+05
8.344484448444843565e+02 5.385775821859835414e+05
8.344984498449844068e+02 5.381921080338022439e+05
8.345484548454844571e+02 5.270830723542409251e+05
8.345984598459845074e+02 5.218508423163295956e+05
8.346484648464845577e+02 5.277174079102284741e+05
8.346984698469846080e+02 5.317150465275442693e+05
8.347484748474846583e+02 5.004529772923248820e+05
8.347984798479847086e+02 5.362703711469314294e+05
8.348484848484847589e+02 5.384052974294248270e+05
8.348984898489848092e+02 5.203357411183504155e+05
8.349484948494848595e+02 5.081887369657809031e+05
8.349984998499849098e+02 5.186625247560353018e+05
8.350485048504849601e+02 5.313328271082744468e+05
8.350985098509850104e+02 5.133484753718199208e+05
8.351485148514850607e+02 5.081857152707307832e+05
8.351985198519851110e+02 5.022152049374944181e+05
8.352485248524851613e+02 5.193777696419568965e+05
8.352985298529852116e+02 4.978338233881469932e+05
8.353485348534852619e+02 5.042629053728621802e+05
8.353985398539853122e+02 5.037787593366762158e+05
8.354485448544853625e+02 4.953240970399801154e+05
8.354985498549854128e+02 5.164378344710132806e+05
8.355485548554854631e+02 5.197426338965694304e+05
8.355985598559855134e+02 5.355335416644683573e+05
8.356485648564855637e+02 5.314309611168554984e+05
8.356985698569856140e+02 5.086296897274802322e+05
8.357485748574856643e+02 5.204083249542490230e+05
8.357985798579857146e+02 5.001310432783523574e+05
8.358485848584857649e+02 5.345305249935478205e+05
8.358985898589858152e+02 4.985374215245008818e+05
8.359485948594858655e+02 5.039630579137798049e+05
8.359985998599859158e+02 5.019936869968000683e+05
8.360486048604859661e+02 5.376967545478207758e+05
8.360986098609860164e+02 5.328148191365189850e+05
8.361486148614860667e+02 5.052835962238477659e+05
8.361986198619861170e+02 4.990925080285831937e+05
8.362486248624861673e+02 4.946176926258372259e+05
8.362986298629862176e+02 5.262809333161966642e+05
8.363486348634862679e+02 5.168893475561789237e+05
8.363986398639863182e+02 4.938105921834558249e+05
8.364486448644863685e+02 4.921938433388890699e+05
8.364986498649864188e+02 4.963352359535630676e+05
8.365486548654864691e+02 5.125296315754210227e+05
8.365986598659865194e+02 4.932217086847540922e+05
8.366486648664865697e+02 5.217654213356319815e+05
8.366986698669866200e+02 4.995138241543050972e+05
8.367486748674866703e+02 5.178696346554499469e+05
8.367986798679867206e+02 4.910087065665630507e+05
8.368486848684867709e+02 5.375507103895418113e+05
8.368986898689868212e+02 4.965032165372233721e+05
8.369486948694868715e+02 5.355217892471530940e+05
8.369986998699869218e+02 5.271014235661134589e+05
8.370487048704869721e+02 4.881208568403620156e+05
8.370987098709870224e+02 5.070903738958741305e+05
8.371487148714870727e+02 5.230750514898384572e+05
8.371987198719871230e+02 4.885996036073677242e+05
8.372487248724871733e+02 4.940087631053541554e+05
8.372987298729872236e+02 5.338420560859084362e+05
8.373487348734872739e+02 4.942136036298540421e+05
8.373987398739873242e+02 5.207491708378111362e+05
8.374487448744873745e+02 5.329543127381849336e+05
8.374987498749874248e+02 5.131547953497194103e+05
8.375487548754874751e+02 5.166761644618129358e+05
8.375987598759875254e+02 5.077879486627774895e+05
8.376487648764875757e+02 5.058870922531594406e+05
8.376987698769876260e+02 5.204779269505761331e+05
8.377487748774876763e+02 5.304304501433073310e+05
8.377987798779877266e+02 5.233410989426916931e+05
8.378487848784877770e+02 5.266405352653276641e+05
8.378987898789878273e+02 5.157242556007748935e+05
8.379487948794878776e+02 4.983339909787283977e+05
8.379987998799879279e+02 4.938025916142709902e+05
8.380488048804879782e+02 5.256090239714698400e+05
8.380988098809880285e+02 5.360785632689106278e+05
8.381488148814880788e+02 5.234354106906506931e+05
8.381988198819881291e+02 5.196450929090616410e+05
8.382488248824881794e+02 4.958939034141362645e+05
8.382988298829882297e+02 5.287564527531239437e+05
8.383488348834882800e+02 5.079995307569289580e+05
8.383988398839883303e+02 5.206469261787816067e+05
8.384488448844883806e+02 5.343606593951266259e+05
8.384988498849884309e+02 4.968637836909429752e+05
8.385488548854884812e+02 5.242851673320129630e+05
8.385988598859885315e+02 5.331797272669804515e+05
8.386488648864885818e+02 5.331461917210328393e+05
8.386988698869886321e+02 5.023651694308932638e+05
8.387488748874886824e+02 5.144601471221173997e+05
8.387988798879887327e+02 4.954768612619644846e+05
8.388488848884887830e+02 5.155366701996359043e+05
8.388988898889888333e+02 5.168566512394852471e+05
8.389488948894888836e+02 5.149842563613701495e+05
8.389988998899889339e+02 5.035012406210339395e+05
8.390489048904889842e+02 5.177993568723524222e+05
8.390989098909890345e+02 4.964286265541372122e+05
8.391489148914890848e+02 5.115659841256130021e+05
8.391989198919891351e+02 5.368109709928055527e+05
8.392489248924891854e+02 5.066176259437220870e+05
8.392989298929892357e+02 5.048152645729867509e+05
8.393489348934892860e+02 5.310300284983194433e+05
8.393989398939893363e+02 5.384504602894443087e+05
8.394489448944893866e+02 5.217550532485503354e+05
8.394989498949894369e+02 5.091895029258013819e+05
8.395489548954894872e+02 5.240260312196047162e+05
8.395989598959895375e+02 5.366045654857684858e+05
8.396489648964895878e+02 5.037675495865961420e+05
8.396989698969896381e+02 5.372889555391909089e+05
8.397489748974896884e+02 5.336667524794460041e+05
8.397989798979897387e+02 5.353969117133473046e+05
8.398489848984897890e+02 5.130445335446773097e+05
8.398989898989898393e+02 5.093186401668268954e+05
8.399489948994898896e+02 5.157688164570071967e+05
8.399989998999899399e+02 5.206857485422933823e+05
8.400490049004899902e+02 5.223480758440067293e+05
8.400990099009900405e+02 5.334460036585044581e+05
8.401490149014900908e+02 5.076106286696994794e+05
8.401990199019901411e+02 5.207343900870148791e+05
8.402490249024901914e+02 5.120057800054700929e+05
8.402990299029902417e+02 5.171043858406392974e+05
8.403490349034902920e+02 5.086340020304784412e+05
8.403990399039903423e+02 5.354522658384266542e+05
8.404490449044903926e+02 5.350911135091691976e+05
8.404990499049904429e+02 4.946151831430729362e+05
8.405490549054904932e+02 4.948916667042961344e+05
8.405990599059905435e+02 5.223016327917655581e+05
8.406490649064905938e+02 5.099581140219118097e+05
8.406990699069906441e+02 5.346236644137072144e+05
8.407490749074906944e+02 4.936169631317133899e+05
8.407990799079907447e+02 5.282579428311275551e+05
8.408490849084907950e+02 4.975331984708220698e+05
8.408990899089908453e+02 5.114642323049352271e+05
8.409490949094908956e+02 5.152399178565482725e+05
8.409990999099909459e+02 5.249779642833964899e+05
8.410491049104909962e+02 4.987030373614117270e+05
8.410991099109910465e+02 4.976855829382206430e+05
8.411491149114910968e+02 5.344688537754851859e+05
8.411991199119911471e+02 5.479942242628679378e+05
8.412491249124911974e+02 5.229204169050598866e+05
8.412991299129912477e+02 5.269765373223628849e+05
8.413491349134912980e+02 5.223177213989312877e+05
8.413991399139913483e+02 5.064206545166569413e+05
8.414491449144913986e+02 5.200710166874952265e+05
8.414991499149914489e+02 5.375646290437020361e+05
8.415491549154914992e+02 5.351032021865175338e+05
8.415991599159915495e+02 5.329562554430882446e+05
8.416491649164915998e+02 5.189487041665015859e+05
8.416991699169916501e+02 5.233040145031752763e+05
8.417491749174917004e+02 5.333105034750110935e+05
8.417991799179917507e+02 5.361122055980681907e+05
8.418491849184918010e+02 5.602501996992150089e+05
8.418991899189918513e+02 5.401042653608401306e+05
8.419491949194919016e+02 5.384529249640059425e+05
8.419991999199919519e+02 5.859118431807038141e+05
8.420492049204920022e+02 5.852112141047384357e+05
8.420992099209920525e+02 5.933547898506238125e+05
8.421492149214921028e+02 5.825742992649585940e+05
8.421992199219921531e+02 5.801723176332019502e+05
8.422492249224922034e+02 5.799704224848103477e+05
8.422992299229922537e+02 6.069867036444874248e+05
8.423492349234923040e+02 5.796970152957797982e+05
8.423992399239923543e+02 5.619661248368609231e+05
8.424492449244924046e+02 6.079733827072432032e+05
8.424992499249924549e+02 5.920051839226343436e+05
8.425492549254925052e+02 5.904699833442470990e+05
8.425992599259925555e+02 6.198286817352115177e+05
8.426492649264926058e+02 5.922727142266338924e+05
8.426992699269926561e+02 6.191096202526439447e+05
8.427492749274927064e+02 6.049463349674014607e+05
8.427992799279927567e+02 6.303224946925911354e+05
8.428492849284928070e+02 5.860527559474738082e+05
8.428992899289928573e+02 6.225691735374127747e+05
8.429492949294929076e+02 6.224709379285044270e+05
8.429992999299929579e+02 5.937556169897544896e+05
8.430493049304930082e+02 5.874252425143416040e+05
8.430993099309930585e+02 6.006945633391117444e+05
8.431493149314931088e+02 6.277065307610165328e+05
8.431993199319931591e+02 6.180803189362173434e+05
8.432493249324932094e+02 6.335719467572243884e+05
8.432993299329932597e+02 5.870750624201586470e+05
8.433493349334933100e+02 6.070614617943074554e+05
8.433993399339933603e+02 5.878077572090228787e+05
8.434493449344934106e+02 6.215424170547265094e+05
8.434993499349934609e+02 5.904398260606051190e+05
8.435493549354935112e+02 5.952752600222943584e+05
8.435993599359935615e+02 5.839273092122161761e+05
8.436493649364936118e+02 5.913479727469692007e+05
8.436993699369936621e+02 5.828287063431880670e+05
8.437493749374937124e+02 5.823687523552255007e+05
8.437993799379937627e+02 6.000089320140923373e+05
8.438493849384938130e+02 5.901954543703234522e+05
8.438993899389938633e+02 5.952156301501300186e+05
8.439493949394939136e+02 5.595040858148043044e+05
8.439993999399939639e+02 5.839542285562716424e+05
8.440494049404940142e+02 5.497202281335573643e+05
8.440994099409940645e+02 5.484981564278837759e+05
8.441494149414941148e+02 5.682455242918907898e+05
8.441994199419941651e+02 5.429094693593278062e+05
8.442494249424942154e+02 5.739431556624032091e+05
8.442994299429942657e+02 5.477272211260100594e+05
8.443494349434943160e+02 5.254580276136919856e+05
8.443994399439943663e+02 5.189572373372250004e+05
8.444494449444944166e+02 5.587388753214309691e+05
8.444994499449944669e+02 5.374012801623190753e+05
8.445494549454945172e+02 5.362313014472463401e+05
8.445994599459945675e+02 5.197875649659224437e+05
8.446494649464946178e+02 5.446704629785816651e+05
8.446994699469946681e+02 5.439619910017957445e+05
8.447494749474947184e+02 5.441663925936185988e+05
8.447994799479947687e+02 5.248475924666280625e+05
8.448494849484948190e+02 5.040984741339103202e+05
8.448994899489948693e+02 5.462623355582242366e+05
8.449494949494949196e+02 5.268052968915550737e+05
8.449994999499949699e+02 5.026819785699353088e+05
8.450495049504950202e+02 5.171270146765640820e+05
8.450995099509950705e+02 4.928475670464778668e+05
8.451495149514951208e+02 5.407010626067635603e+05
8.451995199519951711e+02 5.131520756702793296e+05
8.452495249524952214e+02 5.024478621752608451e+05
8.452995299529952717e+02 4.957433462719025556e+05
8.453495349534953220e+02 5.004552323834002018e+05
8.453995399539953723e+02 4.968878199580464279e+05
8.454495449544954226e+02 5.146949064282847685e+05
8.454995499549954729e+02 5.172684448848612956e+05
8.455495549554955232e+02 5.184660549486504751e+05
8.455995599559955735e+02 5.337094015226111514e+05
8.456495649564956238e+02 5.114768486397654633e+05
8.456995699569956741e+02 5.022658413018868305e+05
8.457495749574957244e+02 4.900309210617935751e+05
8.457995799579957747e+02 5.295240950673738262e+05
8.458495849584958250e+02 5.079727947808341705e+05
8.458995899589958753e+02 5.104077409809813835e+05
8.459495949594959257e+02 4.907048717026105151e+05
8.459995999599959760e+02 5.298964745222241618e+05
8.460496049604960263e+02 5.073291405545228627e+05
8.460996099609960766e+02 4.874265280878668418e+05
8.461496149614961269e+02 5.244683833832510281e+05
8.461996199619961772e+02 5.204112048845945392e+05
8.462496249624962275e+02 5.110616463434988400e+05
8.462996299629962778e+02 5.122097599888733239e+05
8.463496349634963281e+02 4.875720480176650453e+05
8.463996399639963784e+02 5.361667683573400136e+05
8.464496449644964287e+02 5.361323388241741341e+05
8.464996499649964790e+02 5.199757079231167445e+05
8.465496549654965293e+02 5.275256918425385375e+05
8.465996599659965796e+02 5.307579971047500148e+05
8.466496649664966299e+02 4.987210585679640062e+05
8.466996699669966802e+02 4.909325001470976276e+05
8.467496749674967305e+02 5.228731380972198676e+05
8.467996799679967808e+02 5.323186335630764952e+05
8.468496849684968311e+02 5.348719686447947752e+05
8.468996899689968814e+02 4.924658222564933239e+05
8.469496949694969317e+02 5.077975802317034686e+05
8.469996999699969820e+02 5.255493836937122978e+05
8.470497049704970323e+02 5.198113773401511135e+05
8.470997099709970826e+02 5.200949764129737159e+05
8.471497149714971329e+02 4.909565687859997270e+05
8.471997199719971832e+02 4.999412639370172401e+05
8.472497249724972335e+02 4.950409514257395058e+05
8.472997299729972838e+02 4.944342591151015949e+05
8.473497349734973341e+02 5.078712216026274837e+05
8.473997399739973844e+02 5.329123716098619625e+05
8.474497449744974347e+02 4.922143335505564464e+05
8.474997499749974850e+02 5.168479234292738838e+05
8.475497549754975353e+02 5.336340268013876630e+05
8.475997599759975856e+02 5.238708046643984271e+05
8.476497649764976359e+02 4.988326819134866819e+05
8.476997699769976862e+02 5.098249869393741828e+05
8.477497749774977365e+02 5.139426828467627056e+05
8.477997799779977868e+02 5.207452964111752226e+05
8.478497849784978371e+02 4.988209723965614103e+05
8.478997899789978874e+02 4.996773295520279207e+05
8.479497949794979377e+02 5.254986213752896292e+05
8.479997999799979880e+02 5.364073450410502264e+05
8.480498049804980383e+02 5.280169073427200783e+05
8.480998099809980886e+02 5.361080334894465050e+05
8.481498149814981389e+02 4.884366948763622204e+05
8.481998199819981892e+02 5.139546137507799431e+05
8.482498249824982395e+02 4.946183929625222227e+05
8.482998299829982898e+02 5.217683667185975937e+05
8.483498349834983401e+02 5.186903700140444562e+05
8.483998399839983904e+02 4.950038710906149936e+05
8.484498449844984407e+02 5.181176015725423931e+05
8.484998499849984910e+02 4.906213064126192476e+05
8.485498549854985413e+02 5.139830404753760668e+05
8.485998599859985916e+02 5.174998711690407363e+05
8.486498649864986419e+02 5.266448609570730478e+05
8.486998699869986922e+02 5.087557979893875308e+05
8.487498749874987425e+02 5.267821586502844002e+05
8.487998799879987928e+02 5.327327674610936083e+05
8.488498849884988431e+02 5.129251281901280745e+05
8.488998899889988934e+02 5.053373628276959062e+05
8.489498949894989437e+02 5.217934935710888240e+05
8.489998999899989940e+02 5.004827137326090597e+05
8.490499049904990443e+02 4.999421987839125795e+05
8.490999099909990946e+02 5.169506671694833785e+05
8.491499149914991449e+02 5.269044783372350503e+05
8.491999199919991952e+02 4.965669866407862864e+05
8.492499249924992455e+02 4.887926404735819669e+05
8.492999299929992958e+02 5.243399331004270352e+05
8.493499349934993461e+02 5.052023375599473366e+05
8.493999399939993964e+02 5.208600485444777296e+05
8.494499449944994467e+02 5.231786793998716166e+05
8.494999499949994970e+02 5.259687809620335465e+05
8.495499549954995473e+02 5.138751716323467554e+05
8.495999599959995976e+02 5.082074028585253400e+05
8.496499649964996479e+02 4.909632129602549830e+05
8.496999699969996982e+02 5.235043826688242843e+05
8.497499749974997485e+02 5.375767492487778654e+05
8.497999799979997988e+02 5.225847609643819160e+05
8.498499849984998491e+02 5.255858145353185246e+05
8.498999899989998994e+02 4.874280704927886254e+05
8.499499949994999497e+02 4.870600445548042189e+05
8.500000000000000000e+02 5.370378626845381223e+05
