Wavelength               Intensity
3.500000000000000000e+02 3.348517510291517936e-72
3.500500050005000503e+02 9.915282965235134293e-72
3.501000100010001006e+02 2.925873561283612934e-71
3.501500150015001509e+02 8.604069791956035473e-71
3.502000200020002012e+02 2.521449342787434248e-70
3.502500250025002515e+02 7.363673913275582388e-70
3.503000300030003018e+02 2.143072447020272638e-69
3.503500350035003521e+02 6.215515962521961955e-69
3.504000400040004024e+02 1.796451821452253223e-68
3.504500450045004527e+02 5.174305228276323317e-68
3.505000500050005030e+02 1.485205745385140952e-67
3.505500550055005533e+02 4.248340633536614728e-67
3.506000600060006036e+02 1.211016897758223791e-66
3.506500650065006539e+02 3.440164918877635447e-66
3.507000700070007042e+02 9.738824465093393157e-66
3.507500750075007545e+02 2.747464290737860643e-65
3.508000800080008048e+02 7.724241545059969724e-65
3.508500850085008551e+02 2.164103040533511843e-64
3.509000900090009054e+02 6.042245295245387838e-64
3.509500950095009557e+02 1.681191269432500558e-63
3.510001000100010060e+02 4.661592278321394270e-63
3.510501050105010563e+02 1.288100831808050257e-62
3.511001100110011066e+02 3.547021987969376619e-62
3.511501150115011569e+02 9.733664561903609483e-62
3.512001200120012072e+02 2.661873274963443847e-61
3.512501250125012575e+02 7.254323392556088457e-61
3.513001300130013078e+02 1.970175959072132269e-60
3.513501350135013581e+02 5.332264900898227656e-60
3.514001400140014084e+02 1.438192592077714098e-59
3.514501450145014587e+02 3.865636736765491176e-59
3.515001500150015090e+02 1.035437110395165994e-58
3.515501550155015593e+02 2.763917901803708188e-58
3.516001600160016096e+02 7.352335402270838444e-58
3.516501650165016599e+02 1.949055809982563946e-57
3.517001700170017102e+02 5.148990202878972389e-57
3.517501750175017605e+02 1.355559908819976854e-56
3.518001800180018108e+02 3.556429964369339126e-56
3.518501850185018611e+02 9.298410911207935684e-56
3.519001900190019114e+02 2.422714129284024102e-55
3.519501950195019617e+02 6.290636770826202190e-55
3.520002000200020120e+02 1.627743918515849873e-54
3.520502050205020623e+02 4.197363919049862468e-54
3.521002100210021126e+02 1.078614554726694036e-53
3.521502150215021629e+02 2.762199691626377274e-53
3.522002200220022132e+02 7.049252234523398588e-53
3.522502250225022635e+02 1.792793416411220750e-52
3.523002300230023138e+02 4.543773817409008558e-52
3.523502350235023641e+02 1.147631492062228160e-51
3.524002400240024144e+02 2.888600919479388292e-51
3.524502450245024647e+02 7.245560848202423716e-51
3.525002500250025150e+02 1.811156111034450297e-50
3.525502550255025653e+02 4.511689653437489628e-50
3.526002600260026156e+02 1.120010376589972329e-49
3.526502650265026659e+02 2.770795102719700792e-49
3.527002700270027162e+02 6.831032551941067684e-49
3.527502750275027665e+02 1.678293524672763322e-48
3.528002800280028168e+02 4.109123044831668522e-48
3.528502850285028671e+02 1.002605492348571878e-47
3.529002900290029174e+02 2.437871230749173447e-47
3.529502950295029677e+02 5.907330087100597609e-47
3.530003000300030180e+02 1.426499269301692426e-46
3.530503050305030683e+02 3.432825687869203347e-46
3.531003100310031186e+02 8.232502625021930763e-46
3.531503150315031689e+02 1.967487487397398610e-45
3.532003200320032192e+02 4.685890130547110268e-45
3.532503250325032695e+02 1.112172858618055996e-44
3.533003300330033198e+02 2.630586574121840169e-44
3.533503350335033701e+02 6.200590782242516429e-44
3.534003400340034204e+02 1.456510951463766619e-43
3.534503450345034707e+02 3.409531450210474369e-43
3.535003500350035210e+02 7.953823681916829628e-43
3.535503550355035713e+02 1.849088002604989680e-42
3.536003600360036216e+02 4.283902875287363996e-42
3.536503650365036719e+02 9.890588119239555997e-42
3.537003700370037222e+02 2.275648258727537255e-41
3.537503750375037725e+02 5.217815569663381008e-41
3.538003800380038228e+02 1.192265392247332246e-40
3.538503850385038731e+02 2.714924958533972619e-40
3.539003900390039234e+02 6.160890012043491155e-40
3.539503950395039737e+02 1.393252625246473034e-39
3.540004000400040240e+02 3.139909491887990979e-39
3.540504050405040743e+02 7.051886137041522720e-39
3.541004100410041247e+02 1.578317648271390032e-38
3.541504150415041750e+02 3.520339526718572262e-38
3.542004200420042253e+02 7.824845445108002018e-38
3.542504250425042756e+02 1.733277586835818921e-37
3.543004300430043259e+02 3.826147174303190227e-37
3.543504350435043762e+02 8.416983580414374959e-37
3.544004400440044265e+02 1.845238932243365871e-36
3.544504450445044768e+02 4.031346440144127408e-36
3.545004500450045271e+02 8.777060276286554247e-36
3.545504550455045774e+02 1.904362195664976673e-35
3.546004600460046277e+02 4.117670572899204789e-35
3.546504650465046780e+02 8.872689598808149629e-35
3.547004700470047283e+02 1.905288243950525890e-34
3.547504750475047786e+02 4.077254909807565581e-34
3.548004800480048289e+02 8.695146166304484447e-34
3.548504850485048223e+02 1.847939824813932329e-33
3.549004900490048726e+02 3.913819106721880351e-33
3.549504950495049229e+02 8.260678699204929671e-33
3.550005000500049732e+02 1.737532119895356608e-32
3.550505050505050235e+02 3.642102431417368900e-32
3.551005100510050738e+02 7.608056817604531631e-32
3.551505150515051241e+02 1.583790345617760285e-31
3.552005200520051744e+02 3.285670920645386581e-31
3.552505250525052247e+02 6.792864366384463405e-31
3.553005300530052750e+02 1.399537070962284468e-30
3.553505350535053253e+02 2.873548515571676631e-30
3.554005400540053756e+02 5.879703224121260244e-30
3.554505450545054259e+02 1.198933523346234868e-29
3.555005500550054762e+02 2.436338961140725696e-29
3.555505550555055265e+02 4.933820098202617062e-29
3.556005600560055768e+02 9.957079781825076752e-29
3.556505650565056271e+02 2.002552119974709578e-28
3.557005700570056774e+02 4.013644664417017625e-28
3.557505750575057277e+02 8.016731789258420843e-28
3.558005800580057780e+02 1.595729291573182393e-27
3.558505850585058283e+02 3.165370873236888367e-27
3.559005900590058786e+02 6.257395428058152964e-27
3.559505950595059289e+02 1.232725293876724892e-26
3.560006000600059792e+02 2.420152969722137320e-26
3.560506050605060295e+02 4.735035364496927510e-26
3.561006100610060798e+02 9.232251669369758897e-26
3.561506150615061301e+02 1.793891367781631221e-25
3.562006200620061804e+02 3.473672286731569185e-25
3.562506250625062307e+02 6.703256663690775620e-25
3.563006300630062810e+02 1.289101929260597910e-24
3.563506350635063313e+02 2.470547332053021919e-24
3.564006400640063816e+02 4.718497365704388385e-24
3.564506450645064319e+02 8.980881823737345804e-24
3.565006500650064822e+02 1.703488019488527539e-23
3.565506550655065325e+02 3.220061264802981670e-23
3.566006600660065828e+02 6.065886067141414568e-23
3.566506650665066331e+02 1.138753020503389068e-22
3.567006700670066834e+02 2.130444040478461640e-22
3.567506750675067337e+02 3.972063073243557077e-22
3.568006800680067840e+02 7.380192295400820175e-22
3.568506850685068343e+02 1.366547963467093779e-21
3.569006900690068846e+02 2.521667758634282639e-21
3.569506950695069349e+02 4.637210003991294407e-21
3.570007000700069852e+02 8.498293062635475777e-21
3.570507050705070355e+02 1.552075399556776099e-20
3.571007100710070858e+02 2.824881489037696712e-20
3.571507150715071361e+02 5.123822675052076865e-20
3.572007200720071864e+02 9.261781448420532198e-20
3.572507250725072367e+02 1.668405776839841944e-19
3.573007300730072870e+02 2.995130173905079741e-19
3.573507350735073373e+02 5.358419686544678510e-19
3.574007400740073876e+02 9.553552669646681454e-19
3.574507450745074379e+02 1.697463253373870318e-18
3.575007500750074882e+02 3.005683973032605288e-18
3.575507550755075385e+02 5.303882073286565798e-18
3.576007600760075889e+02 9.327218921640356185e-18
3.576507650765076392e+02 1.634626023074079028e-17
3.577007700770076895e+02 2.854912072135787531e-17
3.577507750775077398e+02 4.969072366117073580e-17
3.578007800780077901e+02 8.619187548585909524e-17
3.578507850785078404e+02 1.489930245872140891e-16
3.579007900790078907e+02 2.566695288303347090e-16
3.579507950795079410e+02 4.406478335670520794e-16
3.580008000800079913e+02 7.539075546655470403e-16
3.580508050805080416e+02 1.285446084335868188e-15
3.581008100810080919e+02 2.184233874869679082e-15
3.581508150815081422e+02 3.698742554728620174e-15
3.582008200820081925e+02 6.241930914278244213e-15
3.582508250825082428e+02 1.049769371051304172e-14
3.583008300830082931e+02 1.759458894180337823e-14
3.583508350835083434e+02 2.938832583717589688e-14
3.584008400840083937e+02 4.891941681031843852e-14
3.584508450845084440e+02 8.115188505424705660e-14
3.585008500850084943e+02 1.341612475729737980e-13
3.585508550855085446e+02 2.210379886419267834e-13
3.586008600860085949e+02 3.629262104818340323e-13
3.586508650865086452e+02 5.938565631544863545e-13
3.587008700870086955e+02 9.684045794169978655e-13
3.587508750875087458e+02 1.573781353126075838e-12
3.588008800880087961e+02 2.548851227834540245e-12
3.588508850885088464e+02 4.113934370795995620e-12
3.589008900890088967e+02 6.617337194825869504e-12
3.589508950895089470e+02 1.060773018175488146e-11
3.590009000900089973e+02 1.694631290646412040e-11
3.590509050905090476e+02 2.697999128524814655e-11
3.591009100910090979e+02 4.280775882315819177e-11
3.591509150915091482e+02 6.768891618693209946e-11
3.592009200920091985e+02 1.066663168236324580e-10
3.592509250925092488e+02 1.675143437189787756e-10
3.593009300930092991e+02 2.621754137272344742e-10
3.593509350935093494e+02 4.089286035976728940e-10
3.594009400940093997e+02 6.356512333368231935e-10
3.594509450945094500e+02 9.847057941495948317e-10
3.595009500950095003e+02 1.520234598989273438e-09
3.595509550955095506e+02 2.339007329672549872e-09
3.596009600960096009e+02 3.586490982492463011e-09
3.596509650965096512e+02 5.480566352248057187e-09
3.597009700970097015e+02 8.346396782372642034e-09
3.597509750975097518e+02 1.266749861448702650e-08
3.598009800980098021e+02 1.916025678097984537e-08
3.598509850985098524e+02 2.888223408510201096e-08
3.599009900990099027e+02 4.338899860651111100e-08
3.599509950995099530e+02 6.496033415120410414e-08
3.600010001000100033e+02 9.692527838065727351e-08
3.600510051005100536e+02 1.441273695088651207e-07
3.601010101010101039e+02 2.135880164235772466e-07
3.601510151015101542e+02 3.154487099180769997e-07
3.602010201020102045e+02 4.643041033071331436e-07
3.602510251025102548e+02 6.810807934855221700e-07
3.603010301030103051e+02 9.956748864577484735e-07
3.603510351035103554e+02 1.450640356539827007e-06
3.604010401040104057e+02 2.106326659453371307e-06
3.604510451045104560e+02 3.048006983645965857e-06
3.605010501050105063e+02 4.395729538637384147e-06
3.605510551055105566e+02 6.317878385100209023e-06
3.606010601060106069e+02 9.049766770767174364e-06
3.606510651065106572e+02 1.291902934102251066e-05
3.607010701070107075e+02 1.838016115643582548e-05
3.607510751075107578e+02 2.606131055224187787e-05
3.608010801080108081e+02 3.682741889782113260e-05
3.608510851085108584e+02 5.186507478866722863e-05
3.609010901090109087e+02 7.279608930312305511e-05
3.609510951095109590e+02 1.018288963522283368e-04
3.610011001100110093e+02 1.419595522326517383e-04
3.610511051105110596e+02 1.972374899454556888e-04
3.611011101110111099e+02 2.731154435488737263e-04
3.611511151115111602e+02 3.769082950042083077e-04
3.612011201120112105e+02 5.183922465401962507e-04
3.612511251125112608e+02 7.105839623501122339e-04
3.613011301130113111e+02 9.707494763337452598e-04
3.613511351135113614e+02 1.321705098105464132e-03
3.614011401140114117e+02 1.793487689436523789e-03
3.614511451145114620e+02 2.425490002221091131e-03
3.615011501150115123e+02 3.269178793709694945e-03
3.615511551155115626e+02 4.391539741109778440e-03
3.616011601160116129e+02 5.879424384605395557e-03
3.616511651165116632e+02 7.845011086818376098e-03
3.617011701170117135e+02 1.043263497624075803e-02
3.617511751175117638e+02 1.382729170640202912e-02
3.618011801180118141e+02 1.826517724294944231e-02
3.618511851185118644e+02 2.404669134980999198e-02
3.619011901190119147e+02 3.155240643142263185e-02
3.619511951195119650e+02 4.126258618029576136e-02
3.620012001200120153e+02 5.378093012456893612e-02
3.620512051205120656e+02 6.986332040858725390e-02
3.621012101210121159e+02 9.045245532026638391e-02
3.621512151215121662e+02 1.167193690701859993e-01
3.622012201220122165e+02 1.501129574178400039e-01
3.622512251225122668e+02 1.924187515394666648e-01
3.623012301230123171e+02 2.458283048686105698e-01
3.623512351235123674e+02 3.130206754696200355e-01
3.624012401240124177e+02 3.972575948224098541e-01
3.624512451245124680e+02 5.024940066784380210e-01
3.625012501250125183e+02 6.335057298072525045e-01
3.625512551255125686e+02 7.960360378425563876e-01
3.626012601260126189e+02 9.969629488903531955e-01
3.626512651265126692e+02 1.244488966993491541e+00
3.627012701270127195e+02 1.548354906114465690e+00
3.627512751275127698e+02 1.920079243639651212e+00
3.628012801280128201e+02 2.373224182958856066e+00
3.628512851285128704e+02 2.923689242069734018e+00
3.629012901290129207e+02 3.590032716722396433e+00
3.629512951295129710e+02 4.393820782944425574e+00
3.630013001300130213e+02 5.360003297374261066e+00
3.630513051305130716e+02 6.517314519818003582e+00
3.631013101310131219e+02 7.898696019361970855e+00
3.631513151315131722e+02 9.541737935930688863e+00
3.632013201320132225e+02 1.148913356104156591e+01
3.632513251325132728e+02 1.378914088801475124e+01
3.633013301330133231e+02 1.649604338270720660e+01
3.633513351335133734e+02 1.967060076742071573e+01
3.634013401340134237e+02 2.338047912657079763e+01
3.634513451345134740e+02 2.770064817377114608e+01
3.635013501350135243e+02 3.271373211393142100e+01
3.635513551355135746e+02 3.851029924495023948e+01
3.636013601360136249e+02 4.518907433128505602e+01
3.636513651365136752e+02 5.285705690997629347e+01
3.637013701370137255e+02 6.162952812498120636e+01
3.637513751375137758e+02 7.162992849474078128e+01
3.638013801380138261e+02 8.298958926553851256e+01
3.638513851385138764e+02 9.584730074942605427e+01
3.639013901390139267e+02 1.103487023425292364e+02
3.639513951395139770e+02 1.266454808088000306e+02
3.640014001400140273e+02 1.448943659231330798e+02
3.640514051405140776e+02 1.652559157066116882e+02
3.641014101410141279e+02 1.878930872461692161e+02
3.641514151415141214e+02 2.129695934397756503e+02
3.642014201420141717e+02 2.406480508916070562e+02
3.642514251425142220e+02 2.710879295187571074e+02
3.643014301430142723e+02 3.044433201198905863e+02
3.643514351435143226e+02 3.408605420649327016e+02
3.644014401440143729e+02 3.804756192469024541e+02
3.644514451445144232e+02 4.234116583211304032e+02
3.645014501450144735e+02 4.697761688609172666e+02
3.645514551455145238e+02 5.196583701891630653e+02
3.646014601460145741e+02 5.731265341065791290e+02
3.646514651465146244e+02 6.302254163362825921e+02
3.647014701470146747e+02 6.909738320602122030e+02
3.647514751475147250e+02 7.553624322716752886e+02
3.648014801480147753e+02 8.233517376730630986e+02
3.648514851485148256e+02 8.948704854039294787e+02
3.649014901490148759e+02 9.698143409270006714e+02
3.649514951495149262e+02 1.048045022907474959e+03
3.650015001500149765e+02 1.129389882921684602e+03
3.650515051505150268e+02 1.213641974402841925e+03
3.651015101510150771e+02 1.300560636502957550e+03
3.651515151515151274e+02 1.389872608699162356e+03
3.652015201520151777e+02 1.481273681223245148e+03
3.652515251525152280e+02 1.574430875008867361e+03
3.653015301530152783e+02 1.668985133127735708e+03
3.653515351535153286e+02 1.764554493943844591e+03
3.654015401540153789e+02 1.860737704786414497e+03
3.654515451545154292e+02 1.957118224162214801e+03
3.655015501550154795e+02 2.053268550721485099e+03
3.655515551555155298e+02 2.148754808662060896e+03
3.656015601560155801e+02 2.243141512274294200e+03
3.656515651565156304e+02 2.335996427122671776e+03
3.657015701570156807e+02 2.426895442104664198e+03
3.657515751575157310e+02 2.515427365440631547e+03
3.658015801580157813e+02 2.601198558584329476e+03
3.658515851585158316e+02 2.683837325089549722e+03
3.659015901590158819e+02 2.762997976546662812e+03
3.659515951595159322e+02 2.838364504671925260e+03
3.660016001600159825e+02 2.909653797292523450e+03
3.660516051605160328e+02 2.976618346070603820e+03
3.661016101610160831e+02 3.039048405056676074e+03
3.661516151615161334e+02 3.096773571232038194e+03
3.662016201620161837e+02 3.149663770746264618e+03
3.662516251625162340e+02 3.197629647226590805e+03
3.663016301630162843e+02 3.240622360982551982e+03
3.663516351635163346e+02 3.278632819818722055e+03
3.664016401640163849e+02 3.311690373195398024e+03
3.664516451645164352e+02 3.339861011371403492e+03
3.665016501650164855e+02 3.363245119700064606e+03
3.665516551655165358e+02 3.381974845252606883e+03
3.666016601660165861e+02 3.396211138291772841e+03
3.666516651665166364e+02 3.406140534745475634e+03
3.667016701670166867e+02 3.411971747725099249e+03
3.667516751675167370e+02 3.413932136336608892e+03
3.668016801680167873e+02 3.412264118634860552e+03
3.668516851685168376e+02 3.407221592704496288e+03
3.669016901690168879e+02 3.399066425682641238e+03
3.669516951695169382e+02 3.388065065264674558e+03
3.670017001700169885e+02 3.374485322070146594e+03
3.670517051705170388e+02 3.358593364417452449e+03
3.671017101710170891e+02 3.340650959792296817e+03
3.671517151715171394e+02 3.320912989820629264e+03
3.672017201720171897e+02 3.299625258083854078e+03
3.672517251725172400e+02 3.277022602837471823e+03
3.673017301730172903e+02 3.253327319785878899e+03
3.673517351735173406e+02 3.228747893671624297e+03
3.674017401740173909e+02 3.203478031674294471e+03
3.674517451745174412e+02 3.177695986569553952e+03
3.675017501750174915e+02 3.151564153330647514e+03
3.675517551755175418e+02 3.125228919391563068e+03
3.676017601760175921e+02 3.098820746135212630e+03
3.676517651765176424e+02 3.072454457299602836e+03
3.677017701770176927e+02 3.046229708866910642e+03
3.677517751775177430e+02 3.020231614554986663e+03
3.678017801780177933e+02 2.994531501194457178e+03
3.678517851785178436e+02 2.969187768964833140e+03
3.679017901790178939e+02 2.944246832591521979e+03
3.679517951795179442e+02 2.919744121082308993e+03
3.680018001800179945e+02 2.895705115318090975e+03
3.680518051805180448e+02 2.872146404723983323e+03
3.681018101810180951e+02 2.849076746255855596e+03
3.681518151815181454e+02 2.826498110974776409e+03
3.682018201820181957e+02 2.804406705489009710e+03
3.682518251825182460e+02 2.782793957471954855e+03
3.683018301830182963e+02 2.761647456277989932e+03
3.683518351835183466e+02 2.740951841350909945e+03
3.684018401840183969e+02 2.720689632636299848e+03
3.684518451845184472e+02 2.700841998564320875e+03
3.685018501850184975e+02 2.681389458365620612e+03
3.685518551855185478e+02 2.662312516530322227e+03
3.686018601860185981e+02 2.643592228133076787e+03
3.686518651865186484e+02 2.625210694544630769e+03
3.687018701870186987e+02 2.607151489752669477e+03
3.687518751875187490e+02 2.589400018142498539e+03
3.688018801880187993e+02 2.571943805160961801e+03
3.688518851885188496e+02 2.554772722821798197e+03
3.689018901890188999e+02 2.537879152520899424e+03
3.689518951895189502e+02 2.521258088124913229e+03
3.690019001900190005e+02 2.504907182780656967e+03
3.690519051905190508e+02 2.488826743365706534e+03
3.691019101910191011e+02 2.473019676957057072e+03
3.691519151915191514e+02 2.457491394125671377e+03
3.692019201920192017e+02 2.442249674257106108e+03
3.692519251925192521e+02 2.427304498436657013e+03
3.693019301930193024e+02 2.412667855704445628e+03
3.693519351935193527e+02 2.398353528663668385e+03
3.694019401940194030e+02 2.384376864497163751e+03
3.694519451945194533e+02 2.370754537397993772e+03
3.695019501950195036e+02 2.357504308236997986e+03
3.695519551955195539e+02 2.344644786965837284e+03
3.696019601960196042e+02 2.332195202784473167e+03
3.696519651965196545e+02 2.320175186489424505e+03
3.697019701970197048e+02 2.308604568671211382e+03
3.697519751975197551e+02 2.297503196560252036e+03
3.698019801980198054e+02 2.286890771350274917e+03
3.698519851985198557e+02 2.276786706782902456e+03
3.699019901990199060e+02 2.267210008688179187e+03
3.699519951995199563e+02 2.258179174079413770e+03
3.700020002000200066e+02 2.249712107337122688e+03
3.700520052005200569e+02 2.241826050028756526e+03
3.701020102010201072e+02 2.234537520042589222e+03
3.701520152015201575e+02 2.227862255009798446e+03
3.702020202020202078e+02 2.221815154490537680e+03
3.702520252025202581e+02 2.216410215146402152e+03
3.703020302030203084e+02 2.211660453145866995e+03
3.703520352035203587e+02 2.207577808376183839e+03
3.704020402040204090e+02 2.204173025679946932e+03
3.704520452045204593e+02 2.201455509300630638e+03
3.705020502050205096e+02 2.199433147998410732e+03
3.705520552055205599e+02 2.198112109860403507e+03
3.706020602060206102e+02 2.197496607636576755e+03
3.706520652065206605e+02 2.197588637426496916e+03
3.707020702070207108e+02 2.198387695648897989e+03
3.707520752075207611e+02 2.199890481357654608e+03
3.708020802080208114e+02 2.202090593023292058e+03
3.708520852085208617e+02 2.204978230768855155e+03
3.709020902090209120e+02 2.208539916618363804e+03
3.709520952095209623e+02 2.212758246470999893e+03
3.710021002100210126e+02 2.217611688147154382e+03
3.710521052105210629e+02 2.223074439869023081e+03
3.711021102110211132e+02 2.229116362864128860e+03
3.711521152115211635e+02 2.235703000366758715e+03
3.712021202120212138e+02 2.242795693124710851e+03
3.712521252125212641e+02 2.250351798618880821e+03
3.713021302130213144e+02 2.258325017634706455e+03
3.713521352135213647e+02 2.266665827693233041e+03
3.714021402140214150e+02 2.275322018303953882e+03
3.714521452145214653e+02 2.284239318228542288e+03
3.715021502150215156e+02 2.293362100164282310e+03
3.715521552155215659e+02 2.302634143712947662e+03
3.716021602160216162e+02 2.311999433453244819e+03
3.716521652165216665e+02 2.321402965641494120e+03
3.717021702170217168e+02 2.330791534770960425e+03
3.717521752175217671e+02 2.340114470141159927e+03
3.718021802180218174e+02 2.349324292896379120e+03
3.718521852185218677e+02 2.358377265801424528e+03
3.719021902190219180e+02 2.367233811375292134e+03
3.719521952195219683e+02 2.375858778864137093e+03
3.720022002200220186e+02 2.384221546781750476e+03
3.720522052205220689e+02 2.392295955171220612e+03
3.721022102210221192e+02 2.400060070054809330e+03
3.721522152215221695e+02 2.407495791375908084e+03
3.722022202220222198e+02 2.414588324672341514e+03
3.722522252225222701e+02 2.421325545287395926e+03
3.723022302230223204e+02 2.427697291636910904e+03
3.723522352235223707e+02 2.433694630425809919e+03
3.724022402240224210e+02 2.439309141295590507e+03
3.724522452245224713e+02 2.444532270794192755e+03
3.725022502250225216e+02 2.449354805484481858e+03
3.725522552255225719e+02 2.453766511247530616e+03
3.726022602260226222e+02 2.457755980318318507e+03
3.726522652265226725e+02 2.461310719379377588e+03
3.727022702270227228e+02 2.464417501342747073e+03
3.727522752275227731e+02 2.467062990626959163e+03
3.728022802280228234e+02 2.469234637273755652e+03
3.728522852285228737e+02 2.470921819757862067e+03
3.729022902290229240e+02 2.472117200526704437e+03
3.729522952295229743e+02 2.472818242934862610e+03
3.730023002300230246e+02 2.473028824109773268e+03
3.730523052305230749e+02 2.472760866191823425e+03
3.731023102310231252e+02 2.472035899076039641e+03
3.731523152315231755e+02 2.470886461898526704e+03
3.732023202320232258e+02 2.469357248588173206e+03
3.732523252325232761e+02 2.467505905214552058e+03
3.733023302330233264e+02 2.465403393794862495e+03
3.733523352335233767e+02 2.463133848662270793e+03
3.734023402340234270e+02 2.460793867220886114e+03
3.734523452345234773e+02 2.458491196484058037e+03
3.735023502350235276e+02 2.456342799579279927e+03
3.735523552355235779e+02 2.454472311592397546e+03
3.736023602360236282e+02 2.453006920755998635e+03
3.736523652365236785e+02 2.452073737990507652e+03
3.737023702370237288e+02 2.451795744044608455e+03
3.737523752375237791e+02 2.452287427798723911e+03
3.738023802380238294e+02 2.453650250569015952e+03
3.738523852385238797e+02 2.455968088440392421e+03
3.739023902390239300e+02 2.459302816856987647e+03
3.739523952395239803e+02 2.463690208173453357e+03
3.740024002400240306e+02 2.469136313096343201e+03
3.740524052405240809e+02 2.475614490636419760e+03
3.741024102410241312e+02 2.483063238320025448e+03
3.741524152415241247e+02 2.491384955204203834e+03
3.742024202420241750e+02 2.500445745197882843e+03
3.742524252425242253e+02 2.510076338045713328e+03
3.743024302430242756e+02 2.520074171036051666e+03
3.743524352435243259e+02 2.530206637185574436e+03
3.744024402440243762e+02 2.540215466607637154e+03
3.744524452445244265e+02 2.549822168356921338e+03
3.745024502450244768e+02 2.558734421666105391e+03
3.745524552455245271e+02 2.566653269542261114e+03
3.746024602460245774e+02 2.573280935493742163e+03
3.746524652465246277e+02 2.578329056915019464e+03
3.747024702470246780e+02 2.581527107405029255e+03
3.747524752475247283e+02 2.582630765867887021e+03
3.748024802480247786e+02 2.581429983243140214e+03
3.748524852485248289e+02 2.577756498480645405e+03
3.749024902490248792e+02 2.571490563991359977e+03
3.749524952495249295e+02 2.562566657081553785e+03
3.750025002500249798e+02 2.550977977368771008e+03
3.750525052505250301e+02 2.536779560198730451e+03
3.751025102510250804e+02 2.520089871737226986e+03
3.751525152515251307e+02 2.501090791625597831e+03
3.752025202520251810e+02 2.480025932649549304e+03
3.752525252525252313e+02 2.457197292470308639e+03
3.753025302530252816e+02 2.432960278744183142e+03
3.753525352535253319e+02 2.407717194545548864e+03
3.754025402540253822e+02 2.381909314579924285e+03
3.754525452545254325e+02 2.356007722976450168e+03
3.755025502550254828e+02 2.330503119344494280e+03
3.755525552555255331e+02 2.305894830273283333e+03
3.756025602560255834e+02 2.282679287721762648e+03
3.756525652565256337e+02 2.261338253151351637e+03
3.757025702570256840e+02 2.242327076360320461e+03
3.757525752575257343e+02 2.226063280554321864e+03
3.758025802580257846e+02 2.212915760208664324e+03
3.758525852585258349e+02 2.203194865920163465e+03
3.759025902590258852e+02 2.197143631076080055e+03
3.759525952595259355e+02 2.194930369326895288e+03
3.760026002600259858e+02 2.196642840238349436e+03
3.760526052605260361e+02 2.202284143953165312e+03
3.761026102610260864e+02 2.211770465164928282e+03
3.761526152615261367e+02 2.224930743235490354e+03
3.762026202620261870e+02 2.241508299975887439e+03
3.762526252625262373e+02 2.261164410598020822e+03
3.763026302630262876e+02 2.283483757778250038e+03
3.763526352635263379e+02 2.307981664783851102e+03
3.764026402640263882e+02 2.334112962282928038e+03
3.764526452645264385e+02 2.361282305799587903e+03
3.765026502650264888e+02 2.388855727703694811e+03
3.765526552655265391e+02 2.416173179932124640e+03
3.766026602660265894e+02 2.442561801977944469e+03
3.766526652665266397e+02 2.467349633546539280e+03
3.767026702670266900e+02 2.489879482979480599e+03
3.767526752675267403e+02 2.509522661217969016e+03
3.768026802680267906e+02 2.525692296656882263e+03
3.768526852685268409e+02 2.537855958475259285e+03
3.769026902690268912e+02 2.545547334481258986e+03
3.769526952695269415e+02 2.548376733567730753e+03
3.770027002700269918e+02 2.546040211771498889e+03
3.770527052705270421e+02 2.538327153766999800e+03
3.771027102710270924e+02 2.525126177402920803e+03
3.771527152715271427e+02 2.506429266540429580e+03
3.772027202720271930e+02 2.482334075874164682e+03
3.772527252725272433e+02 2.453044389520740424e+03
3.773027302730272936e+02 2.418868751899981362e+03
3.773527352735273439e+02 2.380217323852660684e+03
3.774027402740273942e+02 2.337597048196662854e+03
3.774527452745274445e+02 2.291605236333583889e+03
3.775027502750274948e+02 2.242921710566770344e+03
3.775527552755275451e+02 2.192299655157971301e+03
3.776027602760275954e+02 2.140555342710811601e+03
3.776527652765276457e+02 2.088556911301127911e+03
3.777027702770276960e+02 2.037212372140884781e+03
3.777527752775277463e+02 1.987457027896989530e+03
3.778027802780277966e+02 1.940240478663459953e+03
3.778527852785278469e+02 1.896513386687230422e+03
3.779027902790278972e+02 1.857214163024408890e+03
3.779527952795279475e+02 1.823255730129973017e+03
3.780028002800279978e+02 1.795512504715302839e+03
3.780528052805280481e+02 1.774807735737772873e+03
3.781028102810280984e+02 1.761901323705473260e+03
3.781528152815281487e+02 1.757478240041823028e+03
3.782028202820281990e+02 1.762137659349178193e+03
3.782528252825282493e+02 1.776382913145447219e+03
3.783028302830282996e+02 1.800612370941327072e+03
3.783528352835283499e+02 1.835111353109416996e+03
3.784028402840284002e+02 1.880045179429052723e+03
3.784528452845284505e+02 1.935453456882789396e+03
3.785028502850285008e+02 2.001245709529046280e+03
3.785528552855285511e+02 2.077198451305299841e+03
3.786028602860286014e+02 2.162953798628654567e+03
3.786528652865286517e+02 2.258019712884347882e+03
3.787028702870287020e+02 2.361771952636708647e+03
3.787528752875287523e+02 2.473457801100639244e+03
3.788028802880288026e+02 2.592201615690339622e+03
3.788528852885288529e+02 2.717012223145763073e+03
3.789028902890289032e+02 2.846792155899188856e+03
3.789528952895289535e+02 2.980348693317238030e+03
3.790029002900290038e+02 3.116406635834578083e+03
3.790529052905290541e+02 3.253622701635450994e+03
3.791029102910291044e+02 3.390601395519529433e+03
3.791529152915291547e+02 3.525912159185193104e+03
3.792029202920292050e+02 3.658107572797067860e+03
3.792529252925292553e+02 3.785742340884653004e+03
3.793029302930293056e+02 3.907392762876077995e+03
3.793529352935293559e+02 4.021676361390243528e+03
3.794029402940294062e+02 4.127271321159444597e+03
3.794529452945294565e+02 4.222935379316957551e+03
3.795029502950295068e+02 4.307523804698388631e+03
3.795529552955295571e+02 4.380006110413097304e+03
3.796029602960296074e+02 4.439481160546394676e+03
3.796529652965296577e+02 4.485190358395074327e+03
3.797029702970297080e+02 4.516528639684877817e+03
3.797529752975297583e+02 4.533053038968759211e+03
3.798029802980298086e+02 4.534488649713698578e+03
3.798529852985298589e+02 4.520731857000409946e+03
3.799029902990299092e+02 4.491850784577946797e+03
3.799529952995299595e+02 4.448082963337240471e+03
3.800030003000300098e+02 4.389830294077795770e+03
3.800530053005300601e+02 4.317651441683313351e+03
3.801030103010301104e+02 4.232251858474674009e+03
3.801530153015301607e+02 4.134471689668944236e+03
3.802030203020302110e+02 4.025271861822614028e+03
3.802530253025302613e+02 3.905718694409405543e+03
3.803030303030303116e+02 3.776967404112733220e+03
3.803530353035303619e+02 3.640244890176743866e+03
3.804030403040304122e+02 3.496832196799646681e+03
3.804530453045304625e+02 3.348047044984721197e+03
3.805030503050305128e+02 3.195226811772102792e+03
3.805530553055305631e+02 3.039712309989326968e+03
3.806030603060306134e+02 2.882832687526347854e+03
3.806530653065306637e+02 2.725891722876885069e+03
3.807030703070307140e+02 2.570155744726368539e+03
3.807530753075307643e+02 2.416843349302055231e+03
3.808030803080308146e+02 2.267117031728277198e+03
3.808530853085308649e+02 2.122076788485624547e+03
3.809030903090309153e+02 1.982755688977277714e+03
3.809530953095309656e+02 1.850117356811035052e+03
3.810031003100310159e+02 1.725055247250666753e+03
3.810531053105310662e+02 1.608393557763610943e+03
3.811031103110311165e+02 1.500889564902893198e+03
3.811531153115311668e+02 1.403237143919877099e+03
3.812031203120312171e+02 1.316071198311082298e+03
3.812531253125312674e+02 1.239972705542636504e+03
3.813031303130313177e+02 1.175474072844556304e+03
3.813531353135313680e+02 1.123064493394575493e+03
3.814031403140314183e+02 1.083194998395899802e+03
3.814531453145314686e+02 1.056282914294004513e+03
3.815031503150315189e+02 1.042715456307905924e+03
3.815531553155315692e+02 1.042852219052985674e+03
3.816031603160316195e+02 1.057026361647344174e+03
3.816531653165316698e+02 1.085544327534625381e+03
3.817031703170317201e+02 1.128683987415721276e+03
3.817531753175317704e+02 1.186691146139135753e+03
3.818031803180318207e+02 1.259774410028503553e+03
3.818531853185318710e+02 1.348098468700236026e+03
3.819031903190319213e+02 1.451775903629066534e+03
3.819531953195319716e+02 1.570857693160432973e+03
3.820032003200320219e+02 1.705322638890064582e+03
3.820532053205320722e+02 1.855065989835044775e+03
3.821032103210321225e+02 2.019887587095245408e+03
3.821532153215321728e+02 2.199479891256380142e+03
3.822032203220322231e+02 2.393416286182052318e+03
3.822532253225322734e+02 2.601140074751587235e+03
3.823032303230323237e+02 2.821954593346495585e+03
3.823532353235323740e+02 3.055014871499279707e+03
3.824032403240324243e+02 3.299321250380106449e+03
3.824532453245324746e+02 3.553715348303059727e+03
3.825032503250325249e+02 3.816878723129390437e+03
3.825532553255325752e+02 4.087334530663862552e+03
3.826032603260326255e+02 4.363452415627968549e+03
3.826532653265326758e+02 4.643456798720435472e+03
3.827032703270327261e+02 4.925438641229483437e+03
3.827532753275327195e+02 5.207370679626870697e+03
3.828032803280327698e+02 5.487126028892743307e+03
3.828532853285328201e+02 5.762499957615915264e+03
3.829032903290328704e+02 6.031234543067535924e+03
3.829532953295329207e+02 6.291045823399420442e+03
3.830033003300329710e+02 6.539652979920780126e+03
3.830533053305330213e+02 6.774809007956060668e+03
3.831033103310330716e+02 6.994332272820052822e+03
3.831533153315331219e+02 7.196138300378330314e+03
3.832033203320331722e+02 7.378271121494155523e+03
3.832533253325332225e+02 7.538933477893150666e+03
3.833033303330332728e+02 7.676515204517998427e+03
3.833533353335333231e+02 7.789619130574376868e+03
3.834033403340333734e+02 7.877083887797216448e+03
3.834533453345334237e+02 7.938003078935059420e+03
3.835033503350334740e+02 7.971740340355902845e+03
3.835533553355335243e+02 7.977939927723918117e+03
3.836033603360335746e+02 7.956532560069622377e+03
3.836533653365336249e+02 7.907736372046442739e+03
3.837033703370336752e+02 7.832052943206127566e+03
3.837533753375337255e+02 7.730258493038201777e+03
3.838033803380337758e+02 7.603390447580748514e+03
3.838533853385338261e+02 7.452729694008930892e+03
3.839033903390338764e+02 7.279778940378552761e+03
3.839533953395339267e+02 7.086237685651340144e+03
3.840034003400339770e+02 6.873974377741893477e+03
3.840534053405340273e+02 6.644996392656551507e+03
3.841034103410340776e+02 6.401418504523184311e+03
3.841534153415341279e+02 6.145430533785091939e+03
3.842034203420341782e+02 5.879264859071192404e+03
3.842534253425342285e+02 5.605164457930996832e+03
3.843034303430342788e+02 5.325352104016526027e+03
3.843534353435343291e+02 5.042001295222800763e+03
3.844034403440343795e+02 4.757209421033327999e+03
3.844534453445344298e+02 4.472973600474547311e+03
3.845034503450344801e+02 4.191169537516645505e+03
3.845534553455345304e+02 3.913533651440157882e+03
3.846034603460345807e+02 3.641648648594410133e+03
3.846534653465346310e+02 3.376932611975681539e+03
3.847034703470346813e+02 3.120631598814981317e+03
3.847534753475347316e+02 2.873815656262798257e+03
3.848034803480347819e+02 2.637378093307336258e+03
3.848534853485348322e+02 2.412037784871846270e+03
3.849034903490348825e+02 2.198344232775696128e+03
3.849534953495349328e+02 1.996685068633446008e+03
3.850035003500349831e+02 1.807295656086083909e+03
3.850535053505350334e+02 1.630270433870811075e+03
3.851035103510350837e+02 1.465575636623933633e+03
3.851535153515351340e+02 1.313063036129697139e+03
3.852035203520351843e+02 1.172484360859144090e+03
3.852535253525352346e+02 1.043506074761313812e+03
3.853035303530352849e+02 9.257242259039752525e+02
3.853535353535353352e+02 8.186791101611910335e+02
3.854035403540353855e+02 7.218695331372614419e+02
3.854535453545354358e+02 6.347664933603540476e+02
3.855035503550354861e+02 5.568261500122243888e+02
3.855535553555355364e+02 4.875019777377062837e+02
3.856035603560355867e+02 4.262560481999116746e+02
3.856535653565356370e+02 3.725694119817108003e+02
3.857035703570356873e+02 3.259515843273022710e+02
3.857535753575357376e+02 2.859491633991428330e+02
3.858035803580357879e+02 2.521536297069341401e+02
3.858535853585358382e+02 2.242083898338111396e+02
3.859035903590358885e+02 2.018151363929032982e+02
3.859535953595359388e+02 1.847395993006396679e+02
3.860036003600359891e+02 1.728167610971517263e+02
3.860536053605360394e+02 1.659556014515520985e+02
3.861036103610360897e+02 1.641434235485481281e+02
3.861536153615361400e+02 1.674497982555879787e+02
3.862036203620361903e+02 1.760301414059359786e+02
3.862536253625362406e+02 1.901289158822916647e+02
3.863036303630362909e+02 2.100824242123880765e+02
3.863536353635363412e+02 2.363211299378573358e+02
3.864036403640363915e+02 2.693714180123507731e+02
3.864536453645364418e+02 3.098566769172325053e+02
3.865036503650364921e+02 3.584975591089810223e+02
3.865536553655365424e+02 4.161112529395039701e+02
3.866036603660365927e+02 4.836095794627147484e+02
3.866536653665366430e+02 5.619957127167982662e+02
3.867036703670366933e+02 6.523593132981989129e+02
3.867536753675367436e+02 7.558698634216990513e+02
3.868036803680367939e+02 8.737679982070552569e+02
3.868536853685368442e+02 1.007354643532976638e+03
3.869036903690368945e+02 1.157977796161185779e+03
3.869536953695369448e+02 1.327016817434175209e+03
3.870037003700369951e+02 1.515864157884961742e+03
3.870537053705370454e+02 1.725904486429149529e+03
3.871037103710370957e+02 1.958491263926412785e+03
3.871537153715371460e+02 2.214920875876468472e+03
3.872037203720371963e+02 2.496404521494613164e+03
3.872537253725372466e+02 2.804038144590979755e+03
3.873037303730372969e+02 3.138770783317291261e+03
3.873537353735373472e+02 3.501371808300244993e+03
3.874037403740373975e+02 3.892397608950451740e+03
3.874537453745374478e+02 4.312158372535132003e+03
3.875037503750374981e+02 4.760685676456796500e+03
3.875537553755375484e+02 5.237701677538223521e+03
3.876037603760375987e+02 5.742590729481044946e+03
3.876537653765376490e+02 6.274374287745097718e+03
3.877037703770376993e+02 6.831689966942979481e+03
3.877537753775377496e+02 7.412775597017510336e+03
3.878037803780377999e+02 8.015459079177679087e+03
3.878537853785378502e+02 8.637154769804490570e+03
3.879037903790379005e+02 9.274867020192739801e+03
3.879537953795379508e+02 9.925201372940067813e+03
3.880038003800380011e+02 1.058438376393632643e+04
3.880538053805380514e+02 1.124828790519055656e+04
3.881038103810381017e+02 1.191247083211598692e+04
3.881538153815381520e+02 1.257221639425975263e+04
3.882038203820382023e+02 1.322258625650264912e+04
3.882538253825382526e+02 1.385847776478993728e+04
3.883038303830383029e+02 1.447468782324184212e+04
3.883538353835383532e+02 1.506598173497954122e+04
3.884038403840384035e+02 1.562716578406873305e+04
3.884538453845384538e+02 1.615316218717126503e+04
3.885038503850385041e+02 1.663908492673873843e+04
3.885538553855385544e+02 1.708031489794811205e+04
3.886038603860386047e+02 1.747257276303512481e+04
3.886538653865386550e+02 1.781198791190046177e+04
3.887038703870387053e+02 1.809516197807397839e+04
3.887538753875387556e+02 1.831922545401645402e+04
3.888038803880388059e+02 1.848188608743954319e+04
3.888538853885388562e+02 1.858146791742170535e+04
3.889038903890389065e+02 1.861694002074238961e+04
3.889538953895389568e+02 1.858793427892390901e+04
3.890039003900390071e+02 1.849475173777371310e+04
3.890539053905390574e+02 1.833835740577505203e+04
3.891039103910391077e+02 1.812036361699474219e+04
3.891539153915391580e+02 1.784300235959743804e+04
3.892039203920392083e+02 1.750908723405765340e+04
3.892539253925392586e+02 1.712196594769444346e+04
3.893039303930393089e+02 1.668546446694015322e+04
3.893539353935393592e+02 1.620382412955147265e+04
3.894039403940394095e+02 1.568163316079316428e+04
3.894539453945394598e+02 1.512375413691004906e+04
3.895039503950395101e+02 1.453524899391787767e+04
3.895539553955395604e+02 1.392130318942191843e+04
3.896039603960396107e+02 1.328715059089028364e+04
3.896539653965396610e+02 1.263800058809929578e+04
3.897039703970397113e+02 1.197896881417482291e+04
3.897539753975397616e+02 1.131501271374112912e+04
3.898039803980398119e+02 1.065087302401313900e+04
3.898539853985398622e+02 9.991022041719965273e+03
3.899039903990399125e+02 9.339619342382331524e+03
3.899539953995399628e+02 8.700475405634475464e+03
3.900040004000400131e+02 8.077023387763395476e+03
3.900540054005400634e+02 7.472299076809837061e+03
3.901040104010401137e+02 6.888928872193594543e+03
3.901540154015401640e+02 6.329125454858542071e+03
3.902040204020402143e+02 5.794690659430636515e+03
3.902540254025402646e+02 5.287024929892435466e+03
3.903040304030403149e+02 4.807142636808011048e+03
3.903540354035403652e+02 4.355692458156182511e+03
3.904040404040404155e+02 3.932981977333805844e+03
3.904540454045404658e+02 3.539005629955755012e+03
3.905040504050405161e+02 3.173475133990727500e+03
3.905540554055405664e+02 2.835851563157421424e+03
3.906040604060406167e+02 2.525378268473813932e+03
3.906540654065406670e+02 2.241113914151590507e+03
3.907040704070407173e+02 1.981964968197181861e+03
3.907540754075407676e+02 1.746717071595564903e+03
3.908040804080408179e+02 1.534064799357795209e+03
3.908540854085408682e+02 1.342639418738318682e+03
3.909040904090409185e+02 1.171034341585777838e+03
3.909540954095409688e+02 1.017828056449882979e+03
3.910041004100410191e+02 8.816044095042980189e+02
3.910541054105410694e+02 7.609701797771876954e+02
3.911041104110411197e+02 6.545699622710915264e+02
3.911541154115411700e+02 5.610984314049615023e+02
3.912041204120412203e+02 4.793101063406651861e+02
3.912541254125412706e+02 4.080267790575179561e+02
3.913041304130413209e+02 3.461427957345750883e+02
3.913541354135413712e+02 2.926284025907515911e+02
3.914041404140414215e+02 2.465313795363044562e+02
3.914541454145414718e+02 2.069771896877430493e+02
3.915041504150415221e+02 1.731678709817890365e+02
3.915541554155415724e+02 1.443798888398811755e+02
3.916041604160416227e+02 1.199611571422175302e+02
3.916541654165416730e+02 9.932741970191975156e+01
3.917041704170417233e+02 8.195816695968873944e+01
3.917541754175417736e+02 6.739224363849432109e+01
3.918041804180418239e+02 5.522328339754126603e+01
3.918541854185418742e+02 4.509508678534935200e+01
3.919041904190419245e+02 3.669703957825213791e+01
3.919541954195419748e+02 2.975965035303977047e+01
3.920042004200420251e+02 2.405026922072168460e+01
3.920542054205420754e+02 1.936903428022575113e+01
3.921042104210421257e+02 1.554507868228654210e+01
3.921542154215421760e+02 1.243301929105854953e+01
3.922042204220422263e+02 9.909737793309123077e+00
3.922542254225422766e+02 7.871456677382107969e+00
3.923042304230423269e+02 6.231105689644193646e+00
3.923542354235423772e+02 4.915969047765017308e+00
3.924042404240424275e+02 3.865599701050780546e+00
3.924542454245424778e+02 3.029984120536742598e+00
3.925042504250425281e+02 2.367939314958334318e+00
3.925542554255425785e+02 1.845722845516212018e+00
3.926042604260426288e+02 1.435836402919049792e+00
3.926542654265426791e+02 1.116003876369955128e+00
3.927042704270427294e+02 8.683056615684949797e-01
3.927542754275427797e+02 6.784521141183782467e-01
3.928042804280428300e+02 5.351804621598460487e-01
3.928542854285428803e+02 4.297610690277559042e-01
3.929042904290429306e+02 3.556006191273827222e-01
3.929542954295429809e+02 3.079315370444258848e-01
3.930043004300430312e+02 2.835787018084106603e-01
3.930543054305430815e+02 2.807962557327626785e-01
3.931043104310431318e+02 2.991690089070297431e-01
3.931543154315431821e+02 3.395745908899813759e-01
3.932043204320432324e+02 4.042040893588679240e-01
3.932543254325432827e+02 4.966404327264508645e-01
3.933043304330433330e+02 6.219952120147728136e-01
3.933543354335433833e+02 7.871059875611331469e-01
3.934043404340434336e+02 1.000797376932169858e+00
3.934543454345434839e+02 1.274210356419481105e+00
3.935043504350434773e+02 1.621205209398529412e+00
3.935543554355435276e+02 2.058844394476695427e+00
3.936043604360435779e+02 2.607962251989101254e+00
3.936543654365436282e+02 3.293828879418688960e+00
3.937043704370436785e+02 4.146915638135407534e+00
3.937543754375437288e+02 5.203769552510934204e+00
3.938043804380437791e+02 6.508003269358061615e+00
3.938543854385438294e+02 8.111406198057474981e+00
3.939043904390438797e+02 1.007518088480120966e+01
3.939543954395439300e+02 1.247130652372203663e+01
3.940044004400439803e+02 1.538402871264067073e+01
3.940544054405440306e+02 1.891147106870910122e+01
3.941044104410440809e+02 2.316736008838004324e+01
3.941544154415441312e+02 2.828284964293226622e+01
3.942044204420441815e+02 3.440842574362872597e+01
3.942544254425442318e+02 4.171586571575992508e+01
3.943044304430442821e+02 5.040021874801455226e+01
3.943544354435443324e+02 6.068176703110768244e+01
3.944044404440443827e+02 7.280791850885931638e+01
3.944544454445444330e+02 8.705497382421827979e+01
3.945044504450444833e+02 1.037297015893289824e+02
3.945544554455445336e+02 1.231706479293539900e+02
3.946044604460445839e+02 1.457490986788341445e+02
3.946544654465446342e+02 1.718696060247644652e+02
3.947044704470446845e+02 2.019699862065891693e+02
3.947544754475447348e+02 2.365206915405010193e+02
3.948044804480447851e+02 2.760234589873723507e+02
3.948544854485448354e+02 3.210091391806593606e+02
3.949044904490448857e+02 3.720346147006589490e+02
3.949544954495449360e+02 4.296787248085446436e+02
3.950045004500449863e+02 4.945371261544092363e+02
3.950545054505450366e+02 5.672160353732352860e+02
3.951045104510450869e+02 6.483248200906105012e+02
3.951545154515451372e+02 7.384674296465022962e+02
3.952045204520451875e+02 8.382326856215422595e+02
3.952545254525452378e+02 9.481834846509923409e+02
3.953045304530452881e+02 1.068845001484630529e+03
3.953545354535453384e+02 1.200692018051859577e+03
3.954045404540453887e+02 1.344135543487353743e+03
3.954545454545454390e+02 1.499508929553493999e+03
3.955045504550454893e+02 1.667053724396099369e+03
3.955545554555455396e+02 1.846905543699274858e+03
3.956045604560455899e+02 2.039080270588903659e+03
3.956545654565456402e+02 2.243460922562453106e+03
3.957045704570456905e+02 2.459785543806159694e+03
3.957545754575457408e+02 2.687636493093236822e+03
3.958045804580457911e+02 2.926431499780213926e+03
3.958545854585458414e+02 3.175416852188670418e+03
3.959045904590458917e+02 3.433663063109251198e+03
3.959545954595459420e+02 3.700063325861473004e+03
3.960046004600459923e+02 3.973335031237605108e+03
3.960546054605460427e+02 4.252024561122734667e+03
3.961046104610460930e+02 4.534515509429036683e+03
3.961546154615461433e+02 4.819040406469457594e+03
3.962046204620461936e+02 5.103695940715892903e+03
3.962546254625462439e+02 5.386461584129428957e+03
3.963046304630462942e+02 5.665221436349862415e+03
3.963546354635463445e+02 5.937789011696570924e+03
3.964046404640463948e+02 6.201934604055388263e+03
3.964546454645464451e+02 6.455414781282474905e+03
3.965046504650464954e+02 6.696003485694196570e+03
3.965546554655465457e+02 6.921524153335536539e+03
3.966046604660465960e+02 7.129882214572495286e+03
3.966546654665466463e+02 7.319097304309407264e+03
3.967046704670466966e+02 7.487334493492827278e+03
3.967546754675467469e+02 7.632933855677933934e+03
3.968046804680467972e+02 7.754437703830933060e+03
3.968546854685468475e+02 7.850614873093334609e+03
3.969046904690468978e+02 7.920481484140314933e+03
3.969546954695469481e+02 7.963317697567237701e+03
3.970047004700469984e+02 7.978680060361060896e+03
3.970547054705470487e+02 7.966409148334371821e+03
3.971047104710470990e+02 7.926632320341905142e+03
3.971547154715471493e+02 7.859761517741560056e+03
3.972047204720471996e+02 7.766486162268673979e+03
3.972547254725472499e+02 7.647761323549136250e+03
3.973047304730473002e+02 7.504791440232337663e+03
3.973547354735473505e+02 7.339009982727739043e+03
3.974047404740474008e+02 7.152055537656924571e+03
3.974547454745474511e+02 6.945744871708283426e+03
3.975047504750475014e+02 6.722043593463974503e+03
3.975547554755475517e+02 6.483035074428376902e+03
3.976047604760476020e+02 6.230888314048417669e+03
3.976547654765476523e+02 5.967825437775019054e+03
3.977047704770477026e+02 5.696089502629387425e+03
3.977547754775477529e+02 5.417913252389483205e+03
3.978047804780478032e+02 5.135489416045325925e+03
3.978547854785478535e+02 4.850943080712057053e+03
3.979047904790479038e+02 4.566306596244506181e+03
3.979547954795479541e+02 4.283497386146929784e+03
3.980048004800480044e+02 4.004298950954162592e+03
3.980548054805480547e+02 3.730345259054179678e+03
3.981048104810481050e+02 3.463108628834203046e+03
3.981548154815481553e+02 3.203891117796282288e+03
3.982048204820482056e+02 2.953819351372861092e+03
3.982548254825482559e+02 2.713842648709736750e+03
3.983048304830483062e+02 2.484734236411057282e+03
3.983548354835483565e+02 2.267095285467266876e+03
3.984048404840484068e+02 2.061361462175325869e+03
3.984548454845484571e+02 1.867811651230620555e+03
3.985048504850485074e+02 1.686578488318497648e+03
3.985548554855485577e+02 1.517660330068323901e+03
3.986048604860486080e+02 1.360934290422197137e+03
3.986548654865486583e+02 1.216169983297408407e+03
3.987048704870487086e+02 1.083043630649092393e+03
3.987548754875487589e+02 9.611522212742755755e+02
3.988048804880488092e+02 8.500274374577858225e+02
3.988548854885488595e+02 7.491491023336168382e+02
3.989048904890489098e+02 6.579579391411809866e+02
3.989548954895489601e+02 5.758674729925178326e+02
3.990049004900490104e+02 5.022749450526942496e+02
3.990549054905490607e+02 4.365711470426774099e+02
3.991049104910491110e+02 3.781491197481657878e+02
3.991549154915491613e+02 3.264116919935669330e+02
3.992049204920492116e+02 2.807778657437265224e+02
3.992549254925492619e+02 2.406880782416608611e+02
3.993049304930493122e+02 2.056083931704332883e+02
3.993549354935493625e+02 1.750336896949504535e+02
3.994049404940494128e+02 1.484899309896958357e+02
3.994549454945494631e+02 1.255356027045962009e+02
3.995049504950495134e+02 1.057624170709972873e+02
3.995549554955495637e+02 8.879538038072190886e+01
3.996049604960496140e+02 7.429232080744891675e+01
3.996549654965496643e+02 6.194297042994434577e+01
3.997049704970497146e+02 5.146769031495966118e+01
3.997549754975497649e+02 4.261592106648215861e+01
3.998049804980498152e+02 3.516443376507798746e+01
3.998549854985498655e+02 2.891544808844543724e+01
3.999049904990499158e+02 2.369467596126420261e+01
3.999549954995499661e+02 1.934934062077806161e+01
4.000050005000500164e+02 1.574621274662752946e+01
4.000550055005500667e+02 1.276969748230333401e+01
4.001050105010501170e+02 1.031999891701777372e+01
4.001550155015501673e+02 8.311382002747954800e+00
4.002050205020502176e+02 6.670546014262733081e+00
4.002550255025502679e+02 5.335118548418361861e+00
4.003050305030503182e+02 4.252274702372496051e+00
4.003550355035503685e+02 3.377482444772862191e+00
4.004050405040504188e+02 2.673372257545788333e+00
4.004550455045504691e+02 2.108726823689047070e+00
4.005050505050505194e+02 1.657584804892773045e+00
4.005550555055505697e+02 1.298451523575188782e+00
4.006050605060506200e+02 1.013608567280317452e+00
4.006550655065506703e+02 7.885139008022360452e-01
4.007050705070507206e+02 6.112839376057135343e-01
4.007550755075507709e+02 4.722491266109051233e-01
4.008050805080508212e+02 3.635748984923488081e-01
4.008550855085508715e+02 2.789402389673857896e-01
4.009050905090509218e+02 2.132666733600062925e-01
4.009550955095509721e+02 1.624910217837649828e-01
4.010051005100510224e+02 1.233758885776101849e-01
4.010551055105510727e+02 9.335245991058402359e-02
4.011051105110511230e+02 7.039078171961540842e-02
4.011551155115511733e+02 5.289326293042961868e-02
4.012051205120512236e+02 3.960768676384705811e-02
4.012551255125512739e+02 2.955650970415513862e-02
4.013051305130513242e+02 2.197967998549280044e-02
4.013551355135513745e+02 1.628861399375458943e-02
4.014051405140514248e+02 1.202933022211510709e-02
4.014551455145514751e+02 8.853058041195262934e-03
4.015051505150515254e+02 6.492915110696420924e-03
4.015551555155515757e+02 4.745485898683181498e-03
4.016051605160516260e+02 3.456337939283670238e-03
4.016551655165516763e+02 2.508685725857520005e-03
4.017051705170517266e+02 1.814558056368910160e-03
4.017551755175517769e+02 1.307946638488097831e-03
4.018051805180517704e+02 9.395150320275304006e-04
4.018551855185518207e+02 6.725305066081992524e-04
4.019051905190518710e+02 4.797497908626387956e-04
4.019551955195519213e+02 3.410453621702646968e-04
4.020052005200519716e+02 2.416039614231948649e-04
4.020552055205520219e+02 1.705652293869078153e-04
4.021052105210520722e+02 1.199973080387387053e-04
4.021552155215521225e+02 8.412925694337194103e-05
4.022052205220521728e+02 5.877831767610818930e-05
4.022552255225522231e+02 4.092435085777660535e-05
4.023052305230522734e+02 2.839494265444985894e-05
4.023552355235523237e+02 1.963336504389293056e-05
4.024052405240523740e+02 1.352829410297595446e-05
4.024552455245524243e+02 9.289361846126380950e-06
4.025052505250524746e+02 6.356576441618693016e-06
4.025552555255525249e+02 4.334661805444580086e-06
4.026052605260525752e+02 2.945653904495039608e-06
4.026552655265526255e+02 1.994815716760076322e-06
4.027052705270526758e+02 1.346227406811887028e-06
4.027552755275527261e+02 9.053754421162190690e-07
4.028052805280527764e+02 6.067834942865750754e-07
4.028552855285528267e+02 4.052601455631724209e-07
4.029052905290528770e+02 2.697304197184302693e-07
4.029552955295529273e+02 1.789055696794991996e-07
4.030053005300529776e+02 1.182553213912305379e-07
4.030553055305530279e+02 7.789917715207475525e-08
4.031053105310530782e+02 5.114361143376010262e-08
4.031553155315531285e+02 3.347136478845075827e-08
4.032053205320531788e+02 2.184594543547351981e-08
4.032553255325532291e+02 1.423507084788524990e-08
4.033053305330532794e+02 9.285665205412307650e-09
4.033553355335533297e+02 6.103492549462728789e-09
4.034053405340533800e+02 4.104966851679220040e-09
4.034553455345534303e+02 2.918894294576511901e-09
4.035053505350534806e+02 2.323144504306807770e-09
4.035553555355535309e+02 2.206446294824025704e-09
4.036053605360535812e+02 2.549347923917886718e-09
4.036553655365536315e+02 3.421397365731226360e-09
4.037053705370536818e+02 4.994209947907180781e-09
4.037553755375537321e+02 7.572676565689766323e-09
4.038053805380537824e+02 1.164950365278435929e-08
4.038553855385538327e+02 1.799199324823559587e-08
4.039053905390538830e+02 2.777499846833093372e-08
4.039553955395539333e+02 4.278102696851995077e-08
4.040054005400539836e+02 6.569846811665411934e-08
4.040554055405540339e+02 1.005632119171617527e-07
4.041054105410540842e+02 1.534093516294300741e-07
4.041554155415541345e+02 2.332237832075772075e-07
4.042054205420541848e+02 3.533408977668057296e-07
4.042554255425542351e+02 5.334721428218257891e-07
4.043054305430542854e+02 8.026478059711680965e-07
4.043554355435543357e+02 1.203464283807940607e-06
4.044054405440543860e+02 1.798192083050364548e-06
4.044554455445544363e+02 2.677525176419798891e-06
4.045054505450544866e+02 3.973064513659872165e-06
4.045554555455545369e+02 5.875058958105253445e-06
4.046054605460545872e+02 8.657517818974206218e-06
4.046554655465546375e+02 1.271361656911848634e-05
4.047054705470546878e+02 1.860541554207422596e-05
4.047554755475547381e+02 2.713339818743935303e-05
4.048054805480547884e+02 3.943333890572450187e-05
4.048554855485548387e+02 5.711069737312712092e-05
4.049054905490548890e+02 8.242632256942264294e-05
4.049554955495549393e+02 1.185520134485976493e-04
4.050055005500549896e+02 1.699207800865624031e-04
4.050555055505550399e+02 2.427049316372477611e-04
4.051055105510550902e+02 3.454659573244668103e-04
4.051555155515551405e+02 4.900342819850184292e-04
4.052055205520551908e+02 6.926952639369482597e-04
4.052555255525552411e+02 9.757813695908973840e-04
4.053055305530552914e+02 1.369800670776171814e-03
4.053555355535553417e+02 1.916270333077290658e-03
4.054055405540553920e+02 2.671472614573569809e-03
4.054555455545554423e+02 3.711412498968706501e-03
4.055055505550554926e+02 5.138333333639800819e-03
4.055555555555555429e+02 7.089243141178777283e-03
4.056055605560555932e+02 9.747023608044958626e-03
4.056555655565556435e+02 1.335484073583458053e-02
4.057055705570556938e+02 1.823475604039054287e-02
4.057555755575557441e+02 2.481165595245094641e-02
4.058055805580557944e+02 3.364388133442121342e-02
4.058555855585558447e+02 4.546225603487966116e-02
4.059055905590558950e+02 6.121959095013909669e-02
4.059555955595559453e+02 8.215318633761142797e-02
4.060056005600559956e+02 1.098633784869901819e-01
4.060556055605560459e+02 1.464117855224527920e-01
4.061056105610560962e+02 1.944436087521131951e-01
4.061556155615561465e+02 2.573391471898338057e-01
4.062056205620561968e+02 3.394005884984582777e-01
4.062556255625562471e+02 4.460811519489020216e-01
4.063056305630562974e+02 5.842647768696019872e-01
4.063556355635563477e+02 7.626057676982074263e-01
4.064056405640563980e+02 9.919391125365362161e-01
4.064556455645564483e+02 1.285773567258947203e+00
4.065056505650564986e+02 1.660881014306957004e+00
4.065556555655565489e+02 2.137997026767057385e+00
4.066056605660565992e+02 2.742648945024261931e+00
4.066556655665566495e+02 3.506129043092618858e+00
4.067056705670566998e+02 4.466631448389396297e+00
4.067556755675567501e+02 5.670572291000858911e+00
4.068056805680568004e+02 7.174112989768103077e+00
4.068556855685568507e+02 9.044906511032923646e+00
4.069056905690569010e+02 1.136408572569769326e+01
4.069556955695569513e+02 1.422851149321705044e+01
4.070057005700570016e+02 1.775329565990156055e+01
4.070557055705570519e+02 2.207461061120448065e+01
4.071057105710571022e+02 2.735279220191724647e+01
4.071557155715571525e+02 3.377573665062645603e+01
4.072057205720572028e+02 4.156258418786194397e+01
4.072557255725572531e+02 5.096767277973350474e+01
4.073057305730573034e+02 6.228473403642828998e+01
4.073557355735573537e+02 7.585129043300443641e+01
4.074057405740574040e+02 9.205319825582506610e+01
4.074557455745574543e+02 1.113292643539683127e+02
4.075057505750575046e+02 1.341758470204816831e+02
4.075557555755575549e+02 1.611513324511965664e+02
4.076057605760576052e+02 1.928803586341686866e+02
4.076557655765576555e+02 2.300576387293705238e+02
4.077057705770577059e+02 2.734512166405865514e+02
4.077557755775577562e+02 3.239049693073693561e+02
4.078057805780578065e+02 3.823401541074103420e+02
4.078557855785578568e+02 4.497557866022754069e+02
4.079057905790579071e+02 5.272276246947320715e+02
4.079557955795579574e+02 6.159055311467087677e+02
4.080058005800580077e+02 7.170089883903441432e+02
4.080558055805580580e+02 8.318205486692095292e+02
4.081058105810581083e+02 9.616770197038453034e+02
4.081558155815581586e+02 1.107958212075779784e+03
4.082058205820582089e+02 1.272073109960720330e+03
4.082558255825582592e+02 1.455443372054159681e+03
4.083058305830583095e+02 1.659484124551968762e+03
4.083558355835583598e+02 1.885582072546575091e+03
4.084058405840584101e+02 2.135071029447502497e+03
4.084558455845584604e+02 2.409205044873946918e+03
4.085058505850585107e+02 2.709129398290828703e+03
4.085558555855585610e+02 3.035849816417660350e+03
4.086058605860586113e+02 3.390200364657879618e+03
4.086558655865586616e+02 3.772810553621415693e+03
4.087058705870587119e+02 4.184072288077166377e+03
4.087558755875587622e+02 4.624107363980592709e+03
4.088058805880588125e+02 5.092736286062389809e+03
4.088558855885588628e+02 5.589449230334185813e+03
4.089058905890589131e+02 6.113380009413167500e+03
4.089558955895589634e+02 6.663283910737365659e+03
4.090059005900590137e+02 7.237520265938788725e+03
4.090559055905590640e+02 7.834040571869756604e+03
4.091059105910591143e+02 8.450382918788589450e+03
4.091559155915591646e+02 9.083673388619334219e+03
4.092059205920592149e+02 9.730634966578963940e+03
4.092559255925592652e+02 1.038760436440811645e+04
4.093059305930593155e+02 1.105055698558318909e+04
4.093559355935593658e+02 1.171514007588801360e+04
4.094059405940594161e+02 1.237671390119737953e+04
4.094559455945594664e+02 1.303040058373500688e+04
4.095059505950595167e+02 1.367114001456671576e+04
4.095559555955595670e+02 1.429375205032286613e+04
4.096059605960596173e+02 1.489300400302581511e+04
4.096559655965596676e+02 1.546368225035317118e+04
4.097059705970597179e+02 1.600066663636506200e+04
4.097559755975597682e+02 1.649900620580304530e+04
4.098059805980598185e+02 1.695399472387856804e+04
4.098559855985598688e+02 1.736124438232477769e+04
4.099059905990599191e+02 1.771675608446188926e+04
4.099559955995599694e+02 1.801698473879191079e+04
4.100060006000600197e+02 1.825889807234816908e+04
4.100560056005600700e+02 1.844002760026669057e+04
4.101060106010601203e+02 1.855851055385791915e+04
4.101560156015601706e+02 1.861312177140237327e+04
4.102060206020602209e+02 1.860329478820718941e+04
4.102560256025602712e+02 1.852913161824534836e+04
4.103060306030603215e+02 1.839140099117872887e+04
4.103560356035603718e+02 1.819152508736997697e+04
4.104060406040604221e+02 1.793155509096986862e+04
4.104560456045604724e+02 1.761413614872941616e+04
4.105060506050605227e+02 1.724246257160778259e+04
4.105560556055605730e+02 1.682022433999033092e+04
4.106060606060606233e+02 1.635154616481941230e+04
4.106560656065606736e+02 1.584092051079481280e+04
4.107060706070607239e+02 1.529313610002180576e+04
4.107560756075607742e+02 1.471320348257728256e+04
4.108060806080608245e+02 1.410627928349542708e+04
4.108560856085608748e+02 1.347759071426794799e+04
4.109060906090609251e+02 1.283236187322179103e+04
4.109560956095609754e+02 1.217574325655134817e+04
4.110061006100610257e+02 1.151274576499651266e+04
4.110561056105610760e+02 1.084818032578877683e+04
4.111061106110611263e+02 1.018660406186459295e+04
4.111561156115611766e+02 9.532273737244284348e+03
4.112061206120612269e+02 8.889106995845097117e+03
4.112561256125612772e+02 8.260651697697083364e+03
4.113061306130613275e+02 7.650063448079034970e+03
4.113561356135613778e+02 7.060091217449664327e+03
4.114061406140614281e+02 6.493070768435187347e+03
4.114561456145614784e+02 5.950925444882243937e+03
4.115061506150615287e+02 5.435173740446745796e+03
4.115561556155615790e+02 4.946942952682866235e+03
4.116061606160616293e+02 4.486988144400120291e+03
4.116561656165616796e+02 4.055715577442981612e+03
4.117061706170617299e+02 3.653209754356905250e+03
4.117561756175617802e+02 3.279263199146750594e+03
4.118061806180618305e+02 2.933408127315743059e+03
4.118561856185618808e+02 2.614949194842415636e+03
4.119061906190619311e+02 2.322996572549493067e+03
4.119561956195619814e+02 2.056498663027690327e+03
4.120062006200620317e+02 1.814273858378828436e+03
4.120562056205620820e+02 1.595040825047432463e+03
4.121062106210621323e+02 1.397446893582175790e+03
4.121562156215621826e+02 1.220094223227736620e+03
4.122062206220622329e+02 1.061563501050032983e+03
4.122562256225622832e+02 9.204350204949486169e+02
4.123062306230623335e+02 7.953070629561730129e+02
4.123562356235623838e+02 6.848115766123147523e+02
4.124062406240624341e+02 5.876272084614120104e+02
4.124562456245624844e+02 5.024897975295521064e+02
4.125062506250625347e+02 4.282004794456482841e+02
4.125562556255625282e+02 3.636315850870111603e+02
4.126062606260625785e+02 3.077305392324297486e+02
4.126562656265626288e+02 2.595219797731967901e+02
4.127062706270626791e+02 2.181083248611516012e+02
4.127562756275627294e+02 1.826690153888053487e+02
4.128062806280627797e+02 1.524586544259567233e+02
4.128562856285628300e+02 1.268042547461624849e+02
4.129062906290628803e+02 1.051017914063554457e+02
4.129562956295629306e+02 8.681223948872637663e+01
4.130063006300629809e+02 7.145725849353743797e+01
4.130563056305630312e+02 5.861466530697366295e+01
4.131063106310630815e+02 4.791381787339325626e+01
4.131563156315631318e+02 3.903101227566737208e+01
4.132063206320631821e+02 3.168497735440303487e+01
4.132563256325632324e+02 2.563253364836383952e+01
4.133063306330632827e+02 2.066446758109570325e+01
4.133563356335633330e+02 1.660165762425687674e+01
4.134063406340633833e+02 1.329147672452874573e+01
4.134563456345634336e+02 1.060448460532176362e+01
4.135063506350634839e+02 8.431414605706875065e+00
4.135563556355635342e+02 6.680452410411789721e+00
4.136063606360635845e+02 5.274798235867976359e+00
4.136563656365636348e+02 4.150499624713481772e+00
4.137063706370636851e+02 3.254538807853959437e+00
4.137563756375637354e+02 2.543156456698279388e+00
4.138063806380637857e+02 1.980392407213084960e+00
4.138563856385638360e+02 1.536823437040576001e+00
4.139063906390638863e+02 1.188478272400822489e+00
4.139563956395639366e+02 9.159105610812688925e-01
4.140064006400639869e+02 7.034114542839309259e-01
4.140564056405640372e+02 5.383445915312361496e-01
4.141064106410640875e+02 4.105875926141964727e-01
4.141564156415641378e+02 3.120655568604825958e-01
4.142064206420641881e+02 2.363634947730664515e-01
4.142564256425642384e+02 1.784060248780668101e-01
4.143064306430642887e+02 1.341940251144525253e-01
4.143564356435643390e+02 1.005892086600699703e-01
4.144064406440643893e+02 7.513878226571948926e-02
4.144564456445644396e+02 5.593343127088762357e-02
4.145064506450644899e+02 4.149285524744242976e-02
4.145564556455645402e+02 3.067395164830635096e-02
4.146064606460645905e+02 2.259751510169140040e-02
4.146564656465646408e+02 1.658999254588545622e-02
4.147064706470646911e+02 1.213741622756874319e-02
4.147564756475647414e+02 8.849135576190334321e-03
4.148064806480647917e+02 6.429393418806649343e-03
4.148564856485648420e+02 4.655150248376530540e-03
4.149064906490648923e+02 3.358860391067048073e-03
4.149564956495649426e+02 2.415153577144493833e-03
4.150065006500649929e+02 1.730581674328497254e-03
4.150565056505650432e+02 1.235759613436628653e-03
4.151065106510650935e+02 8.793675668902433372e-04
4.151565156515651438e+02 6.235932977694439534e-04
4.152065206520651941e+02 4.406836956570123372e-04
4.152565256525652444e+02 3.103466599994034094e-04
4.153065306530652947e+02 2.178019269209580902e-04
4.153565356535653450e+02 1.523249024025508103e-04
4.154065406540653953e+02 1.061633583175345584e-04
4.154565456545654456e+02 7.373487308417664746e-05
4.155065506550654959e+02 5.103472450839899386e-05
4.155565556555655462e+02 3.520085087460644494e-05
4.156065606560655965e+02 2.419552761700302683e-05
4.156565656565656468e+02 1.657339882668207008e-05
4.157065706570656971e+02 1.131312576084399930e-05
4.157565756575657474e+02 7.695701204977164727e-06
4.158065806580657977e+02 5.216849748489708086e-06
4.158565856585658480e+02 3.524219979872919351e-06
4.159065906590658983e+02 2.372532871284027156e-06
4.159565956595659486e+02 1.591680942661541677e-06
4.160066006600659989e+02 1.064129158570956114e-06
4.160566056605660492e+02 7.089689572802315895e-07
4.161066106610660995e+02 4.707113222605803578e-07
4.161566156615661498e+02 3.114415977521757502e-07
4.162066206620662001e+02 2.053492597618399429e-07
4.162566256625662504e+02 1.349286619289040727e-07
4.163066306630663007e+02 8.835066736971764372e-08
4.163566356635663510e+02 5.765141938346817596e-08
4.164066406640664013e+02 3.748907482889496372e-08
4.164566456645664516e+02 2.429371825731843684e-08
4.165066506650665019e+02 1.568836941463436679e-08
4.165566556655665522e+02 1.009615879586075930e-08
4.166066606660666025e+02 6.474840688369207550e-09
4.166566656665666528e+02 4.138057781763751843e-09
4.167066706670667031e+02 2.635472949898144607e-09
4.167566756675667534e+02 1.672688705332588915e-09
4.168066806680668037e+02 1.057952659587423106e-09
4.168566856685668540e+02 6.668250311299391079e-10
4.169066906690669043e+02 4.188438105898789224e-10
4.169566956695669546e+02 2.621723332857834639e-10
4.170067006700670049e+02 1.635370522347270158e-10
4.170567056705670552e+02 1.016576393128988915e-10
4.171067106710671055e+02 6.297358594236901383e-11
4.171567156715671558e+02 3.887508729107957134e-11
4.172067206720672061e+02 2.391546773055696379e-11
4.172567256725672564e+02 1.466158524842147445e-11
4.173067306730673067e+02 8.957308449805232329e-12
4.173567356735673570e+02 5.453416632104148675e-12
4.174067406740674073e+02 3.308677026674889979e-12
4.174567456745674576e+02 2.000481882826046093e-12
4.175067506750675079e+02 1.205339580858958597e-12
4.175567556755675582e+02 7.237336449952019392e-13
4.176067606760676085e+02 4.330545999205549036e-13
4.176567656765676588e+02 2.582266721787066004e-13
4.177067706770677091e+02 1.534454763587534663e-13
4.177567756775677594e+02 9.086604594231584059e-14
4.178067806780678097e+02 5.362208777907396802e-14
4.178567856785678600e+02 3.153409396711445299e-14
4.179067906790679103e+02 1.848040755066272334e-14
4.179567956795679606e+02 1.079287831479853190e-14
4.180068006800680109e+02 6.281416132822093214e-15
4.180568056805680612e+02 3.643110965021568218e-15
4.181068106810681115e+02 2.105628656336705187e-15
4.181568156815681618e+02 1.212790298685465337e-15
4.182068206820682121e+02 6.961201339763212698e-16
4.182568256825682624e+02 3.981779669770425253e-16
4.183068306830683127e+02 2.269680902962862133e-16
4.183568356835683630e+02 1.289279066205589437e-16
4.184068406840684133e+02 7.298331870119803091e-17
4.184568456845684636e+02 4.117132398747571733e-17
4.185068506850685139e+02 2.314518240343577616e-17
4.185568556855685642e+02 1.296644526654494507e-17
4.186068606860686145e+02 7.238953776849693273e-18
4.186568656865686648e+02 4.027404257464036724e-18
4.187068706870687151e+02 2.232899595780779914e-18
4.187568756875687654e+02 1.233694743475161868e-18
4.188068806880688157e+02 6.792674162681377103e-19
4.188568856885688660e+02 3.727077294705118358e-19
4.189068906890689163e+02 2.037936114640815758e-19
4.189568956895689666e+02 1.110471151293510190e-19
4.190069006900690169e+02 6.030017111107746008e-20
4.190569056905690672e+02 3.263054724707642463e-20
4.191069106910691175e+02 1.759643620091239646e-20
4.191569156915691678e+02 9.456264907340633896e-21
4.192069206920692181e+02 5.064179486847633041e-21
4.192569256925692684e+02 2.702670482092778628e-21
4.193069306930693187e+02 1.437380193029005134e-21
4.193569356935693691e+02 7.618066555778261080e-22
4.194069406940694194e+02 4.023577937328128243e-22
4.194569456945694697e+02 2.117749669089515129e-22
4.195069506950695200e+02 1.110788502831349371e-22
4.195569556955695703e+02 5.806075491600436791e-23
4.196069606960696206e+02 3.024325488241964122e-23
4.196569656965696709e+02 1.569888940050934616e-23
4.197069706970697212e+02 8.120894696391965596e-24
4.197569756975697715e+02 4.186329202362129358e-24
4.198069806980698218e+02 2.150589020498972835e-24
4.198569856985698721e+02 1.100971356532287051e-24
4.199069906990699224e+02 5.616802654227705467e-25
4.199569956995699727e+02 2.855596619581999823e-25
4.200070007000700230e+02 1.446768691872782201e-25
4.200570057005700733e+02 7.304590831852233527e-26
4.201070107010701236e+02 3.675252948032644381e-26
4.201570157015701739e+02 1.842778447815021428e-26
4.202070207020702242e+02 9.207750927490508081e-27
4.202570257025702745e+02 4.584886093653755639e-27
4.203070307030702679e+02 2.275087410017655230e-27
4.203570357035703182e+02 1.125024998171512479e-27
4.204070407040703685e+02 5.543969177190446533e-28
4.204570457045704188e+02 2.722538252551394772e-28
4.205070507050704691e+02 1.332360420055983356e-28
4.205570557055705194e+02 6.497765053665255572e-29
4.206070607060705697e+02 3.157917895059016749e-29
4.206570657065706200e+02 1.529439187198946890e-29
4.207070707070706703e+02 7.381729754063965893e-30
4.207570757075707206e+02 3.550410903636514930e-30
4.208070807080707709e+02 1.701741714057397910e-30
4.208570857085708212e+02 8.128365420632638595e-31
4.209070907090708715e+02 3.869076738570805512e-31
4.209570957095709218e+02 1.835295570253328413e-31
4.210071007100709721e+02 8.675594368540414099e-32
4.210571057105710224e+02 4.086834104719443067e-32
4.211071107110710727e+02 1.918533242392934077e-32
4.211571157115711230e+02 8.975242618621529485e-33
4.212071207120711733e+02 4.184249903977075392e-33
4.212571257125712236e+02 1.943943245767327873e-33
4.213071307130712739e+02 9.000032896313004849e-34
4.213571357135713242e+02 4.152399798320051447e-34
4.214071407140713745e+02 1.909188345938384462e-34
4.214571457145714248e+02 8.747680997267744563e-35
4.215071507150714751e+02 3.994216941628502232e-35
4.215571557155715254e+02 1.817460223155930394e-35
4.216071607160715757e+02 8.241243578010263640e-36
4.216571657165716260e+02 3.724047802457443438e-36
4.217071707170716763e+02 1.676999292072780838e-36
4.217571757175717266e+02 7.525721285262942369e-37
4.218071807180717769e+02 3.365689076641475986e-37
4.218571857185718272e+02 1.500301171236644781e-37
4.219071907190718775e+02 6.671398049642356518e-38
4.219571957195719278e+02 2.971929736790343907e-38
4.220072007200719781e+02 1.355341351695171279e-38
4.220572057205720284e+02 6.982389554242397782e-39
4.221072107210720787e+02 5.408498058634044567e-39
4.221572157215721290e+02 7.728821572808185472e-39
4.222072207220721793e+02 1.558061285987270470e-38
4.222572257225722296e+02 3.446964612026939372e-38
4.223072307230722799e+02 7.754051154895159237e-38
4.223572357235723302e+02 1.745083604656701493e-37
4.224072407240723805e+02 3.916738505928680019e-37
4.224572457245724308e+02 8.761729592166263692e-37
4.225072507250724811e+02 1.953266874091057356e-36
4.225572557255725314e+02 4.339404662271530951e-36
4.226072607260725817e+02 9.607130764835630270e-36
4.226572657265726320e+02 2.119590112464729033e-35
4.227072707270726823e+02 4.660200827927390206e-35
4.227572757275727326e+02 1.021061573785673039e-34
4.228072807280727829e+02 2.229429696395649390e-34
4.228572857285728332e+02 4.850987773645019523e-34
4.229072907290728836e+02 1.051867719433655449e-33
4.229572957295729339e+02 2.272932945101518799e-33
4.230073007300729842e+02 4.894481245987577962e-33
4.230573057305730345e+02 1.050319099363599375e-32
4.231073107310730848e+02 2.246106817299598481e-32
4.231573157315731351e+02 4.786676727858784535e-32
4.232073207320731854e+02 1.016558413240741279e-31
4.232573257325732357e+02 2.151419640131737412e-31
4.233073307330732860e+02 4.537456429781997012e-31
4.233573357335733363e+02 9.536617315149048267e-31
4.234073407340733866e+02 1.997426431063519334e-30
4.234573457345734369e+02 4.169094872642108487e-30
4.235073507350734872e+02 8.671761257361719702e-30
4.235573557355735375e+02 1.797493780613901111e-29
4.236073607360735878e+02 3.712975033079546915e-29
4.236573657365736381e+02 7.643129366217397184e-29
4.237073707370736884e+02 1.567887655862718114e-28
4.237573757375737387e+02 3.205185875758013053e-28
4.238073807380737890e+02 6.529592049280027264e-28
4.238573857385738393e+02 1.325602840135991426e-27
4.239073907390738896e+02 2.681855364358430507e-27
4.239573957395739399e+02 5.406943448721761530e-27
4.240074007400739902e+02 1.086332697204436815e-26
4.240574057405740405e+02 2.175045890985319168e-26
4.241074107410740908e+02 4.339788318903143978e-26
4.241574157415741411e+02 8.629054610104501887e-26
4.242074207420741914e+02 1.709828049704797833e-25
4.242574257425742417e+02 3.376262509024689363e-25
4.243074307430742920e+02 6.643769002840679879e-25
4.243574357435743423e+02 1.302828921221621532e-24
4.244074407440743926e+02 2.545978937663361225e-24
4.244574457445744429e+02 4.958117002983671642e-24
4.245074507450744932e+02 9.622175742694223997e-24
4.245574557455745435e+02 1.860905619172177845e-23
4.246074607460745938e+02 3.586492762416414097e-23
4.246574657465746441e+02 6.888269323383754283e-23
4.247074707470746944e+02 1.318392818136145626e-22
4.247574757475747447e+02 2.514629967737305498e-22
4.248074807480747950e+02 4.779669793703464741e-22
4.248574857485748453e+02 9.053494672639838078e-22
4.249074907490748956e+02 1.708949209464933546e-21
4.249574957495749459e+02 3.214671571709636056e-21
4.250075007500749962e+02 6.026131614444758699e-21
4.250575057505750465e+02 1.125732397124362080e-20
4.251075107510750968e+02 2.095686258189939034e-20
4.251575157515751471e+02 3.887871617638164968e-20
4.252075207520751974e+02 7.187735949677228370e-20
4.252575257525752477e+02 1.324240488268091932e-19
4.253075307530752980e+02 2.431286613588987663e-19
4.253575357535753483e+02 4.448360795926479507e-19
4.254075407540753986e+02 8.110701144471858111e-19
4.254575457545754489e+02 1.473707666456698848e-18
4.255075507550754992e+02 2.668448560243529124e-18
4.255575557555755495e+02 4.815050837470942957e-18
4.256075607560755998e+02 8.658396446394269386e-18
4.256575657565756501e+02 1.551560113655609863e-17
4.257075707570757004e+02 2.770730560258978618e-17
4.257575757575757507e+02 4.930767583402014736e-17
4.258075807580758010e+02 8.744385960907728360e-17
4.258575857585758513e+02 1.545391977757104749e-16
4.259075907590759016e+02 2.721714315343933116e-16
4.259575957595759519e+02 4.776843032842902629e-16
4.260076007600760022e+02 8.354759495467440508e-16
4.260576057605760525e+02 1.456201531645972081e-15
4.261076107610761028e+02 2.529318749440836533e-15
4.261576157615761531e+02 4.378044708039793833e-15
4.262076207620762034e+02 7.551815481003216243e-15
4.262576257625762537e+02 1.298126742093828465e-14
4.263076307630763040e+02 2.223706022971226066e-14
4.263576357635763543e+02 3.796052384835583903e-14
4.264076407640764046e+02 6.457755092085958718e-14
4.264576457645764549e+02 1.094776567013939613e-13
4.265076507650765052e+02 1.849541006149584786e-13
4.265576557655765555e+02 3.113844959113393855e-13
4.266076607660766058e+02 5.224257251849889500e-13
4.266576657665766561e+02 8.734673434212884962e-13
4.267076707670767064e+02 1.455336225647821944e-12
4.267576757675767567e+02 2.416431875569881303e-12
4.268076807680768070e+02 3.998345518109476914e-12
4.268576857685768573e+02 6.592962949674328630e-12
4.269076907690769076e+02 1.083366739552547667e-11
4.269576957695769579e+02 1.774046136839719283e-11
4.270077007700770082e+02 2.895002019803967523e-11
4.270577057705770585e+02 4.707901641889632859e-11
4.271077107710771088e+02 7.629576636803816410e-11
4.271577157715771591e+02 1.232162671029533667e-10
4.272077207720772094e+02 1.983034199786483871e-10
4.272577257725772597e+02 3.180437824681191315e-10
4.273077307730773100e+02 5.083211317758573343e-10
4.273577357735773603e+02 8.096251079759826753e-10
4.274077407740774106e+02 1.285062707258453563e-09
4.274577457745774609e+02 2.032634169100238844e-09
4.275077507750775112e+02 3.203971706554516902e-09
4.275577557755775615e+02 5.032834758958198680e-09
4.276077607760776118e+02 7.878276516850114032e-09
4.276577657765776621e+02 1.228978589971024271e-08
4.277077707770777124e+02 1.910521649155632150e-08
4.277577757775777627e+02 2.959744065163746948e-08
4.278077807780778130e+02 4.569312936985656819e-08
4.278577857785778633e+02 7.029787472759970500e-08
4.279077907790779136e+02 1.077774831009121350e-07
4.279577957795779639e+02 1.646677033325318047e-07
4.280078007800780142e+02 2.507167607885944607e-07
4.280578057805780645e+02 3.804108164121807360e-07
4.281078107810781148e+02 5.751973740508642414e-07
4.281578157815781651e+02 8.667133406607177828e-07
4.282078207820782154e+02 1.301453384091636303e-06
4.282578257825782657e+02 1.947494776929369305e-06
4.283078307830783160e+02 2.904146596987511147e-06
4.283578357835783663e+02 4.315740444068053797e-06
4.284078407840784166e+02 6.391262409992655296e-06
4.284578457845784669e+02 9.432189758195065328e-06
4.285078507850785172e+02 1.387180447350822012e-05
4.285578557855785675e+02 2.033049425684069282e-05
4.286078607860786178e+02 2.969323149489367720e-05
4.286578657865786681e+02 4.321768903681666771e-05
4.287078707870787184e+02 6.268449990153815866e-05
4.287578757875787687e+02 9.060524508209244195e-05
4.288078807880788190e+02 1.305091804407717605e-04
4.288578857885788693e+02 1.873369021602571674e-04
4.289078907890789196e+02 2.679786255167635909e-04
4.289578957895789699e+02 3.820071794172217108e-04
4.290079007900790202e+02 5.426720372414900679e-04
4.290579057905790705e+02 7.682417613954549505e-04
4.291079107910791208e+02 1.083809437143411561e-03
4.291579157915791711e+02 1.523710617759829571e-03
4.292079207920792214e+02 2.134747966052504692e-03
4.292579257925792717e+02 2.980473549203491689e-03
4.293079307930793220e+02 4.146851509368309693e-03
4.293579357935793723e+02 5.749714040882026450e-03
4.294079407940794226e+02 7.944536344106809325e-03
4.294579457945794729e+02 1.093919629477966421e-02
4.295079507950795232e+02 1.501055754251687767e-02
4.295579557955795735e+02 2.052592704133516729e-02
4.296079607960796238e+02 2.797069689439816639e-02
4.296579657965796741e+02 3.798379401416056289e-02
4.297079707970797244e+02 5.140293844716492533e-02
4.297579757975797747e+02 6.932216203225928519e-02
4.298079807980798250e+02 9.316457369096635410e-02
4.298579857985798753e+02 1.247739867827408200e-01
4.299079907990799256e+02 1.665297582972994905e-01
4.299579957995799759e+02 2.214900394394867800e-01
4.300080008000800262e+02 2.935696115505740944e-01
4.300580058005800765e+02 3.877595876121028295e-01
4.301080108010801268e+02 5.103975022981963594e-01
4.301580158015801771e+02 6.694976932390052093e-01
4.302080208020802274e+02 8.751533881159175854e-01
4.302580258025802777e+02 1.140023544921485499e+00
4.303080308030803280e+02 1.479919226201944715e+00
4.303580358035803783e+02 1.914506092082595146e+00
4.304080408040804286e+02 2.468141428885613831e+00
4.304580458045804789e+02 3.170865933604888554e+00
4.305080508050805292e+02 4.059572176880087646e+00
4.305580558055805795e+02 5.179373178313910309e+00
4.306080608060806298e+02 6.585195739043373742e+00
4.306580658065806801e+02 8.343623958811281938e+00
4.307080708070807304e+02 1.053501857007688081e+01
4.307580758075807807e+02 1.325593718275869648e+01
4.308080808080808310e+02 1.662187906587508479e+01
4.308580858085808813e+02 2.077037549882004441e+01
4.309080908090809316e+02 2.586444279857789397e+01
4.309580958095809819e+02 3.209640966072052493e+01
4.310081008100810323e+02 3.969212323830605982e+01
4.310581058105810826e+02 4.891552923657523877e+01
4.311081108110811329e+02 6.007361006338151554e+01
4.311581158115811832e+02 7.352165162797290066e+01
4.312081208120812335e+02 8.966879366314529420e+01
4.312581258125812838e+02 1.089838004697291467e+02
4.313081308130813341e+02 1.320009688489381574e+02
4.313581358135813844e+02 1.593260679038505145e+02
4.314081408140814347e+02 1.916421816833317848e+02
4.314581458145814850e+02 2.297153007706380663e+02
4.315081508150815353e+02 2.743994834884800298e+02
4.315581558155815856e+02 3.266413821545794463e+02
4.316081608160816359e+02 3.874839056766452927e+02
4.316581658165816862e+02 4.580687677638541118e+02
4.317081708170817365e+02 5.396376513194149993e+02
4.317581758175817868e+02 6.335317054335354214e+02
4.318081808180818371e+02 7.411890831546112395e+02
4.318581858185818874e+02 8.641402272418755501e+02
4.319081908190819377e+02 1.004000618733008992e+03
4.319581958195819880e+02 1.162460720648947245e+03
4.320082008200820383e+02 1.341272877607815417e+03
4.320582058205820886e+02 1.542234972411205263e+03
4.321082108210821389e+02 1.767170693384096694e+03
4.321582158215821892e+02 2.017906331612552776e+03
4.322082208220821826e+02 2.296244105013521221e+03
4.322582258225822329e+02 2.603932095681223927e+03
4.323082308230822832e+02 2.942630986923114506e+03
4.323582358235823335e+02 3.313877895034529502e+03
4.324082408240823838e+02 3.719047705731437418e+03
4.324582458245824341e+02 4.159312443351673210e+03
4.325082508250824844e+02 4.635599318952651629e+03
4.325582558255825347e+02 5.148548217376177490e+03
4.326082608260825850e+02 5.698469488961256502e+03
4.326582658265826353e+02 6.285303004394208983e+03
4.327082708270826856e+02 6.908579506661832966e+03
4.327582758275827359e+02 7.567385347800797717e+03
4.328082808280827862e+02 8.260331726000731578e+03
4.328582858285828365e+02 8.985529537005180828e+03
4.329082908290828868e+02 9.740570919744886851e+03
4.329582958295829371e+02 1.052251850769512203e+04
4.330083008300829874e+02 1.132790329358466442e+04
4.330583058305830377e+02 1.215273187599507219e+04
4.331083108310830880e+02 1.299250368355526007e+04
4.331583158315831383e+02 1.384223856867245377e+04
4.332083208320831886e+02 1.469651493219460826e+04
4.332583258325832389e+02 1.554951828849251797e+04
4.333083308330832892e+02 1.639509991376056132e+04
4.333583358335833395e+02 1.722684494642046047e+04
4.334083408340833898e+02 1.803814903568054797e+04
4.334583458345834401e+02 1.882230237133362607e+04
4.335083508350834904e+02 1.957257968370854724e+04
4.335583558355835407e+02 2.028233458608240471e+04
4.336083608360835910e+02 2.094509645103925504e+04
4.336583658365836413e+02 2.155466787458016552e+04
4.337083708370836916e+02 2.210522069340091912e+04
4.337583758375837419e+02 2.259138848632273948e+04
4.338083808380837922e+02 2.300835351333005747e+04
4.338583858385838425e+02 2.335192612608210402e+04
4.339083908390838928e+02 2.361861482117251944e+04
4.339583958395839431e+02 2.380568529885020325e+04
4.340084008400839934e+02 2.391120713047576282e+04
4.340584058405840437e+02 2.393408692096293817e+04
4.341084108410840940e+02 2.387408716956319768e+04
4.341584158415841443e+02 2.373183037403701019e+04
4.342084208420841946e+02 2.350878827903433194e+04
4.342584258425842449e+02 2.320725652836355584e+04
4.343084308430842952e+02 2.283031533163051063e+04
4.343584358435843455e+02 2.238177708764912313e+04
4.344084408440843958e+02 2.186612220994908785e+04
4.344584458445844461e+02 2.128842466460740252e+04
4.345084508450844964e+02 2.065426894990267101e+04
4.345584558455845468e+02 1.996966041500690335e+04
4.346084608460845971e+02 1.924093092703942602e+04
4.346584658465846474e+02 1.847464195024750734e+04
4.347084708470846977e+02 1.767748709779941782e+04
4.347584758475847480e+02 1.685619615759033331e+04
4.348084808480847983e+02 1.601744248230853191e+04
4.348584858485848486e+02 1.516775547615407413e+04
4.349084908490848989e+02 1.431343971277229866e+04
4.349584958495849492e+02 1.346050198894715140e+04
4.350085008500849995e+02 1.261458736490291085e+04
4.350585058505850498e+02 1.178092497356969579e+04
4.351085108510851001e+02 1.096428410678663386e+04
4.351585158515851504e+02 1.016894081475176790e+04
4.352085208520852007e+02 9.398654994083030033e+03
4.352585258525852510e+02 8.656657696773672797e+03
4.353085308530853013e+02 7.945648173186395070e+03
4.353585358535853516e+02 7.267799971895206909e+03
4.354085408540854019e+02 6.624775261206495088e+03
4.354585458545854522e+02 6.017746413784641845e+03
4.355085508550855025e+02 5.447423807867939104e+03
4.355585558555855528e+02 4.914088745738805301e+03
4.356085608560856031e+02 4.417630370930754907e+03
4.356585658565856534e+02 3.957585477659927164e+03
4.357085708570857037e+02 3.533180145906023881e+03
4.357585758575857540e+02 3.143372199574086608e+03
4.358085808580858043e+02 2.786893568970105207e+03
4.358585858585858546e+02 2.462291737929896954e+03
4.359085908590859049e+02 2.167969565828576833e+03
4.359585958595859552e+02 1.902222890975965583e+03
4.360086008600860055e+02 1.663275440456260412e+03
4.360586058605860558e+02 1.449310688573692005e+03
4.361086108610861061e+02 1.258500418475662400e+03
4.361586158615861564e+02 1.089029846534807348e+03
4.362086208620862067e+02 9.391192645458122570e+02
4.362586258625862570e+02 8.070422391705391192e+02
4.363086308630863073e+02 6.911404803427709567e+02
4.363586358635863576e+02 5.898355500388895507e+02
4.364086408640864079e+02 5.016376299188099210e+02
4.364586458645864582e+02 4.251516012338153132e+02
4.365086508650865085e+02 3.590807138112303392e+02
4.365586558655865588e+02 3.022281338491861788e+02
4.366086608660866091e+02 2.534966638668844894e+02
4.366586658665866594e+02 2.118869237559770795e+02
4.367086708670867097e+02 1.764942708231325526e+02
4.367586758675867600e+02 1.465047203595476617e+02
4.368086808680868103e+02 1.211901079305733901e+02
4.368586858685868606e+02 9.990271147351820957e+01
4.369086908690869109e+02 8.206952653634468220e+01
4.369586958695869612e+02 6.718636256330104572e+01
4.370087008700870115e+02 5.481190286970826264e+01
4.370587058705870618e+02 4.456184653240104154e+01
4.371087108710871121e+02 3.610322739336778852e+01
4.371587158715871624e+02 2.914898413128959476e+01
4.372087208720872127e+02 2.345283617027472189e+01
4.372587258725872630e+02 1.880450322445724609e+01
4.373087308730873133e+02 1.502529158030384693e+01
4.373587358735873636e+02 1.196405777264559056e+01
4.374087408740874139e+02 9.493550027348129916e+00
4.374587458745874642e+02 7.507119585095133552e+00
4.375087508750875145e+02 5.915787613608099349e+00
4.375587558755875648e+02 4.645648663981805093e+00
4.376087608760876151e+02 3.635588323659900034e+00
4.376587658765876654e+02 2.835290654958380063e+00
4.377087708770877157e+02 2.203509980545573121e+00
4.377587758775877660e+02 1.706581393719368567e+00
4.378087808780878163e+02 1.317144854818587563e+00
4.378587858785878666e+02 1.013058726764038742e+00
4.379087908790879169e+02 7.764799630280163623e-01
4.379587958795879672e+02 5.930897705387809804e-01
4.380088008800880175e+02 4.514453277636299444e-01
4.380588058805880678e+02 3.424399624427248989e-01
4.381088108810881181e+02 2.588560190042438758e-01
4.381588158815881684e+02 1.949964225569083831e-01
4.382088208820882187e+02 1.463826377616142260e-01
4.382588258825882690e+02 1.095083013996845794e-01
4.383088308830883193e+02 8.163926111554788145e-02
4.383588358835883696e+02 6.065207135205469280e-02
4.384088408840884199e+02 4.490417874233516154e-02
4.384588458845884702e+02 3.313007565344989330e-02
4.385088508850885205e+02 2.435861808453865240e-02
4.385588558855885708e+02 1.784750095161028935e-02
4.386088608860886211e+02 1.303156967245942127e-02
4.386588658865886714e+02 9.482232411303583366e-03
4.387088708870887217e+02 6.875733101859597338e-03
4.387588758875887720e+02 4.968462010591663709e-03
4.388088808880888223e+02 3.577828224738907950e-03
4.388588858885888726e+02 2.567506472191131896e-03
4.389088908890889229e+02 1.836107722591713695e-03
4.389588958895889732e+02 1.308516840570809591e-03
4.390089008900890235e+02 9.292980470143223995e-04
4.390589058905890738e+02 6.576961225452297548e-04
4.391089108910891241e+02 4.638633791944495629e-04
4.391589158915891744e+02 3.260239030733426066e-04
4.392089208920892247e+02 2.283512252644620685e-04
4.392589258925892750e+02 1.593865972859662594e-04
4.393089308930893253e+02 1.108650866625321885e-04
4.393589358935893188e+02 7.684796146627091576e-05
4.394089408940893691e+02 5.308409908990734263e-05
4.394589458945894194e+02 3.654189789570752789e-05
4.395089508950894697e+02 2.506757351907993334e-05
4.395589558955895200e+02 1.713673353640369365e-05
4.396089608960895703e+02 1.167450133761022696e-05
4.396589658965896206e+02 7.925801359998498478e-06
4.397089708970896709e+02 5.362194674352910390e-06
4.397589758975897212e+02 3.615234886841253903e-06
4.398089808980897715e+02 2.428985993460638821e-06
4.398589858985898218e+02 1.626327668519013922e-06
4.399089908990898721e+02 1.085139668221678158e-06
4.399589958995899224e+02 7.215356234954832967e-07
4.400090009000899727e+02 4.781062982778350675e-07
4.400590059005900230e+02 3.157080827427790635e-07
4.401090109010900733e+02 2.077502168272335854e-07
4.401590159015901236e+02 1.362359798220029447e-07
4.402090209020901739e+02 8.903006744487421285e-08
4.402590259025902242e+02 5.797972272683836763e-08
4.403090309030902745e+02 3.762791157887114309e-08
4.403590359035903248e+02 2.433540870395312471e-08
4.404090409040903751e+02 1.568417657583712462e-08
4.404590459045904254e+02 1.007347587241347009e-08
4.405090509050904757e+02 6.447502616378379117e-09
4.405590559055905260e+02 4.112427479494767985e-09
4.406090609060905763e+02 2.613963547016667482e-09
4.406590659065906266e+02 1.655752235803274601e-09
4.407090709070906769e+02 1.045167080671779060e-09
4.407590759075907272e+02 6.574619804786538028e-10
4.408090809080907775e+02 4.121450742944875744e-10
4.408590859085908278e+02 2.574685178156623106e-10
4.409090909090908781e+02 1.602849333458275015e-10
4.409590959095909284e+02 9.943878699922409055e-11
4.410091009100909787e+02 6.147711573060536239e-11
4.410591059105910290e+02 3.787613874621764384e-11
4.411091109110910793e+02 2.325479217365825019e-11
4.411591159115911296e+02 1.422832495781111795e-11
4.412091209120911799e+02 8.675402577127084285e-12
4.412591259125912302e+02 5.271328090495433067e-12
4.413091309130912805e+02 3.191868622182332658e-12
4.413591359135913308e+02 1.926036512754806916e-12
4.414091409140913811e+02 1.158186700217733939e-12
4.414591459145914314e+02 6.940442810411525330e-13
4.415091509150914817e+02 4.144673605315304094e-13
4.415591559155915320e+02 2.466539300837492107e-13
4.416091609160915823e+02 1.462784308755635104e-13
4.416591659165916326e+02 8.645041755895756208e-14
4.417091709170916829e+02 5.091531634686935645e-14
4.417591759175917332e+02 2.988301044450349521e-14
4.418091809180917835e+02 1.747812317645996650e-14
4.418591859185918338e+02 1.018731637527809862e-14
4.419091909190918841e+02 5.917242130015704146e-15
4.419591959195919344e+02 3.425101426402002375e-15
4.420092009200919847e+02 1.975704920726974411e-15
4.420592059205920350e+02 1.135704313651442783e-15
4.421092109210920853e+02 6.505834603379796461e-16
4.421592159215921356e+02 3.713943647546295083e-16
4.422092209220921859e+02 2.112818303164468136e-16
4.422592259225922362e+02 1.197797879979449133e-16
4.423092309230922865e+02 6.767051452898095666e-17
4.423592359235923368e+02 3.809868325786537908e-17
4.424092409240923871e+02 2.137543701751410179e-17
4.424592459245924374e+02 1.195128458468934228e-17
4.425092509250924877e+02 6.658995513791238864e-18
4.425592559255925380e+02 3.697408247160817459e-18
4.426092609260925883e+02 2.045882265952189061e-18
4.426592659265926386e+02 1.128128105219253418e-18
4.427092709270926889e+02 6.199130074596872936e-19
4.427592759275927392e+02 3.394670514510496892e-19
4.428092809280927895e+02 1.852503581194493436e-19
4.428592859285928398e+02 1.007430356585390276e-19
4.429092909290928901e+02 5.459659512311291178e-20
4.429592959295929404e+02 2.948564510291322380e-20
4.430093009300929907e+02 1.586902549052730868e-20
4.430593059305930410e+02 8.511075253708465520e-21
4.431093109310930913e+02 4.548970832590194271e-21
4.431593159315931416e+02 2.422905204639176100e-21
4.432093209320931919e+02 1.286039306105858337e-21
4.432593259325932422e+02 6.802469621303109193e-22
4.433093309330932925e+02 3.585696509583750825e-22
4.433593359335933428e+02 1.883540638855952995e-22
4.434093409340933931e+02 9.859865944004182126e-23
4.434593459345934434e+02 5.143533521637648252e-23
4.435093509350934937e+02 2.673909399156237166e-23
4.435593559355935440e+02 1.385244230670028040e-23
4.436093609360935943e+02 7.151556288365516538e-24
4.436593659365936446e+02 3.679334911893323645e-24
4.437093709370936949e+02 1.886394972906292365e-24
4.437593759375937452e+02 9.638079147633824049e-25
4.438093809380937955e+02 4.907303238945683077e-25
4.438593859385938458e+02 2.489945556688849959e-25
4.439093909390938961e+02 1.259016309539131397e-25
4.439593959395939464e+02 6.344061871620666887e-26
4.440094009400939967e+02 3.185649658510648509e-26
4.440594059405940470e+02 1.594127905608279756e-26
4.441094109410940973e+02 7.949555851133039151e-27
4.441594159415941476e+02 3.950545921895406830e-27
4.442094209420941979e+02 1.956437204655619470e-27
4.442594259425942482e+02 9.655377549921129467e-28
4.443094309430942985e+02 4.748617152403454578e-28
4.443594359435943488e+02 2.327338759133799157e-28
4.444094409440943991e+02 1.136701927826638883e-28
4.444594459445944494e+02 5.532585571485662874e-29
4.445094509450944997e+02 2.683516265496996002e-29
4.445594559455945500e+02 1.297104222630284174e-29
4.446094609460946003e+02 6.247986223074202308e-30
4.446594659465946506e+02 2.999161153582584002e-30
4.447094709470947009e+02 1.434676848998914480e-30
4.447594759475947512e+02 6.839162569487001914e-31
4.448094809480948015e+02 3.248974577335448439e-31
4.448594859485948518e+02 1.538098851614454594e-31
4.449094909490949021e+02 7.256325096656163684e-32
4.449594959495949524e+02 3.411487343446603394e-32
4.450095009500950027e+02 1.598325933273083350e-32
4.450595059505950530e+02 7.462450728368147067e-33
4.451095109510951033e+02 3.472099451740085296e-33
4.451595159515951536e+02 1.609894381605623717e-33
4.452095209520952039e+02 7.438702022118194722e-34
4.452595259525952542e+02 3.425243797592115240e-34
4.453095309530953045e+02 1.571738762423350903e-34
4.453595359535953548e+02 7.187267156246332568e-35
4.454095409540954051e+02 3.275229684210080384e-35
4.454595459545954554e+02 1.487353787252720939e-35
4.455095509550955057e+02 6.731027343028890628e-36
4.455595559555955560e+02 3.035589030969176667e-36
4.456095609560956063e+02 1.364266276476035259e-36
4.456595659565956566e+02 6.110121718721499236e-37
4.457095709570957069e+02 2.727062734522340027e-37
4.457595759575957572e+02 1.212927784718622897e-37
4.458095809580958075e+02 5.376124399669375991e-38
4.458595859585958578e+02 2.374642428313173674e-38
4.459095909590959081e+02 1.045253633424038105e-38
4.459595959595959584e+02 4.585003774533759045e-39
4.460096009600960087e+02 2.004251688421182155e-39
4.460596059605960590e+02 8.730907109552201248e-40
4.461096109610961093e+02 3.790190390255196188e-40
4.461596159615961597e+02 1.639672955684331360e-40
4.462096209620962100e+02 7.068837367446397867e-41
4.462596259625962603e+02 3.036919605795183501e-41
4.463096309630963106e+02 1.300208945190237643e-41
4.463596359635963609e+02 5.547375355349529421e-42
4.464096409640964112e+02 2.358612006407919420e-42
4.464596459645964615e+02 9.993554979542265540e-43
4.465096509650965118e+02 4.219665801883748090e-43
4.465596559655965621e+02 1.775540795010970143e-43
4.466096609660966124e+02 7.445224590729079305e-44
4.466596659665966627e+02 3.111139608741722649e-44
4.467096709670967130e+02 1.295554675129609874e-44
4.467596759675967633e+02 5.376337708848471208e-45
4.468096809680968136e+02 2.223370731912770062e-45
4.468596859685968639e+02 9.162875318802298452e-46
4.469096909690969142e+02 3.763103980266646897e-46
4.469596959695969645e+02 1.540122300222269133e-46
4.470097009700970148e+02 6.281433246044314472e-47
4.470597059705970651e+02 2.553035403356179464e-47
4.471097109710971154e+02 1.034068895090747672e-47
4.471597159715971657e+02 4.173848306087820640e-48
4.472097209720972160e+02 1.678875132453132224e-48
4.472597259725972663e+02 6.729684135178708316e-49
4.473097309730973166e+02 2.688224369888712781e-49
4.473597359735973669e+02 1.070116094775884747e-49
4.474097409740974172e+02 4.245128365290295251e-50
4.474597459745974675e+02 1.678206145542940193e-50
4.475097509750975178e+02 6.611413741710132664e-51
4.475597559755975681e+02 2.595600887966548262e-51
4.476097609760976184e+02 1.015490911642431205e-51
4.476597659765976687e+02 3.959211632286611644e-52
4.477097709770977190e+02 1.538281940916434103e-52
4.477597759775977693e+02 5.956041501998016847e-53
4.478097809780978196e+02 2.298127067619457825e-53
4.478597859785978699e+02 8.836594160819759088e-54
4.479097909790979202e+02 3.386026324025468062e-54
4.479597959795979705e+02 1.292975511686664409e-54
4.480098009800980208e+02 4.920223354447840293e-55
4.480598059805980711e+02 1.865837792683429300e-55
4.481098109810981214e+02 7.051110194118417891e-56
4.481598159815981717e+02 2.655434950835449019e-56
4.482098209820982220e+02 9.965713126286184931e-57
4.482598259825982723e+02 3.727139471406155072e-57
4.483098309830983226e+02 1.389112619484715348e-57
4.483598359835983729e+02 5.159336067900307190e-58
4.484098409840984232e+02 1.909610209108136035e-58
4.484598459845984735e+02 7.043527049766776062e-59
4.485098509850985238e+02 2.588988937350671880e-59
4.485598559855985741e+02 9.483414904314805887e-60
4.486098609860986244e+02 3.461735305717426582e-60
4.486598659865986747e+02 1.259266100120293918e-60
4.487098709870987250e+02 4.564946750024354125e-61
4.487598759875987753e+02 1.649105607840005817e-61
4.488098809880988256e+02 5.936845815699365595e-62
4.488598859885988759e+02 2.129892188097650516e-62
4.489098909890989262e+02 7.614721430562949822e-63
4.489598959895989765e+02 2.712969857820978297e-63
4.490099009900990268e+02 9.632310328257495508e-64
4.490599059905990771e+02 3.408085741489756983e-64
4.491099109910991274e+02 1.201669691675661252e-64
4.491599159915991777e+02 4.222350211252032110e-65
4.492099209920992280e+02 1.478488480127879378e-65
4.492599259925992783e+02 5.159126623158242921e-66
4.493099309930993286e+02 1.794027013733248001e-66
4.493599359935993789e+02 6.216934878225435663e-67
4.494099409940994292e+02 2.146931594433807820e-67
4.494599459945994795e+02 7.388472225320497194e-68
4.495099509950995298e+02 2.533877597879876981e-68
4.495599559955995801e+02 8.659865915861279212e-69
4.496099609960996304e+02 2.949383541789131296e-69
4.496599659965996807e+02 1.001027218035165463e-69
4.497099709970997310e+02 3.385751416166714028e-70
4.497599759975997813e+02 1.141192215146934567e-70
4.498099809980998316e+02 3.833161177236154219e-71
4.498599859985998819e+02 1.283068699221182752e-71
4.499099909990999322e+02 4.279936137643075240e-72
4.499599959995999825e+02 1.422719277644859317e-72
4.500100010001000328e+02 4.712981038593178689e-73
4.500600060006000831e+02 1.555846394454009068e-73
4.501100110011001334e+02 5.118377244869310461e-74
4.501600160016001837e+02 1.678001772045949057e-74
4.502100210021002340e+02 5.482101690337450015e-75
4.502600260026002843e+02 1.784827744510081227e-75
4.503100310031003346e+02 5.790820168076014739e-76
4.503600360036003849e+02 1.872312760642681910e-76
4.504100410041004352e+02 6.032693558514375898e-77
4.504600460046004855e+02 1.937040414465345884e-77
4.505100510051005358e+02 6.198129526287558858e-78
4.505600560056005861e+02 1.976410545391882472e-78
4.506100610061006364e+02 6.280413321743975272e-79
4.506600660066006867e+02 1.988812490107313618e-79
4.507100710071007370e+02 6.276159908527084604e-80
4.507600760076007873e+02 1.973734401751233143e-80
4.508100810081008376e+02 6.185544993598207515e-81
4.508600860086008879e+02 1.931798296265237617e-81
4.509100910091009382e+02 6.012292985445749099e-82
4.509600960096009885e+02 1.864717481777059801e-82
4.510101010101010388e+02 5.763423030557353809e-83
4.510601060106010891e+02 1.775180431305901149e-83
4.511101110111011394e+02 5.448777262005129153e-84
4.511601160116011897e+02 1.666672067844444978e-84
4.512101210121012400e+02 5.080375442516348184e-85
4.512601260126012335e+02 1.543249013597051903e-85
4.513101310131012838e+02 4.671654937349464121e-86
4.513601360136013341e+02 1.409288976411668293e-86
4.514101410141013844e+02 4.236662821485762645e-87
4.514601460146014347e+02 1.269235753671415936e-87
4.515101510151014850e+02 3.789267300686886072e-88
4.515601560156015353e+02 1.127360296726187562e-88
4.516101610161015856e+02 3.342448915454294159e-89
4.516601660166016359e+02 9.875551768883012616e-90
4.517101710171016862e+02 2.907719510030203244e-90
4.517601760176017365e+02 8.531751547665969856e-91
4.518101810181017868e+02 2.494700639121649510e-91
4.518601860186018371e+02 7.269310600683206992e-92
4.519101910191018874e+02 2.110875221350411867e-92
4.519601960196019377e+02 6.108385635044646692e-93
4.520102010201019880e+02 1.761509060411870683e-93
4.520602060206020383e+02 5.062183273140587611e-94
4.521102110211020886e+02 1.449724226580285121e-94
4.521602160216021389e+02 4.137399689802876791e-95
4.522102210221021892e+02 1.176695540422468123e-95
4.522602260226022395e+02 3.334995762475137401e-96
4.523102310231022898e+02 9.419351730072853445e-97
4.523602360236023401e+02 2.651192674559871256e-97
4.524102410241023904e+02 7.436286555241240142e-98
4.524602460246024407e+02 2.078574004584656773e-98
4.525102510251024910e+02 5.789878033149536980e-99
4.525602560256025413e+02 1.607192465473841935e-99
4.526102610261025916e+02 4.445912481666252564e-100
4.526602660266026419e+02 1.225599230996003029e-100
4.527102710271026922e+02 3.366902958243707109e-101
4.527602760276027425e+02 9.217375231227636082e-102
4.528102810281027928e+02 2.514655433109010273e-102
4.528602860286028431e+02 6.836664235136844473e-103
4.529102910291028934e+02 1.852271166914645417e-103
4.529602960296029437e+02 5.001029663519033755e-104
4.530103010301029940e+02 1.345577894076082331e-104
4.530603060306030443e+02 3.607885993695629373e-105
4.531103110311030946e+02 9.640317040014610330e-106
4.531603160316031449e+02 2.566991181244383010e-106
4.532103210321031952e+02 6.811644680977820223e-107
4.532603260326032455e+02 1.801250620444188806e-107
4.533103310331032958e+02 4.746689789637274773e-108
4.533603360336033461e+02 1.246528194303202654e-108
4.534103410341033964e+02 3.262179923594558938e-109
4.534603460346034467e+02 8.507623540033973689e-110
4.535103510351034970e+02 2.211073435258935044e-110
4.535603560356035473e+02 5.726544215771658212e-111
4.536103610361035976e+02 1.478007435201802955e-111
4.536603660366036479e+02 3.801501517806020513e-112
4.537103710371036982e+02 9.743797879231888495e-113
4.537603760376037485e+02 2.488833901678443160e-113
4.538103810381037988e+02 6.335167618873613156e-114
4.538603860386038491e+02 1.606996220481231068e-114
4.539103910391038994e+02 4.062245343149990047e-115
4.539603960396039497e+02 1.023321249817174206e-115
4.540104010401040000e+02 2.568930675222924133e-116
4.540604060406040503e+02 6.426689614734071932e-117
4.541104110411041006e+02 1.602200325152980154e-117
4.541604160416041509e+02 3.980529569290112660e-118
4.542104210421042012e+02 9.855063846929609683e-119
4.542604260426042515e+02 2.431490510769587520e-119
4.543104310431043018e+02 5.978335239030050509e-120
4.543604360436043521e+02 1.464814058354272372e-120
4.544104410441044024e+02 3.576673384938783651e-121
4.544604460446044527e+02 8.703032705221897987e-122
4.545104510451045030e+02 2.110359759250745441e-122
4.545604560456045533e+02 5.099609570787310694e-123
4.546104610461046036e+02 1.228038286275460691e-123
4.546604660466046539e+02 2.947008817459642524e-124
4.547104710471047042e+02 7.047669222222666553e-125
4.547604760476047545e+02 1.679593320295206809e-125
4.548104810481048048e+02 3.988938255739037658e-126
4.548604860486048551e+02 9.440718280810126916e-127
4.549104910491049054e+02 2.226626180585271157e-127
4.549604960496049557e+02 5.233402447852799894e-128
4.550105010501050060e+02 1.225788391519654839e-128
4.550605060506050563e+02 2.861155251726878569e-129
4.551105110511051066e+02 6.655211978338066247e-130
4.551605160516051569e+02 1.542683770940741340e-130
4.552105210521052072e+02 3.563579709959073536e-131
4.552605260526052575e+02 8.203337757795589659e-132
4.553105310531053078e+02 1.881868435297806339e-132
4.553605360536053581e+02 4.302119518268796551e-133
4.554105410541054084e+02 9.800996497740369019e-134
4.554605460546054587e+02 2.225115430765007537e-134
4.555105510551055090e+02 5.034187719915501549e-135
4.555605560556055593e+02 1.135012946454625443e-135
4.556105610561056096e+02 2.550156149226794537e-136
4.556605660566056599e+02 5.709883941516502250e-137
4.557105710571057102e+02 1.274037869424026025e-137
4.557605760576057605e+02 2.832904552372312581e-138
4.558105810581058108e+02 6.277346423492741508e-139
4.558605860586058611e+02 1.386164586837710791e-139
4.559105910591059114e+02 3.050338607062149031e-140
4.559605960596059617e+02 6.689225742858225210e-141
4.560106010601060120e+02 1.461834483535989641e-141
4.560606060606060623e+02 3.183575114143717772e-142
4.561106110611061126e+02 6.909180664636771884e-143
4.561606160616061629e+02 1.494281933626446111e-143
4.562106210621062132e+02 3.220572582830740513e-144
4.562606260626062635e+02 6.917165807548308260e-145
4.563106310631063138e+02 1.480532105719946924e-145
4.563606360636063641e+02 3.157926532382777577e-146
4.564106410641064144e+02 6.712445361442885642e-147
4.564606460646064647e+02 1.421850889556935905e-147
4.565106510651065150e+02 3.001386283084992696e-148
4.565606560656065653e+02 6.313704935276138270e-149
4.566106610661066156e+02 1.323552641027431001e-149
4.566606660666066659e+02 2.764984526111266899e-150
4.567106710671067162e+02 5.756237975534198628e-151
4.567606760676067665e+02 1.194206207781357681e-151
4.568106810681068168e+02 2.468962294177454210e-152
4.568606860686068671e+02 5.086793872367761678e-153
4.569106910691069174e+02 1.044403624658666642e-153
4.569606960696069677e+02 2.136914521193391552e-154
4.570107010701070180e+02 4.357129611782196986e-155
4.570607060706070683e+02 8.853364745720489561e-156
4.571107110711071186e+02 1.792713065206157073e-156
4.571607160716071689e+02 3.617493498673033340e-157
4.572107210721072192e+02 7.274435272398402370e-158
4.572607260726072695e+02 1.457757744918658428e-158
4.573107310731073198e+02 2.911159360898431091e-159
4.573607360736073701e+02 5.793501869297811766e-160
4.574107410741074204e+02 1.148975774229223652e-160
4.574607460746074707e+02 2.270780421840646197e-161
4.575107510751075210e+02 4.472331216289068194e-162
4.575607560756075713e+02 8.777833256055160295e-163
4.576107610761076216e+02 1.716861425154022175e-163
4.576607660766076719e+02 3.346398894048902177e-164
4.577107710771077222e+02 6.500020436929195723e-165
4.577607760776077725e+02 1.258190162325374924e-165
4.578107810781078229e+02 2.427014646033850821e-166
4.578607860786078732e+02 4.665444828831540567e-167
4.579107910791079235e+02 8.937339752241174532e-168
4.579607960796079738e+02 1.706153206686238509e-168
4.580108010801080241e+02 3.245804324122775013e-169
4.580608060806080744e+02 6.153485636488028883e-170
4.581108110811081247e+02 1.162557913825996901e-170
4.581608160816081750e+02 2.188782216368061634e-171
4.582108210821082253e+02 4.106625078614268049e-172
4.582608260826082756e+02 7.678247508438916225e-173
4.583108310831083259e+02 1.430651020347418674e-173
4.583608360836083762e+02 2.656439071560638768e-174
4.584108410841083696e+02 4.915419167450869627e-175
4.584608460846084199e+02 9.063914641246773481e-176
4.585108510851084702e+02 1.665580409978780406e-176
4.585608560856085205e+02 3.050071009145878468e-177
4.586108610861085708e+02 5.566072328101378861e-178
4.586608660866086211e+02 1.012237190241271826e-178
4.587108710871086714e+02 1.834468600238287270e-179
4.587608760876087217e+02 3.313086878761938429e-180
4.588108810881087720e+02 5.962795504936458157e-181
4.588608860886088223e+02 1.069452635964094097e-181
4.589108910891088726e+02 1.911471134551621506e-182
4.589608960896089229e+02 3.404618712535013148e-183
4.590109010901089732e+02 6.043155486184517558e-184
4.590609060906090235e+02 1.068940677709095188e-184
4.591109110911090738e+02 1.884247677810169526e-185
4.591609160916091241e+02 3.309915618745881906e-186
4.592109210921091744e+02 5.794158946985599548e-187
4.592609260926092247e+02 1.010784180181175930e-187
4.593109310931092750e+02 1.757199279471495624e-188
4.593609360936093253e+02 3.044234796972952977e-189
4.594109410941093756e+02 5.255691005400123224e-190
4.594609460946094259e+02 9.042240444893265190e-191
4.595109510951094762e+02 1.550303856808019519e-191
4.595609560956095265e+02 2.648818204747920141e-192
4.596109610961095768e+02 4.510056957483140633e-193
4.596609660966096271e+02 7.652554823701967025e-194
4.597109710971096774e+02 1.293973617060885886e-194
4.597609760976097277e+02 2.180413902602089592e-195
4.598109810981097780e+02 3.661398621616193866e-196
4.598609860986098283e+02 6.127025443829787957e-197
4.599109910991098786e+02 1.021759657636963045e-197
4.599609960996099289e+02 1.698285674651062336e-198
4.600110011001099792e+02 2.829365615868552837e-199
4.600610061006100295e+02 5.697489680487560863e-200
4.601110111011100798e+02 7.191967995460422486e-200
4.601610161016101301e+02 3.910569141059774039e-199
4.602110211021101804e+02 2.355626404907574848e-198
4.602610261026102307e+02 1.418353900824415776e-197
4.603110311031102810e+02 8.511243438109062904e-197
4.603610361036103313e+02 5.089755615822257985e-196
4.604110411041103816e+02 3.033160719566121533e-195
4.604610461046104319e+02 1.801310023208983951e-194
4.605110511051104822e+02 1.066046275289846977e-193
4.605610561056105325e+02 6.287213344237612778e-193
4.606110611061105828e+02 3.695173944225317671e-192
4.606610661066106331e+02 2.164243516870372683e-191
4.607110711071106834e+02 1.263199405203291812e-190
4.607610761076107337e+02 7.347375719287247392e-190
4.608110811081107840e+02 4.258798906543147604e-189
4.608610861086108343e+02 2.460008275059331387e-188
4.609110911091108846e+02 1.416056399605007847e-187
4.609610961096109349e+02 8.123049188187963810e-187
4.610111011101109852e+02 4.643571788386612378e-186
4.610611061106110355e+02 2.645329614620037925e-185
4.611111111111110858e+02 1.501764980196071841e-184
4.611611161116111361e+02 8.496082101548464809e-184
4.612111211121111864e+02 4.789938940264220097e-183
4.612611261126112367e+02 2.691136972984704750e-182
4.613111311131112870e+02 1.506732574783667055e-181
4.613611361136113374e+02 8.406807464450987532e-181
4.614111411141113877e+02 4.674342959594717156e-180
4.614611461146114380e+02 2.590028811268979955e-179
4.615111511151114883e+02 1.430155187009566459e-178
4.615611561156115386e+02 7.869665715118086022e-178
4.616111611161115889e+02 4.315428776605934036e-177
4.616611661166116392e+02 2.358230057589126301e-176
4.617111711171116895e+02 1.284230371881850727e-175
4.617611761176117398e+02 6.969381719114856604e-175
4.618111811181117901e+02 3.769121313609482523e-174
4.618611861186118404e+02 2.031330217441283835e-173
4.619111911191118907e+02 1.090976739007814397e-172
4.619611961196119410e+02 5.839087750363055899e-172
4.620112011201119913e+02 3.114361785710325012e-171
4.620612061206120416e+02 1.655341757363468024e-170
4.621112111211120919e+02 8.768005799556191001e-170
4.621612161216121422e+02 4.628161818046729723e-169
4.622112211221121925e+02 2.434505672406580765e-168
4.622612261226122428e+02 1.276167250526797897e-167
4.623112311231122931e+02 6.666516355925774516e-167
4.623612361236123434e+02 3.470442486246942695e-166
4.624112411241123937e+02 1.800384655882341010e-165
4.624612461246124440e+02 9.307655559081097293e-165
4.625112511251124943e+02 4.795234527224816173e-164
4.625612561256125446e+02 2.461920082333132835e-163
4.626112611261125949e+02 1.259599844079157354e-162
4.626612661266126452e+02 6.422229104573399368e-162
4.627112711271126955e+02 3.263123714937169935e-161
4.627612761276127458e+02 1.652250277954446445e-160
4.628112811281127961e+02 8.337055193082453954e-160
4.628612861286128464e+02 4.192220029450976980e-159
4.629112911291128967e+02 2.100728897067876156e-158
4.629612961296129470e+02 1.049036258834695334e-157
4.630113011301129973e+02 5.220421122301420509e-157
4.630613061306130476e+02 2.588899108493248776e-156
4.631113111311130979e+02 1.279438050983490740e-155
4.631613161316131482e+02 6.301122870025990287e-155
4.632113211321131985e+02 3.092510500323936782e-154
4.632613261326132488e+02 1.512512478871459599e-153
4.633113311331132991e+02 7.371931633143373692e-153
4.633613361336133494e+02 3.580619565005012504e-152
4.634113411341133997e+02 1.733123897953363027e-151
4.634613461346134500e+02 8.359794275340068608e-151
4.635113511351135003e+02 4.018427325393264451e-150
4.635613561356135506e+02 1.924913399128954746e-149
4.636113611361136009e+02 9.188842799124726298e-149
4.636613661366136512e+02 4.371243473407370368e-148
4.637113711371137015e+02 2.072257503909111293e-147
4.637613761376137518e+02 9.789871558228616545e-147
4.638113811381138021e+02 4.608979918728561168e-146
4.638613861386138524e+02 2.162355955862528373e-145
4.639113911391139027e+02 1.010983590842126212e-144
4.639613961396139530e+02 4.710375999156449041e-144
4.640114011401140033e+02 2.187064509786126020e-143
4.640614061406140536e+02 1.011957235350639935e-142
4.641114111411141039e+02 4.666134741461189327e-142
4.641614161416141542e+02 2.144109396500505520e-141
4.642114211421142045e+02 9.818183701549074620e-141
4.642614261426142548e+02 4.480329100932761228e-140
4.643114311431143051e+02 2.037432490756111953e-139
4.643614361436143554e+02 9.233175444516117188e-139
4.644114411441144057e+02 4.169783410998934683e-138
4.644614461446144560e+02 1.876594570575950335e-137
4.645114511451145063e+02 8.416314633688331070e-137
4.645614561456145566e+02 3.761560218878956688e-136
4.646114611461146069e+02 1.675361858203127694e-135
4.646614661466146572e+02 7.436075283964918394e-135
4.647114711471147075e+02 3.289072760323044266e-134
4.647614761476147578e+02 1.449765407416271344e-133
4.648114811481148081e+02 6.368197644907383195e-133
4.648614861486148584e+02 2.787596327176698516e-132
4.649114911491149087e+02 1.216011780770318320e-131
4.649614961496149590e+02 5.286159099868057852e-131
4.650115011501150093e+02 2.290009198512990383e-130
4.650615061506150596e+02 9.886185894433774001e-130
4.651115111511151099e+02 4.253190811867884345e-129
4.651615161516151602e+02 1.823456933223744806e-128
4.652115211521152105e+02 7.790596348389467075e-128
4.652615261526152608e+02 3.316961604564948417e-127
4.653115311531153111e+02 1.407358481429643434e-126
4.653615361536153614e+02 5.950638585770209169e-126
4.654115411541154117e+02 2.507361553090209712e-125
4.654615461546154620e+02 1.052846116312724545e-124
4.655115511551155123e+02 4.405623556387895689e-124
4.655615561556155626e+02 1.837149169066072028e-123
4.656115611561156129e+02 7.634419229555389950e-123
4.656615661566156632e+02 3.161565164567795195e-122
4.657115711571157135e+02 1.304736523072525147e-121
4.657615761576157638e+02 5.365844100334099887e-121
4.658115811581158141e+02 2.199114440274138611e-120
4.658615861586158644e+02 8.981567932990377699e-120
4.659115911591159147e+02 3.655535760585404418e-119
4.659615961596159650e+02 1.482669874384196966e-118
4.660116011601160153e+02 5.992836636005602856e-118
4.660616061606160656e+02 2.413876037909764789e-117
4.661116111611161159e+02 9.689291842286988780e-117
4.661616161616161662e+02 3.875820536322666609e-116
4.662116211621162165e+02 1.545004792523356584e-115
4.662616261626162668e+02 6.137486519761676642e-115
4.663116311631163171e+02 2.429661771644146933e-114
4.663616361636163674e+02 9.585077722003537065e-114
4.664116411641164177e+02 3.768252586737993427e-113
4.664616461646164680e+02 1.476314624949938453e-112
4.665116511651165183e+02 5.763846244667906774e-112
4.665616561656165686e+02 2.242541047648993426e-111
4.666116611661166189e+02 8.694867417539174507e-111
4.666616661666166692e+02 3.359542008805254364e-110
4.667116711671167195e+02 1.293575366939795232e-109
4.667616761676167698e+02 4.963613381043453086e-109
4.668116811681168201e+02 1.898010914133554172e-108
4.668616861686168704e+02 7.232592773556525389e-108
4.669116911691169207e+02 2.746526981057651235e-107
4.669616961696169710e+02 1.039365448060824331e-106
4.670117011701170213e+02 3.919649466438802381e-106
4.670617061706170716e+02 1.473061006269421671e-105
4.671117111711171219e+02 5.516819638421061816e-105
4.671617161716171722e+02 2.058976487223041262e-104
4.672117211721172225e+02 7.657879662603408700e-104
4.672617261726172728e+02 2.838312675761854712e-103
4.673117311731173231e+02 1.048350447607008665e-102
4.673617361736173734e+02 3.858755683149997007e-102
4.674117411741174237e+02 1.415411201346586212e-101
4.674617461746174740e+02 5.173834390783376976e-101
4.675117511751175243e+02 1.884677159167814472e-100
4.675617561756175746e+02 6.841572920438741350e-100
4.676117611761176249e+02 2.474967509893807052e-99
4.676617661766176752e+02 8.922315844794591887e-99
4.677117711771177255e+02 3.205385239675415510e-98
4.677617761776177758e+02 1.147565336624537924e-97
4.678117811781178261e+02 4.094200991667658751e-97
4.678617861786178764e+02 1.455644908869710158e-96
4.679117911791179267e+02 5.157464904153394135e-96
4.679617961796179770e+02 1.821007212251880177e-95
4.680118011801180273e+02 6.407396494952139136e-95
4.680618061806180776e+02 2.246705154738939293e-94
4.681118111811181279e+02 7.850640909985121021e-94
4.681618161816181782e+02 2.733749353839101016e-93
4.682118211821182285e+02 9.486517728021386740e-93
4.682618261826182788e+02 3.280571448662557146e-92
4.683118311831183291e+02 1.130542069825370950e-91
4.683618361836183794e+02 3.882562933690444499e-91
4.684118411841184297e+02 1.328754747158273422e-90
4.684618461846184800e+02 4.531747492246101884e-90
4.685118511851185303e+02 1.540214210542959577e-89
4.685618561856185806e+02 5.216642772043747759e-89
4.686118611861186309e+02 1.760741573842651188e-88
4.686618661866186812e+02 5.922358436673233513e-88
4.687118711871187315e+02 1.985127049824401843e-87
4.687618761876187818e+02 6.630961019110207698e-87
4.688118811881188321e+02 2.207288961801103105e-86
4.688618861886188824e+02 7.322113507418360529e-86
4.689118911891189327e+02 2.420517748894354459e-85
4.689618961896189830e+02 7.973970689861141345e-85
4.690119011901190333e+02 2.617794478659669977e-84
4.690619061906190836e+02 8.564282979056230183e-84
4.691119111911191339e+02 2.792164615072823545e-83
4.691619161916191842e+02 9.071635215351805572e-83
4.692119211921192345e+02 2.937140260894372269e-82
4.692619261926192848e+02 9.476726424870448517e-82
4.693119311931193351e+02 3.047098894592553042e-81
4.693619361936193854e+02 9.763584845740425702e-81
4.694119411941194357e+02 3.117644620853241853e-80
4.694619461946194861e+02 9.920611932070798008e-80
4.695119511951195364e+02 3.145899637596107275e-79
4.695619561956195867e+02 9.941360304042555250e-79
4.696119611961196370e+02 3.130698995771454144e-78
4.696619661966196873e+02 9.824972933841604793e-78
4.697119711971197376e+02 3.072670283572067656e-77
4.697619761976197879e+02 9.576241875218022516e-77
4.698119811981198382e+02 2.974190639206821801e-76
4.698619861986198885e+02 9.205280928082908885e-76
4.699119911991199388e+02 2.839225195609719402e-75
4.699619961996199891e+02 8.726843398645368012e-75
4.700120012001200394e+02 2.673062258368729501e-74
4.700620062006200897e+02 8.159349088257683701e-74
4.701120112011201400e+02 2.481969861282400569e-73
4.701620162016201903e+02 7.523709901130465042e-73
4.702120212021202406e+02 2.272804752328104517e-72
4.702620262026202909e+02 6.842058212558472614e-72
4.703120312031202843e+02 2.052607681637870607e-71
4.703620362036203346e+02 6.136485096787909539e-71
4.704120412041203849e+02 1.828217941800813161e-70
4.704620462046204352e+02 5.427887009990356791e-70
4.705120512051204855e+02 1.605935798949654002e-69
4.705620562056205358e+02 4.735001370984246213e-69
4.706120612061205861e+02 1.391254518269096271e-68
4.706620662066206364e+02 4.073686608706784041e-68
4.707120712071206867e+02 1.188675172918704552e-67
4.707620762076207370e+02 3.456474183704308420e-67
4.708120812081207873e+02 1.001608478116983575e-66
4.708620862086208376e+02 2.892392424413991257e-66
4.709120912091208879e+02 8.323595902696701341e-66
4.709620962096209382e+02 2.387037869876490039e-65
4.710121012101209885e+02 6.821850211687024005e-65
4.710621062106210388e+02 1.942851462107889892e-64
4.711121112111210891e+02 5.514061005439530763e-64
4.711621162116211394e+02 1.559545621611926660e-63
4.712121212121211897e+02 4.395609970319856029e-63
4.712621262126212400e+02 1.234624141497475021e-62
4.713121312131212903e+02 3.455770784400299361e-62
4.713621362136213406e+02 9.639391994496723914e-62
4.714121412141213909e+02 2.679470027712997969e-61
4.714621462146214412e+02 7.422371954736485380e-61
4.715121512151214915e+02 2.048948647727706150e-60
4.715621562156215418e+02 5.636558030597569173e-60
4.716121612161215921e+02 1.545223983415693706e-59
4.716621662166216424e+02 4.221467467619264966e-59
4.717121712171216927e+02 1.149290990691730416e-58
4.717621762176217430e+02 3.118107664156858008e-58
4.718121812181217933e+02 8.430372414065178377e-58
4.718621862186218436e+02 2.271417473947026200e-57
4.719121912191218939e+02 6.098762394945945883e-57
4.719621962196219442e+02 1.631852924057538042e-56
4.720122012201219945e+02 4.351258284840418275e-56
4.720622062206220448e+02 1.156227411605652441e-55
4.721122112211220951e+02 3.061725197645512099e-55
4.721622162216221454e+02 8.079485473233858161e-55
4.722122212221221957e+02 2.124690858791824736e-54
4.722622262226222460e+02 5.568039958969628184e-54
4.723122312231222963e+02 1.454130842991800790e-53
4.723622362236223466e+02 3.784418684297605456e-53
4.724122412241223969e+02 9.814979995108648092e-53
4.724622462246224472e+02 2.536729786524144000e-52
4.725122512251224975e+02 6.533615112392646395e-52
4.725622562256225478e+02 1.676978268392379544e-51
4.726122612261225981e+02 4.289393321440082012e-51
4.726622662266226484e+02 1.093349112477398467e-50
4.727122712271226987e+02 2.777259053488819747e-50
4.727622762276227490e+02 7.030212857247170421e-50
4.728122812281227993e+02 1.773434312241724429e-49
4.728622862286228496e+02 4.458166541571229128e-49
4.729122912291228999e+02 1.116842721905838891e-48
4.729622962296229502e+02 2.788189565529878788e-48
4.730123012301230006e+02 6.936607572641403348e-48
4.730623062306230509e+02 1.719754690979306721e-47
4.731123112311231012e+02 4.248938340437390920e-47
4.731623162316231515e+02 1.046137821712791313e-46
4.732123212321232018e+02 2.566799391234239485e-46
4.732623262326232521e+02 6.276094879669681719e-46
4.733123312331233024e+02 1.529261032375293160e-45
4.733623362336233527e+02 3.713370586062899964e-45
4.734123412341234030e+02 8.985650296060085036e-45
4.734623462346234533e+02 2.166832202868483666e-44
4.735123512351235036e+02 5.207096171974082610e-44
4.735623562356235539e+02 1.246982806520012852e-43
4.736123612361236042e+02 2.975910603992154767e-43
4.736623662366236545e+02 7.077401688483693169e-43
4.737123712371237048e+02 1.677344846544724834e-42
4.737623762376237551e+02 3.961552548177291543e-42
4.738123812381238054e+02 9.324016476208769649e-42
4.738623862386238557e+02 2.186931562403238002e-41
4.739123912391239060e+02 5.111659322650906512e-41
4.739623962396239563e+02 1.190647377514723763e-40
4.740124012401240066e+02 2.763751344035913804e-40
4.740624062406240569e+02 6.393067984408704975e-40
4.741124112411241072e+02 1.473717456025121596e-39
4.741624162416241575e+02 3.385428777863958378e-39
4.742124212421242078e+02 7.750106748573239512e-39
4.742624262426242581e+02 1.768056894942094535e-38
4.743124312431243084e+02 4.019567600374654010e-38
4.743624362436243587e+02 9.106615216116413198e-38
4.744124412441244090e+02 2.056028759551893198e-37
4.744624462446244593e+02 4.625896725646751811e-37
4.745124512451245096e+02 1.037187393076465645e-36
4.745624562456245599e+02 2.317464418002984077e-36
4.746124612461246102e+02 5.160163579573430297e-36
4.746624662466246605e+02 1.145007713931922977e-35
4.747124712471247108e+02 2.531907905703072395e-35
4.747624762476247611e+02 5.579328673431716227e-35
4.748124812481248114e+02 1.225210009777225446e-34
4.748624862486248617e+02 2.681227563724114973e-34
4.749124912491249120e+02 5.847245973444366723e-34
4.749624962496249623e+02 1.270760188837295155e-33
4.750125012501250126e+02 2.752139138342469491e-33
4.750625062506250629e+02 5.939798624076847546e-33
4.751125112511251132e+02 1.277519698219633403e-32
4.751625162516251635e+02 2.738155058694565732e-32
4.752125212521252138e+02 5.848480145191983013e-32
4.752625262526252641e+02 1.244865842377257262e-31
4.753125312531253144e+02 2.640563587688125979e-31
4.753625362536253647e+02 5.581684167469441008e-31
4.754125412541254150e+02 1.175786410498370920e-30
4.754625462546254653e+02 2.468233047770077943e-30
4.755125512551255156e+02 5.163431719356657651e-30
4.755625562556255659e+02 1.076428685656312509e-29
4.756125612561256162e+02 2.236282349718260941e-29
4.756625662566256665e+02 4.629803493970084960e-29
4.757125712571257168e+02 9.551971754625858702e-29
4.757625762576257671e+02 1.963894029146775348e-28
4.758125812581258174e+02 4.023811419936339409e-28
4.758625862586258677e+02 8.215835534762162056e-28
4.759125912591259180e+02 1.671707935170994777e-27
4.759625962596259683e+02 3.389718393089266531e-27
4.760126012601260186e+02 6.849539662607452377e-27
4.760626062606260689e+02 1.379284001108964986e-26
4.761126112611261192e+02 2.767837324177572798e-26
4.761626162616261695e+02 5.535055414810019063e-26
4.762126212621262198e+02 1.103056946446451124e-25
4.762626262626262701e+02 2.190627037368582529e-25
4.763126312631263204e+02 4.335443213739542268e-25
4.763626362636263707e+02 8.550531468874329833e-25
4.764126412641264210e+02 1.680533855913288739e-24
4.764626462646264713e+02 3.291516007993037406e-24
4.765126512651265216e+02 6.424498409853655349e-24
4.765626562656265719e+02 1.249617300653988674e-23
4.766126612661266222e+02 2.422196551828297883e-23
4.766626662666266725e+02 4.678819408441129280e-23
4.767126712671267228e+02 9.006534831223999575e-23
4.767626762676267731e+02 1.727721477405373740e-22
4.768126812681268234e+02 3.302815241562620163e-22
4.768626862686268737e+02 6.292009607243425186e-22
4.769126912691269240e+02 1.194507890850162275e-21
4.769626962696269743e+02 2.259868756477038119e-21
4.770127012701270246e+02 4.260611759909346629e-21
4.770627062706270749e+02 8.004887901340295218e-21
4.771127112711271252e+02 1.498763459509424469e-20
4.771627162716271755e+02 2.796439879835831136e-20
4.772127212721272258e+02 5.199629829470773382e-20
4.772627262726272761e+02 9.634605022407606446e-20
4.773127312731273264e+02 1.779057367846254692e-19
4.773627362736273767e+02 3.273712518496323154e-19
4.774127412741274270e+02 6.003239563558608964e-19
4.774627462746274205e+02 1.097047315120589121e-18
4.775127512751274708e+02 1.997834884740002419e-18
4.775627562756275211e+02 3.625670846137579420e-18
4.776127612761275714e+02 6.557098469832663519e-18
4.776627662766276217e+02 1.181760815822283493e-17
4.777127712771276720e+02 2.122472220920764930e-17
4.777627762776277223e+02 3.798822423839407375e-17
4.778127812781277726e+02 6.775643068499786860e-17
4.778627862786278229e+02 1.204333025449278852e-16
4.779127912791278732e+02 2.133227731088355517e-16
4.779627962796279235e+02 3.765497768099231325e-16
4.780128012801279738e+02 6.623722314585742767e-16
4.780628062806280241e+02 1.161118083762125750e-15
4.781128112811280744e+02 2.028360804034390019e-15
4.781628162816281247e+02 3.531088311476321889e-15
4.782128212821281750e+02 6.125851968217053241e-15
4.782628262826282253e+02 1.059056098291458120e-14
4.783128312831282756e+02 1.824592905085265177e-14
4.783628362836283259e+02 3.132618779887563569e-14
4.784128412841283762e+02 5.359739245428979499e-14
4.784628462846284265e+02 9.138487556313847723e-14
4.785128512851284768e+02 1.552742846194285925e-13
4.785628562856285271e+02 2.629173814410024429e-13
4.786128612861285774e+02 4.436429743923888534e-13
4.786628662866286277e+02 7.460062524673091461e-13
4.787128712871286780e+02 1.250103224639109074e-12
4.787628762876287283e+02 2.087583388575514746e-12
4.788128812881287786e+02 3.474052188720969652e-12
4.788628862886288289e+02 5.761338510519666318e-12
4.789128912891288792e+02 9.521491783745493716e-12
4.789628962896289295e+02 1.568126700952342629e-11
4.790129012901289798e+02 2.573664021881108132e-11
4.790629062906290301e+02 4.209370005311812385e-11
4.791129112911290804e+02 6.860833843813281292e-11
4.791629162916291307e+02 1.114374716969163897e-10
4.792129212921291810e+02 1.803765797517227392e-10
4.792629262926292313e+02 2.909535055373447604e-10
4.793129312931292816e+02 4.676937750231617074e-10
4.793629362936293319e+02 7.491937295319020532e-10
4.794129412941293822e+02 1.195972592088157812e-09
4.794629462946294325e+02 1.902579746850717629e-09
4.795129512951294828e+02 3.016192533243981923e-09
4.795629562956295331e+02 4.765075658189510866e-09
4.796129612961295834e+02 7.501965967660807192e-09
4.796629662966296337e+02 1.176995839456381251e-08
4.797129712971296840e+02 1.840218170336903215e-08
4.797629762976297343e+02 2.867201733227073517e-08
4.798129812981297846e+02 4.451862429116742579e-08
4.798629862986298349e+02 6.888422381376953813e-08
4.799129912991298852e+02 1.062165893299307766e-07
4.799629962996299355e+02 1.632147798515318454e-07
4.800130013001299858e+02 2.499315969811158618e-07
4.800630063006300361e+02 3.813971063790268601e-07
4.801130113011300864e+02 5.800002386999294453e-07
4.801630163016301367e+02 8.789688813558626345e-07
4.802130213021301870e+02 1.327435341842631096e-06
4.802630263026302373e+02 1.997780646316375753e-06
4.803130313031302876e+02 2.996241229939839971e-06
4.803630363036303379e+02 4.478167142671726971e-06
4.804130413041303882e+02 6.669885388498979715e-06
4.804630463046304385e+02 9.899904210270786791e-06
4.805130513051304888e+02 1.464327311431801485e-05
4.805630563056305391e+02 2.158439507435881935e-05
4.806130613061305894e+02 3.170561265556245359e-05
4.806630663066306397e+02 4.641164551612045569e-05
4.807130713071306900e+02 6.770368891926309310e-05
4.807630763076307403e+02 9.842201389020753402e-05
4.808130813081307906e+02 1.425826594816201223e-04
4.808630863086308409e+02 2.058428203535380557e-04
4.809130913091308912e+02 2.961415092544728836e-04
4.809630963096309415e+02 4.245779110984876001e-04
4.810131013101309918e+02 6.066106846472667713e-04
4.810631063106310421e+02 8.636887526904886469e-04
4.811131113111310924e+02 1.225459665424382186e-03
4.811631163116311427e+02 1.732747687542195245e-03
4.812131213121311930e+02 2.441553152384623102e-03
4.812631263126312433e+02 3.428400798387062041e-03
4.813131313131312936e+02 4.797461970930269604e-03
4.813631363136313439e+02 6.689998848132857300e-03
4.814131413141313942e+02 9.296834378030765025e-03
4.814631463146314445e+02 1.287474672346449085e-02
4.815131513151314948e+02 1.776793035462544829e-02
4.815631563156315451e+02 2.443596763255288448e-02
4.816131613161315954e+02 3.349012651126193063e-02
4.816631663166316457e+02 4.574025526694192045e-02
4.817131713171316960e+02 6.225509910181285800e-02
4.817631763176317463e+02 8.443953296417486265e-02
4.818131813181317966e+02 1.141330085042736725e-01
4.818631863186318469e+02 1.537344706914487158e-01
4.819131913191318972e+02 2.063601322413678996e-01
4.819631963196319475e+02 2.760418231261524413e-01
4.820132013201319978e+02 3.679751792658864096e-01
4.820632063206320481e+02 4.888287189092631602e-01
4.821132113211320984e+02 6.471268944299594095e-01
4.821632163216321487e+02 8.537225141926670924e-01
4.822132213221321990e+02 1.122376510317663501e+00
4.822632263226322493e+02 1.470465881361983973e+00
4.823132313231322996e+02 1.919843750340586297e+00
4.823632363236323499e+02 2.497878819614422152e+00
4.824132413241324002e+02 3.238705028266992691e+00
4.824632463246324505e+02 4.184715856070016393e+00
4.825132513251325008e+02 5.388341376666358151e+00
4.825632563256325511e+02 6.914149717311341092e+00
4.826132613261326014e+02 8.841317876468817616e+00
4.826632663266326517e+02 1.126651969067333958e+01
4.827132713271327020e+02 1.430728089686390270e+01
4.827632763276327523e+02 1.810585243488131368e+01
4.828132813281328026e+02 2.283365306693546515e+01
4.828632863286328529e+02 2.869633070982835932e+01
4.829132913291329032e+02 3.593948820286884427e+01
4.829632963296329535e+02 4.485511316665277093e+01
4.830133013301330038e+02 5.578874272846952209e+01
4.830633063306330541e+02 6.914738178281423586e+01
4.831133113311331044e+02 8.540817772251445206e+01
4.831633163316331547e+02 1.051278348594523209e+02
4.832133213321332050e+02 1.289527277610216629e+02
4.832633263326332553e+02 1.576296442600104513e+02
4.833133313331333056e+02 1.920170558766314741e+02
4.833633363336333559e+02 2.330967759039878331e+02
4.834133413341334062e+02 2.819858237243606141e+02
4.834633463346334565e+02 3.399482685371668254e+02
4.835133513351335068e+02 4.084067773347703110e+02
4.835633563356335571e+02 4.889535416786342807e+02
4.836133613361336074e+02 5.833602069156731886e+02
4.836633663366336577e+02 6.935863775409790151e+02
4.837133713371337080e+02 8.217862253586318957e+02
4.837633763376337583e+02 9.703126850899129749e+02
4.838133813381338086e+02 1.141718687537292908e+03
4.838633863386338589e+02 1.338754855925159745e+03
4.839133913391339092e+02 1.564363079306428517e+03
4.839633963396339595e+02 1.821665380669312071e+03
4.840134013401340098e+02 2.113947519231999195e+03
4.840634063406340601e+02 2.444636808792516149e+03
4.841134113411341104e+02 2.817273698973496721e+03
4.841634163416341607e+02 3.235476755339226202e+03
4.842134213421342110e+02 3.702900788595949507e+03
4.842634263426342613e+02 4.223188022563328559e+03
4.843134313431343116e+02 4.799912354560164204e+03
4.843634363436343619e+02 5.436516948492762822e+03
4.844134413441344122e+02 6.136245607379706598e+03
4.844634463446344625e+02 6.902068594254703385e+03
4.845134513451345128e+02 7.736603803176943984e+03
4.845634563456345631e+02 8.642034419168947352e+03
4.846134613461346134e+02 9.620024440029315883e+03
4.846634663466346638e+02 1.067163365604428691e+04
4.847134713471347141e+02 1.179723388695506401e+04
4.847634763476347644e+02 1.299642845011024110e+04
4.848134813481348147e+02 1.426797697051993418e+04
4.848634863486348650e+02 1.560972773386463268e+04
4.849134913491349153e+02 1.701855981947097825e+04
4.849634963496349656e+02 1.849033722506080812e+04
4.850135013501350159e+02 2.001987710344472362e+04
4.850635063506350662e+02 2.160093406988877177e+04
4.851135113511351165e+02 2.322620230645345146e+04
4.851635163516351668e+02 2.488733688745741529e+04
4.852135213521352171e+02 2.657499538223663694e+04
4.852635263526352674e+02 2.827890036411732945e+04
4.853135313531353177e+02 2.998792297719976705e+04
4.853635363536353680e+02 3.169018719684133976e+04
4.854135413541354183e+02 3.337319387951483077e+04
4.854635463546354686e+02 3.502396314869685739e+04
4.855135513551355189e+02 3.662919312262237509e+04
4.855635563556355692e+02 3.817543247487021290e+04
4.856135613561356195e+02 3.964926384765130206e+04
4.856635663566356698e+02 4.103749472758326010e+04
4.857135713571357201e+02 4.232735206057397590e+04
4.857635763576357704e+02 4.350667664014401089e+04
4.858135813581358207e+02 4.456411316342192731e+04
4.858635863586358710e+02 4.548929181932708161e+04
4.859135913591359213e+02 4.627299735870485893e+04
4.859635963596359716e+02 4.690732179711476056e+04
4.860136013601360219e+02 4.738579721428694756e+04
4.860636063606360722e+02 4.770350553265293274e+04
4.861136113611361225e+02 4.785716266970673314e+04
4.861636163616361728e+02 4.784517505069517210e+04
4.862136213621362231e+02 4.766766712174684653e+04
4.862636263626362734e+02 4.732647919918434491e+04
4.863136313631363237e+02 4.682513570699548291e+04
4.863636363636363740e+02 4.616878456905720668e+04
4.864136413641364243e+02 4.536410921356275503e+04
4.864636463646364746e+02 4.441921529295067739e+04
4.865136513651365249e+02 4.334349480392145051e+04
4.865636563656365752e+02 4.214747079172134545e+04
4.866136613661366255e+02 4.084262622667558026e+04
4.866636663666366758e+02 3.944122093838372530e+04
4.867136713671367261e+02 3.795610067731341405e+04
4.867636763676367764e+02 3.640050244202305475e+04
4.868136813681368267e+02 3.478786016419842781e+04
4.868636863686368770e+02 3.313161468823565519e+04
4.869136913691369273e+02 3.144503172590746544e+04
4.869636963696369776e+02 2.974103112145401246e+04
4.870137013701370279e+02 2.803203034251107965e+04
4.870637063706370782e+02 2.632980463378042987e+04
4.871137113711371285e+02 2.464536575061799158e+04
4.871637163716371788e+02 2.298886064662447825e+04
4.872137213721372291e+02 2.136949094054826128e+04
4.872637263726372794e+02 1.979545345020748573e+04
4.873137313731373297e+02 1.827390157016766534e+04
4.873637363736373800e+02 1.681092679916096677e+04
4.874137413741374303e+02 1.541155930403960338e+04
4.874637463746374806e+02 1.407978604824785180e+04
4.875137513751375309e+02 1.281858472054986669e+04
4.875637563756375812e+02 1.162997147756310733e+04
4.876137613761376315e+02 1.051506036242240225e+04
4.876637663766376818e+02 9.474132180123249782e+03
4.877137713771377321e+02 8.506710594093414329e+03
4.877637763776377824e+02 7.611643252811599268e+03
4.878137813781378327e+02 6.787185852854138830e+03
4.878637863786378830e+02 6.031087187547800568e+03
4.879137913791379333e+02 5.340673409697706120e+03
4.879637963796379836e+02 4.712929943599377111e+03
4.880138013801380339e+02 4.144579706743502356e+03
4.880638063806380842e+02 3.632156536660716483e+03
4.881138113811381345e+02 3.172072955249512233e+03
4.881638163816381848e+02 2.760681634552275227e+03
4.882138213821382351e+02 2.394330148167643983e+03
4.882638263826382854e+02 2.069408796293264459e+03
4.883138313831383357e+02 1.782391475910641020e+03
4.883638363836383860e+02 1.529869728126290056e+03
4.884138413841384363e+02 1.308580230536159661e+03
4.884638463846384866e+02 1.115426113057361135e+03
4.885138513851385369e+02 9.474925612418913943e+02
4.885638563856385872e+02 8.020572326833330408e+02
4.886138613861386375e+02 6.765960514026560304e+02
4.886638663866386878e+02 5.687849641793551427e+02
4.887138713871387381e+02 4.764982441361440806e+02
4.887638763876387884e+02 3.978039131410466211e+02
4.888138813881388387e+02 3.309568284847697441e+02
4.888638863886388890e+02 2.743899435152002297e+02
4.889138913891389393e+02 2.267042090343514360e+02
4.889638963896389896e+02 1.866575346642515001e+02
4.890139013901390399e+02 1.531531792023362470e+02
4.890639063906390902e+02 1.252278880728297281e+02
4.891139113911391405e+02 1.020400459031396139e+02
4.891639163916391908e+02 8.285806428090590714e+01
4.892139213921392411e+02 6.704917985614466147e+01
4.892639263926392914e+02 5.406879685062604324e+01
4.893139313931393417e+02 4.345047118308562517e+01
4.893639363936393920e+02 3.479660105661986336e+01
4.894139413941394423e+02 2.776986104099124475e+01
4.894639463946394926e+02 2.208539332267808675e+01
4.895139513951395429e+02 1.750375067469071055e+01
4.895639563956395932e+02 1.382457051258925240e+01
4.896139613961396435e+02 1.088094778765953485e+01
4.896639663966396938e+02 8.534466021109761158e+00
4.897139713971397441e+02 6.670840087129662699e+00
4.897639763976397944e+02 5.196120992149647400e+00
4.898139813981398447e+02 4.033411472507381745e+00
4.898639863986398950e+02 3.120041368497804335e+00
4.899139913991399453e+02 2.405153087757141428e+00
4.899639963996399956e+02 1.847649740600626922e+00
4.900140014001400459e+02 1.414461449033300511e+00
4.900640064006400962e+02 1.079088673854259772e+00
4.901140114011401465e+02 8.203849828791183185e-01
4.901640164016401968e+02 6.215453458558408695e-01
4.902140214021402471e+02 4.692696687784808640e-01
4.902640264026402974e+02 3.530747816316271437e-01
4.903140314031403477e+02 2.647314039203754188e-01
4.903640364036403980e+02 1.978056878026092091e-01
4.904140414041404483e+02 1.472877530600586737e-01
4.904640464046404986e+02 1.092921695821375688e-01
4.905140514051405489e+02 8.081761069047915802e-02
4.905640564056405424e+02 5.955490210071827384e-02
4.906140614061405927e+02 4.373444024260540047e-02
4.906640664066406430e+02 3.200546774564704683e-02
4.907140714071406933e+02 2.334099329103082182e-02
4.907640764076407436e+02 1.696324903386285318e-02
4.908140814081407939e+02 1.228551286378414681e-02
4.908640864086408442e+02 8.866905766900495811e-03
4.909140914091408945e+02 6.377426234767793155e-03
4.909640964096409448e+02 4.571022340911588128e-03
4.910141014101409951e+02 3.264944421593293355e-03
4.910641064106410454e+02 2.323982163803688973e-03
4.911141114111410957e+02 1.648482485719663000e-03
4.911641164116411460e+02 1.165280376828640649e-03
4.912141214121411963e+02 8.208637507676674536e-04
4.912641264126412466e+02 5.762438074283249842e-04
4.913141314131412969e+02 4.031215487331767273e-04
4.913641364136413472e+02 2.810349321711885936e-04
4.914141414141413975e+02 1.952446515241478811e-04
4.914641464146414478e+02 1.351738038361809287e-04
4.915141514151414981e+02 9.326108709503131485e-05
4.915641564156415484e+02 6.412139479913423964e-05
4.916141614161415987e+02 4.393392425983423644e-05
4.916641664166416490e+02 2.999795036213343894e-05
4.917141714171416993e+02 2.041163136136361949e-05
4.917641764176417496e+02 1.384071096344927936e-05
4.918141814181417999e+02 9.352627368713765230e-06
4.918641864186418502e+02 6.298010963331502172e-06
4.919141914191419005e+02 4.226372211647651542e-06
4.919641964196419508e+02 2.826354422243504397e-06
4.920142014201420011e+02 1.883562558112767800e-06
4.920642064206420514e+02 1.250915649000283200e-06
4.921142114211421017e+02 8.278860243659042177e-07
4.921642164216421520e+02 5.460188373918720422e-07
4.922142214221422023e+02 3.588717310086540985e-07
4.922642264226422526e+02 2.350527962451522543e-07
4.923142314231423029e+02 1.534214713784693779e-07
4.923642364236423532e+02 9.979330681477669904e-08
4.924142414241424035e+02 6.468613954198132602e-08
4.924642464246424538e+02 4.178453770649417495e-08
4.925142514251425041e+02 2.689766119435344171e-08
4.925642564256425544e+02 1.725472273659302168e-08
4.926142614261426047e+02 1.103052035114961208e-08
4.926642664266426550e+02 7.027139326273850683e-09
4.927142714271427053e+02 4.461240923433274919e-09
4.927642764276427556e+02 2.822457033651009784e-09
4.928142814281428059e+02 1.779481799094208584e-09
4.928642864286428562e+02 1.118032196197626700e-09
4.929142914291429065e+02 7.000186634154621001e-10
4.929642964296429568e+02 4.367767141596911135e-10
4.930143014301430071e+02 2.715838142963841889e-10
4.930643064306430574e+02 1.682840049774951211e-10
4.931143114311431077e+02 1.039145458319398217e-10
4.931643164316431580e+02 6.394467691315888889e-11
4.932143214321432083e+02 3.921272285458663186e-11
4.932643264326432586e+02 2.396316352324972810e-11
4.933143314331433089e+02 1.459337867164294989e-11
4.933643364336433592e+02 8.856499472927264893e-12
4.934143414341434095e+02 5.356275408363912407e-12
4.934643464346434598e+02 3.228183747238153620e-12
4.935143514351435101e+02 1.938867553363731169e-12
4.935643564356435604e+02 1.160466446834339782e-12
4.936143614361436107e+02 6.921681032167693717e-13
4.936643664366436610e+02 4.114197397299933839e-13
4.937143714371437113e+02 2.436987025922272959e-13
4.937643764376437616e+02 1.438519846533052780e-13
4.938143814381438119e+02 8.462000523838772202e-14
4.938643864386438622e+02 4.960492378441320182e-14
4.939143914391439125e+02 2.897817791250551832e-14
4.939643964396439628e+02 1.686987680794461984e-14
4.940144014401440131e+02 9.786948360461993733e-15
4.940644064406440634e+02 5.658186151538984450e-15
4.941144114411441137e+02 3.259880761923817071e-15
4.941644164416441640e+02 1.871633230802346694e-15
4.942144214421442143e+02 1.070864024891333893e-15
4.942644264426442646e+02 6.105798379688681400e-16
4.943144314431443149e+02 3.469326222118447112e-16
4.943644364436443652e+02 1.964456276026481494e-16
4.944144414441444155e+02 1.108496035352290086e-16
4.944644464446444658e+02 6.233335034336509002e-17
4.945144514451445161e+02 3.493022197067625986e-17
4.945644564456445664e+02 1.950638400428354994e-17
4.946144614461446167e+02 1.085542278487106254e-17
4.946644664466446670e+02 6.020204783660782777e-18
4.947144714471447173e+02 3.327134329545032080e-18
4.947644764476447676e+02 1.832415493833504072e-18
4.948144814481448179e+02 1.005708507797178861e-18
4.948644864486448682e+02 5.500660507931317664e-19
4.949144914491449185e+02 2.998141379778478501e-19
4.949644964496449688e+02 1.628485605642757320e-19
4.950145014501450191e+02 8.814755869524635916e-20
4.950645064506450694e+02 4.754788484881033405e-20
4.951145114511451197e+02 2.555916518372266569e-20
4.951645164516451700e+02 1.369167797774240576e-20
4.952145214521452203e+02 7.309055111399851782e-21
4.952645264526452706e+02 3.888305197526716650e-21
4.953145314531452641e+02 2.061360757899719620e-21
4.953645364536453144e+02 1.089035937264140044e-21
4.954145414541453647e+02 5.733567998727094007e-22
4.954645464546454150e+02 3.008169285269321069e-22
4.955145514551454653e+02 1.572802267686907221e-22
4.955645564556455156e+02 8.194840963165924840e-23
4.956145614561455659e+02 4.255018783647172417e-23
4.956645664566456162e+02 2.201694119659572957e-23
4.957145714571456665e+02 1.135290574760775416e-23
4.957645764576457168e+02 5.833801275903295755e-24
4.958145814581457671e+02 2.987382130399914012e-24
4.958645864586458174e+02 1.524489633540851179e-24
4.959145914591458677e+02 7.752695401578669879e-25
4.959645964596459180e+02 3.928941077474164437e-25
4.960146014601459683e+02 1.984233873041161727e-25
4.960646064606460186e+02 9.986303290088924695e-26
4.961146114611460689e+02 5.008540536971262824e-26
4.961646164616461192e+02 2.503295873573055676e-26
4.962146214621461695e+02 1.246831376553896234e-26
4.962646264626462198e+02 6.188676921357166246e-27
4.963146314631462701e+02 3.061134755122791528e-27
4.963646364636463204e+02 1.508904085273673310e-27
4.964146414641463707e+02 7.411999297033054314e-28
4.964646464646464210e+02 3.628303882310982404e-28
4.965146514651464713e+02 1.769972368281348797e-28
4.965646564656465216e+02 8.604464921544300082e-29
4.966146614661465719e+02 4.168461543993596161e-29
4.966646664666466222e+02 2.012436933193099787e-29
4.967146714671466725e+02 9.681960530734148348e-30
4.967646764676467228e+02 4.641933191052384197e-30
4.968146814681467731e+02 2.217833873395442676e-30
4.968646864686468234e+02 1.055975124918948320e-30
4.969146914691468737e+02 5.010405926735201144e-31
4.969646964696469240e+02 2.369117964559745116e-31
4.970147014701469743e+02 1.116336200788489909e-31
4.970647064706470246e+02 5.242010418333027605e-32
4.971147114711470749e+02 2.452987302182000186e-32
4.971647164716471252e+02 1.143897917602387359e-32
4.972147214721471755e+02 5.315863095586036890e-33
4.972647264726472258e+02 2.461811832754063676e-33
4.973147314731472761e+02 1.136136391530225944e-33
4.973647364736473264e+02 5.225172542164054831e-34
4.974147414741473767e+02 2.394778497625479520e-34
4.974647464746474270e+02 1.093766488330060054e-34
4.975147514751474773e+02 4.978269744638862669e-35
4.975647564756475276e+02 2.258014808379977490e-35
4.976147614761475779e+02 1.020633209996013729e-35
4.976647664766476282e+02 4.597345618760255234e-36
4.977147714771476785e+02 2.063664826441545739e-36
4.977647764776477288e+02 9.231360658278896798e-37
4.978147814781477791e+02 4.115160935626274929e-37
4.978647864786478294e+02 1.828110650319561776e-37
4.979147914791478797e+02 8.093058548800724583e-38
4.979647964796479300e+02 3.570404611112184266e-38
4.980148014801479803e+02 1.569700281276863759e-38
4.980648064806480306e+02 6.877183086524444821e-39
4.981148114811480809e+02 3.002610408160605871e-39
4.981648164816481312e+02 1.306417333314925528e-39
4.982148214821481815e+02 5.664471956872878954e-40
4.982648264826482318e+02 2.447549462325369437e-40
4.983148314831482821e+02 1.053896766995765225e-40
4.983648364836483324e+02 4.522298407722247152e-41
4.984148414841483827e+02 1.933814931435834020e-41
4.984648464846484330e+02 8.240719867066715328e-42
4.985148514851484833e+02 3.499531781208833057e-42
4.985648564856485336e+02 1.480980300527676155e-42
4.986148614861485839e+02 6.245729489668027748e-43
4.986648664866486342e+02 2.624893020782155502e-43
4.987148714871486845e+02 1.099346491635710698e-43
4.987648764876487348e+02 4.588303427490966311e-44
4.988148814881487851e+02 1.908377180741593836e-44
4.988648864886488354e+02 7.909897365158189946e-45
4.989148914891488857e+02 3.267172242911885507e-45
4.989648964896489360e+02 1.344831156564648679e-45
4.990149014901489863e+02 5.516429121112563722e-46
4.990649064906490366e+02 2.254980920746563562e-46
4.991149114911490869e+02 9.185911350299112038e-47
4.991649164916491372e+02 3.729032573969842009e-47
4.992149214921491875e+02 1.508567173237281718e-47
4.992649264926492378e+02 6.081737597848803245e-48
4.993149314931492881e+02 2.443347579741680408e-48
4.993649364936493384e+02 9.782218858409001475e-49
4.994149414941493887e+02 3.902869652192495226e-49
4.994649464946494390e+02 1.551762554816731809e-49
4.995149514951494893e+02 6.148384762484696876e-50
4.995649564956495396e+02 2.427679529475204405e-50
4.996149614961495899e+02 9.552481911225259476e-51
4.996649664966496402e+02 3.745722852300781114e-51
4.997149714971496905e+02 1.463691686568976764e-51
4.997649764976497408e+02 5.699780361539978793e-52
4.998149814981497912e+02 2.211878076829951213e-52
4.998649864986498415e+02 8.553794187545797944e-53
4.999149914991498918e+02 3.296483891338147536e-53
4.999649964996499421e+02 1.266011550925564356e-53
5.000150015001499924e+02 4.845280537506835327e-54
5.000650065006500427e+02 1.847969229739632690e-54
5.001150115011500930e+02 7.023686079005458154e-55
5.001650165016501433e+02 2.660296228694799622e-55
5.002150215021501936e+02 1.004128870058602097e-55
5.002650265026502439e+02 3.776969325879558675e-56
5.003150315031502942e+02 1.415767735191536974e-56
5.003650365036503445e+02 5.288531708060963103e-57
5.004150415041503948e+02 1.968669275272790778e-57
5.004650465046504451e+02 7.303061587933127302e-58
5.005150515051504954e+02 2.699800738730277089e-58
5.005650565056505457e+02 9.946104307639377208e-59
5.006150615061505960e+02 3.651479410068165900e-59
5.006650665066506463e+02 1.335916308504135880e-59
5.007150715071506966e+02 4.870619420976334727e-60
5.007650765076507469e+02 1.769634960621284757e-60
5.008150815081507972e+02 6.407339437556747265e-61
5.008650865086508475e+02 2.311885511472720094e-61
5.009150915091508978e+02 8.312840803541694868e-62
5.009650965096509481e+02 2.978702656791137244e-62
5.010151015101509984e+02 1.063651583410098318e-62
5.010651065106510487e+02 3.785002564261461263e-63
5.011151115111510990e+02 1.342231769922788134e-63
5.011651165116511493e+02 4.743330644024404210e-64
5.012151215121511996e+02 1.670451354869527622e-64
5.012651265126512499e+02 5.862445468319431566e-65
5.013151315131513002e+02 2.050304419541906784e-65
5.013651365136513505e+02 7.145825862786550884e-66
5.014151415141514008e+02 2.481881594644703461e-66
5.014651465146514511e+02 8.590219022633056010e-67
5.015151515151515014e+02 2.962933912128026890e-67
5.015651565156515517e+02 1.018437169678402944e-67
5.016151615161516020e+02 3.488518792232095048e-68
5.016651665166516523e+02 1.190809912936444130e-68
5.017151715171517026e+02 4.050777273158757004e-69
5.017651765176517529e+02 1.373184324364601437e-69
5.018151815181518032e+02 4.638887692692794811e-70
5.018651865186518535e+02 1.561684963097059802e-70
5.019151915191519038e+02 5.239231009112358300e-71
5.019651965196519541e+02 1.751605160473332887e-71
5.020152015201520044e+02 5.835787011948436160e-72
5.020652065206520547e+02 1.937569097130635458e-72
5.021152115211521050e+02 6.410759936158634637e-73
5.021652165216521553e+02 2.113763420988869421e-73
5.022152215221522056e+02 6.945408448251770253e-74
5.022652265226522559e+02 2.274226694033196993e-74
5.023152315231523062e+02 7.421031304427695725e-75
5.023652365236523565e+02 2.413177810804409474e-75
5.024152415241524068e+02 7.820039234438052302e-76
5.024652465246524571e+02 2.525358792590874630e-76
5.025152515251525074e+02 8.127028751339056228e-77
5.025652565256525577e+02 2.606363899834562269e-77
5.026152615261526080e+02 8.329767050724849728e-78
5.026652665266526583e+02 2.652926448953668840e-78
5.027152715271527086e+02 8.420000395629465392e-79
5.027652765276527589e+02 2.663137335669654482e-79
5.028152815281528092e+02 8.394011569175151531e-80
5.028652865286528595e+02 2.636574895933625363e-80
5.029152915291529098e+02 8.252873927209317163e-81
5.029652965296529601e+02 2.574333794169269409e-81
5.030153015301530104e+02 8.002377853503613168e-82
5.030653065306530607e+02 2.478950180718400772e-82
5.031153115311531110e+02 7.652636640087727527e-83
5.031653165316531613e+02 2.354230249574957846e-83
5.032153215321532116e+02 7.217409177069863231e-84
5.032653265326532619e+02 2.204998347077664061e-84
5.033153315331533122e+02 6.713202659573733791e-85
5.033653365336533625e+02 2.036787854602343852e-85
5.034153415341534128e+02 6.158236794195518361e-86
5.034653465346534631e+02 1.855502401460465293e-86
5.035153515351535134e+02 5.571359800451754680e-87
5.035653565356535637e+02 1.667076159144052961e-87
5.036153615361536140e+02 4.971005276155529125e-88
5.036653665366536643e+02 1.477160059680930528e-88
5.037153715371537146e+02 4.374268504649042733e-89
5.037653765376537649e+02 1.290856208678916705e-89
5.038153815381538152e+02 3.796162957894005182e-90
5.038653865386538655e+02 1.112516280748494511e-90
5.039153915391539158e+02 3.249095317785302886e-91
5.039653965396539661e+02 9.456122252840266702e-92
5.040154015401540164e+02 2.742573360694702364e-92
5.040654065406540667e+02 7.926801395967614476e-93
5.041154115411541170e+02 2.283138460755684350e-93
5.041654165416541673e+02 6.553315423030682683e-94
5.042154215421542176e+02 1.874495674465180598e-94
5.042654265426542679e+02 5.343211464477921158e-95
5.043154315431543182e+02 1.517800987078469148e-95
5.043654365436543685e+02 4.296569572355735313e-96
5.044154415441544188e+02 1.212058035292272807e-96
5.044654465446544691e+02 3.407371845054147512e-97
5.045154515451545194e+02 9.545753050870339487e-98
5.045654565456545697e+02 2.664988923626919630e-98
5.046154615461546200e+02 7.414385634326407713e-99
5.046654665466546703e+02 2.055651464190998023e-99
5.047154715471547206e+02 5.679607736950733838e-100
5.047654765476547709e+02 1.563801953396332912e-100
5.048154815481548212e+02 4.290814201843984909e-101
5.048654865486548715e+02 1.173254467111892252e-101
5.049154915491549218e+02 3.196975237723625369e-102
5.049654965496549721e+02 8.681222300972601697e-103
5.050155015501550224e+02 2.349183983904992317e-103
5.050655065506550727e+02 6.335016262911480432e-104
5.051155115511551230e+02 1.702444590813446499e-104
5.051655165516551733e+02 4.559243489720653819e-105
5.052155215521552236e+02 1.216766197676784270e-105
5.052655265526552739e+02 3.236056048127454470e-106
5.053155315531553242e+02 8.576685447858667152e-107
5.053655365536553745e+02 2.265256989090695325e-107
5.054155415541554248e+02 5.962247834116400417e-108
5.054655465546554751e+02 1.563857289883255721e-108
5.055155515551555254e+02 4.087697620821761864e-109
5.055655565556555757e+02 1.064767911653319335e-109
5.056155615561556260e+02 2.763921446697339290e-110
5.056655665566556763e+02 7.149752133494692029e-111
5.057155715571557266e+02 1.843108173889599516e-111
5.057655765576557769e+02 4.734838968188662481e-112
5.058155815581558272e+02 1.212143816257153628e-112
5.058655865586558775e+02 3.092414039274213538e-113
5.059155915591559278e+02 7.862047641701184122e-114
5.059655965596559781e+02 1.991903318149477520e-114
5.060156015601560284e+02 5.029159249646575584e-115
5.060656065606560787e+02 1.265368647710890897e-115
5.061156115611561290e+02 3.172731353353711101e-116
5.061656165616561793e+02 7.927642915949201738e-117
5.062156215621562296e+02 1.974010273813176042e-117
5.062656265626562799e+02 4.898344053962582304e-118
5.063156315631563302e+02 1.211277674619583825e-118
5.063656365636563805e+02 2.984919946529077193e-119
5.064156415641564308e+02 7.330206553557444242e-120
5.064656465646564811e+02 1.793883709015533430e-120
5.065156515651565314e+02 4.374887686636024541e-121
5.065656565656565817e+02 1.063246787978914647e-121
5.066156615661566320e+02 2.575110084303476271e-122
5.066656665666566823e+02 6.215156498516411792e-123
5.067156715671567326e+02 1.494868143022219491e-123
5.067656765676567829e+02 3.583011926779577644e-124
5.068156815681568332e+02 8.558313079676524096e-125
5.068656865686568835e+02 2.037148247621009452e-125
5.069156915691569338e+02 4.832275077427227458e-126
5.069656965696569841e+02 1.142286939753205886e-126
5.070157015701570344e+02 2.690873756346272539e-127
5.070657065706570847e+02 6.316928828294154430e-128
5.071157115711571350e+02 1.477791599380932245e-128
5.071657165716571853e+02 3.445204073512772282e-129
5.072157215721572356e+02 8.004077030253132924e-130
5.072657265726572859e+02 1.853113910251633384e-130
5.073157315731573362e+02 4.275506012441573470e-131
5.073657365736573865e+02 9.830315937205361329e-132
5.074157415741574368e+02 2.252381643185820772e-132
5.074657465746574871e+02 5.142934953038030714e-133
5.075157515751575374e+02 1.170239175550172646e-133
5.075657565756575877e+02 2.653583651422450784e-134
5.076157615761576380e+02 5.996329396872891485e-135
5.076657665766576883e+02 1.350307655964777525e-135
5.077157715771577386e+02 3.030222558861897363e-136
5.077657765776577889e+02 6.776584732294580865e-137
5.078157815781578392e+02 1.510225391734010148e-137
5.078657865786578895e+02 3.354032076714337238e-138
5.079157915791579399e+02 7.423132361605091201e-139
5.079657965796579902e+02 1.637200038732743469e-139
5.080158015801580405e+02 3.598411590274240900e-140
5.080658065806580908e+02 7.881601568025991063e-141
5.081158115811581411e+02 1.720333574123447321e-141
5.081658165816581914e+02 3.742013954047524924e-142
5.082158215821582417e+02 8.111341553706375738e-143
5.082658265826582920e+02 1.752163078032991896e-143
5.083158315831583423e+02 3.771819564782311803e-144
5.083658365836583926e+02 8.091365925172316849e-145
5.084158415841584429e+02 1.729765872699751631e-145
5.084658465846584932e+02 3.685083692829551441e-146
5.085158515851585435e+02 7.823515292751243989e-147
5.085658565856585938e+02 1.655202238190933956e-147
5.086158615861586441e+02 3.489753431415804138e-148
5.086658665866586944e+02 7.332177499539168012e-149
5.087158715871587447e+02 1.535202771934342735e-149
5.087658765876587950e+02 3.203266491826843195e-150
5.088158815881588453e+02 6.660624409072804742e-151
5.088658865886588956e+02 1.380166136288706314e-151
5.089158915891589459e+02 2.849983456829331467e-152
5.089658965896589962e+02 5.864727796930906484e-153
5.090159015901590465e+02 1.202674019628484398e-153
5.090659065906590968e+02 2.457777408422915838e-154
5.091159115911591471e+02 5.005318472072220086e-155
5.091659165916591974e+02 1.015816895415753344e-155
5.092159215921592477e+02 2.054441112107178458e-156
5.092659265926592980e+02 4.140630831858432719e-157
5.093159315931593483e+02 8.316371375499364493e-158
5.093659365936593986e+02 1.664545945226470223e-158
5.094159415941594489e+02 3.320108284589096942e-159
5.094659465946594992e+02 6.599381857207618490e-160
5.095159515951595495e+02 1.307220402657813866e-160
5.095659565956595998e+02 2.580411243697220719e-161
5.096159615961595932e+02 5.076023015203282793e-162
5.096659665966596435e+02 9.950680648933357730e-163
5.097159715971596938e+02 1.943911743173892515e-163
5.097659765976597441e+02 3.784380945762584071e-164
5.098159815981597944e+02 7.341887067334203382e-165
5.098659865986598447e+02 1.419433666157190312e-165
5.099159915991598950e+02 2.734746355724403976e-166
5.099659965996599453e+02 5.250655827403155664e-167
5.100160016001599956e+02 1.004626432073351070e-167
5.100660066006600459e+02 1.915535468559526717e-168
5.101160116011600962e+02 3.639739856145349159e-169
5.101660166016601465e+02 6.891996365107397139e-170
5.102160216021601968e+02 1.300511761071282549e-170
5.102660266026602471e+02 2.445558620108958841e-171
5.103160316031602974e+02 4.582858197661585306e-172
5.103660366036603477e+02 8.558335563626453749e-173
5.104160416041603980e+02 1.592710161396827735e-173
5.104660466046604483e+02 2.953784042310793762e-174
5.105160516051604986e+02 5.459027447627822138e-175
5.105660566056605489e+02 1.005417325703853593e-175
5.106160616061605992e+02 1.845321325784257171e-176
5.106660666066606495e+02 3.375143059278997324e-177
5.107160716071606998e+02 6.151866741242425891e-178
5.107660766076607501e+02 1.117419387385661917e-178
5.108160816081608004e+02 2.022646716741437483e-179
5.108660866086608507e+02 3.648534140874287656e-180
5.109160916091609010e+02 6.558603010985374527e-181
5.109660966096609513e+02 1.174894369706616514e-181
5.110161016101610016e+02 2.097398002547747977e-182
5.110661066106610519e+02 3.731276444940119224e-183
5.111161116111611022e+02 6.614980249742063205e-184
5.111661166116611525e+02 1.168676271084257749e-184
5.112161216121612028e+02 2.057569195957445341e-185
5.112661266126612531e+02 3.610016788747766022e-186
5.113161316131613034e+02 6.311877227284812637e-187
5.113661366136613537e+02 1.099771378237140252e-187
5.114161416141614040e+02 1.909593078859123329e-188
5.114661466146614544e+02 3.304256857116437138e-189
5.115161516151615047e+02 5.697722804270959633e-190
5.115661566156615550e+02 9.790917311100707539e-191
5.116161616161616053e+02 1.676640673991497008e-191
5.116661666166616556e+02 2.861219402200446704e-192
5.117161716171617059e+02 4.865829354761665381e-193
5.117661766176617562e+02 8.246262127157140368e-194
5.118161816181618065e+02 1.392681948335326349e-194
5.118661866186618568e+02 2.343912018830181313e-195
5.119161916191619071e+02 3.931200681918701095e-196
5.119661966196619574e+02 6.570579463181095299e-197
5.120162016201620645e+02 1.094401496742753012e-197
5.120662066206621148e+02 1.816536939354291012e-198
5.121162116211621651e+02 3.004736122075420236e-199
5.121662166216622154e+02 4.952939136268619971e-200
5.122162216221622657e+02 8.136060950837758990e-201
5.122662266226623160e+02 1.331864197394021025e-201
5.123162316231623663e+02 2.172702402763753048e-202
5.123662366236624166e+02 3.532117103232055932e-203
5.124162416241624669e+02 5.722219218748212089e-204
5.124662466246625172e+02 9.238222939823390516e-205
5.125162516251625675e+02 1.486301562814595064e-205
5.125662566256626178e+02 2.382977705710417405e-206
5.126162616261626681e+02 3.807391824524821638e-207
5.126662666266627184e+02 6.062192399714107275e-208
5.127162716271627687e+02 9.618922096202210465e-209
5.127662766276628190e+02 1.520959493519475542e-209
5.128162816281628693e+02 2.396643499335912181e-210
5.128662866286629196e+02 3.763429423696062750e-211
5.129162916291629699e+02 5.889232003513694074e-212
5.129662966296630202e+02 9.183920166794240176e-213
5.130163016301630705e+02 1.427223819511625322e-213
5.130663066306631208e+02 2.210296925003041501e-214
5.131163116311631711e+02 3.411172663884445284e-215
5.131663166316632214e+02 5.246278420234157376e-216
5.132163216321632717e+02 8.040693653350082231e-217
5.132663266326633220e+02 1.228090144344021480e-217
5.133163316331633723e+02 1.869224759939137611e-218
5.133663366336634226e+02 2.835223846982530851e-219
5.134163416341634729e+02 4.285561481614994071e-220
5.134663466346635232e+02 6.455392537104216962e-221
5.135163516351635735e+02 9.690186387118523759e-222
5.135663566356636238e+02 1.449559859971241589e-222
5.136163616361636741e+02 2.160900286440847021e-223
5.136663666366637244e+02 3.210168646509452695e-224
5.137163716371637747e+02 4.752427708174031164e-225
5.137663766376638250e+02 7.011286902186535227e-226
5.138163816381638753e+02 1.030800231243817854e-226
5.138663866386639256e+02 1.510239499201016840e-227
5.139163916391639759e+02 2.205015725677602773e-228
5.139663966396640262e+02 3.208278836237796409e-229
5.140164016401640765e+02 4.651864656668477783e-230
5.140664066406641268e+02 6.721660665850005360e-231
5.141164116411641771e+02 9.678780616574610575e-232
5.141664166416642274e+02 1.388862516866357082e-232
5.142164216421642777e+02 1.986060240457326319e-233
5.142664266426643280e+02 2.830219547730828192e-234
5.143164316431643783e+02 4.019225602280817141e-235
5.143664366436643149e+02 5.687994804874763962e-236
5.144164416441643652e+02 8.021776301406730000e-237
5.144664466446644155e+02 1.127395901542210649e-237
5.145164516451644658e+02 1.578981004629256189e-238
5.145664566456645161e+02 2.203798626670479111e-239
5.146164616461645664e+02 3.065218652856552990e-240
5.146664666466646167e+02 4.248597216972602814e-241
5.147164716471646670e+02 5.868460825216784079e-242
5.147664766476647173e+02 8.077880204561005282e-243
5.148164816481647676e+02 1.108064791983466924e-243
5.148664866486648179e+02 1.514702883031819631e-244
5.149164916491648682e+02 2.063404138898989658e-245
5.149664966496649186e+02 2.801145652264118476e-246
5.150165016501649689e+02 3.789497586357810714e-247
5.150665066506650192e+02 5.108837945901020702e-248
5.151165116511650695e+02 6.863682220179845749e-249
5.151665166516651198e+02 9.189391577913739748e-250
5.152165216521651701e+02 1.226057665745593581e-250
5.152665266526652204e+02 1.630157569644447166e-251
5.153165316531652707e+02 2.159945642860216295e-252
5.153665366536653210e+02 2.852007134936181403e-253
5.154165416541653713e+02 3.752778591599552197e-254
5.154665466546654216e+02 4.920959900999036204e-255
5.155165516551654719e+02 6.430448417053000415e-256
5.155665566556655222e+02 8.373889783094129666e-257
5.156165616561655725e+02 1.086695255590670161e-257
5.156665666566656228e+02 1.405344668710917086e-258
5.157165716571656731e+02 1.811141904242103759e-259
5.157665766576657234e+02 2.326037201384875889e-260
5.158165816581657737e+02 2.976976337435465564e-261
5.158665866586658240e+02 3.796895618092152918e-262
5.159165916591658743e+02 4.825879595658272424e-263
5.159665966596659246e+02 6.112499763989607821e-264
5.160166016601659749e+02 7.715352580593833537e-265
5.160666066606660252e+02 9.704814722618441733e-266
5.161166116611660755e+02 1.216503236157441318e-266
5.161666166616661258e+02 1.519615929907015238e-267
5.162166216621661761e+02 1.891685589411395896e-268
5.162666266626662264e+02 2.346705668196438744e-269
5.163166316631662767e+02 2.901100929030983982e-270
5.163666366636663270e+02 3.574058056804277945e-271
5.164166416641663773e+02 4.387881764349552197e-272
5.164666466646664276e+02 5.368374184168567912e-273
5.165166516651664779e+02 6.545234197508046038e-274
5.165666566656665282e+02 7.952472049300107308e-275
5.166166616661665785e+02 9.628833141125416641e-276
5.166666666666666288e+02 1.161822330001287183e-276
5.167166716671666791e+02 1.397012611305569227e-277
5.167666766676667294e+02 1.674000113025796619e-278
5.168166816681667797e+02 1.998964991510322425e-279
5.168666866686668300e+02 2.378753511891717170e-280
5.169166916691668803e+02 2.820903603668676313e-281
5.169666966696669306e+02 3.333662254384166381e-282
5.170167016701669809e+02 3.925992800039076688e-283
5.170667066706670312e+02 4.607570073148704615e-284
5.171167116711670815e+02 5.388761314865075150e-285
5.171667166716671318e+02 6.280590756089430261e-286
5.172167216721671821e+02 7.294685833497631357e-287
5.172667266726672324e+02 8.443203138892883896e-288
5.173167316731672827e+02 9.738732411932186419e-289
5.173667366736673330e+02 1.119417718326001377e-289
5.174167416741673833e+02 1.282261106136118038e-290
5.174667466746674336e+02 1.463710913332074703e-291
5.175167516751674839e+02 1.665055451516494359e-292
5.175667566756675342e+02 1.887542073635068433e-293
5.176167616761675845e+02 2.132353136564049824e-294
5.176667666766676348e+02 2.400579906883852675e-295
5.177167716771676851e+02 2.693194711509165623e-296
5.177667766776677354e+02 3.011021719607763768e-297
5.178167816781677857e+02 3.354706826635031919e-298
5.178667866786678360e+02 3.724687192496228315e-299
5.179167916791678863e+02 4.121161060771706910e-300
5.179667966796679366e+02 4.544058551384233473e-301
5.180168016801679869e+02 4.993014171791094691e-302
5.180668066806680372e+02 5.467341828639842015e-303
5.181168116811680875e+02 5.966013139873363136e-304
5.181668166816681378e+02 6.487639843970152846e-305
5.182168216821681881e+02 7.030461076365213718e-306
5.182668266826682384e+02 7.592336231633005280e-307
5.183168316831682887e+02 8.170744053194276413e-308
5.183668366836683390e+02 8.762788490323331779e-309
5.184168416841683893e+02 9.365211736354886278e-310
5.184668466846684396e+02 9.974414718083481241e-311
5.185168516851684899e+02 1.058648503422864931e-311
5.185668566856685402e+02 1.119723232403431601e-312
5.186168616861685905e+02 1.180222175181544019e-313
5.186668666866686408e+02 1.239676405771205902e-314
5.187168716871686911e+02 1.297553044536753114e-315
5.187668766876687414e+02 1.352898920469229145e-316
5.188168816881687917e+02 1.395472606577933944e-317
5.188668866886688420e+02 1.419124517175646099e-318
5.189168916891688923e+02 2.365191059771215456e-319
5.189668966896689426e+02 0.000000000000000000e+00
5.190169016901689929e+02 0.000000000000000000e+00
5.190669066906690432e+02 0.000000000000000000e+00
5.191169116911690935e+02 0.000000000000000000e+00
5.191669166916691438e+02 0.000000000000000000e+00
5.192169216921691941e+02 0.000000000000000000e+00
5.192669266926692444e+02 0.000000000000000000e+00
5.193169316931692947e+02 0.000000000000000000e+00
5.193669366936693450e+02 0.000000000000000000e+00
5.194169416941693953e+02 0.000000000000000000e+00
5.194669466946694456e+02 0.000000000000000000e+00
5.195169516951694959e+02 0.000000000000000000e+00
5.195669566956695462e+02 0.000000000000000000e+00
5.196169616961695965e+02 0.000000000000000000e+00
5.196669666966696468e+02 0.000000000000000000e+00
5.197169716971696971e+02 0.000000000000000000e+00
5.197669766976697474e+02 0.000000000000000000e+00
5.198169816981697977e+02 0.000000000000000000e+00
5.198669866986698480e+02 0.000000000000000000e+00
5.199169916991698983e+02 0.000000000000000000e+00
5.199669966996699486e+02 0.000000000000000000e+00
5.200170017001699989e+02 0.000000000000000000e+00
5.200670067006700492e+02 0.000000000000000000e+00
5.201170117011700995e+02 0.000000000000000000e+00
5.201670167016701498e+02 0.000000000000000000e+00
5.202170217021702001e+02 0.000000000000000000e+00
5.202670267026702504e+02 0.000000000000000000e+00
5.203170317031703007e+02 0.000000000000000000e+00
5.203670367036703510e+02 0.000000000000000000e+00
5.204170417041704013e+02 0.000000000000000000e+00
5.204670467046704516e+02 0.000000000000000000e+00
5.205170517051705019e+02 0.000000000000000000e+00
5.205670567056705522e+02 0.000000000000000000e+00
5.206170617061706025e+02 0.000000000000000000e+00
5.206670667066706528e+02 0.000000000000000000e+00
5.207170717071707031e+02 0.000000000000000000e+00
5.207670767076707534e+02 0.000000000000000000e+00
5.208170817081708037e+02 0.000000000000000000e+00
5.208670867086708540e+02 0.000000000000000000e+00
5.209170917091709043e+02 0.000000000000000000e+00
5.209670967096709546e+02 0.000000000000000000e+00
5.210171017101710049e+02 0.000000000000000000e+00
5.210671067106710552e+02 0.000000000000000000e+00
5.211171117111711055e+02 0.000000000000000000e+00
5.211671167116711558e+02 0.000000000000000000e+00
5.212171217121712061e+02 0.000000000000000000e+00
5.212671267126712564e+02 0.000000000000000000e+00
5.213171317131713067e+02 0.000000000000000000e+00
5.213671367136713570e+02 0.000000000000000000e+00
5.214171417141714073e+02 0.000000000000000000e+00
5.214671467146714576e+02 0.000000000000000000e+00
5.215171517151715079e+02 0.000000000000000000e+00
5.215671567156715582e+02 0.000000000000000000e+00
5.216171617161716085e+02 0.000000000000000000e+00
5.216671667166716588e+02 0.000000000000000000e+00
5.217171717171717091e+02 0.000000000000000000e+00
5.217671767176717594e+02 0.000000000000000000e+00
5.218171817181718097e+02 0.000000000000000000e+00
5.218671867186718600e+02 0.000000000000000000e+00
5.219171917191719103e+02 0.000000000000000000e+00
5.219671967196719606e+02 0.000000000000000000e+00
5.220172017201720109e+02 0.000000000000000000e+00
5.220672067206720612e+02 0.000000000000000000e+00
5.221172117211721115e+02 0.000000000000000000e+00
5.221672167216721618e+02 0.000000000000000000e+00
5.222172217221722121e+02 0.000000000000000000e+00
5.222672267226722624e+02 0.000000000000000000e+00
5.223172317231723127e+02 0.000000000000000000e+00
5.223672367236723630e+02 0.000000000000000000e+00
5.224172417241724133e+02 0.000000000000000000e+00
5.224672467246724636e+02 0.000000000000000000e+00
5.225172517251725139e+02 0.000000000000000000e+00
5.225672567256725642e+02 0.000000000000000000e+00
5.226172617261726145e+02 0.000000000000000000e+00
5.226672667266726648e+02 0.000000000000000000e+00
5.227172717271727151e+02 0.000000000000000000e+00
5.227672767276727654e+02 0.000000000000000000e+00
5.228172817281728157e+02 0.000000000000000000e+00
5.228672867286728660e+02 0.000000000000000000e+00
5.229172917291729163e+02 0.000000000000000000e+00
5.229672967296729666e+02 0.000000000000000000e+00
5.230173017301730169e+02 0.000000000000000000e+00
5.230673067306730672e+02 0.000000000000000000e+00
5.231173117311731176e+02 0.000000000000000000e+00
5.231673167316731679e+02 0.000000000000000000e+00
5.232173217321732182e+02 0.000000000000000000e+00
5.232673267326732685e+02 0.000000000000000000e+00
5.233173317331733188e+02 0.000000000000000000e+00
5.233673367336733691e+02 0.000000000000000000e+00
5.234173417341734194e+02 0.000000000000000000e+00
5.234673467346734697e+02 0.000000000000000000e+00
5.235173517351735200e+02 0.000000000000000000e+00
5.235673567356735703e+02 0.000000000000000000e+00
5.236173617361736206e+02 0.000000000000000000e+00
5.236673667366736709e+02 0.000000000000000000e+00
5.237173717371737212e+02 0.000000000000000000e+00
5.237673767376737715e+02 0.000000000000000000e+00
5.238173817381738218e+02 0.000000000000000000e+00
5.238673867386738721e+02 0.000000000000000000e+00
5.239173917391739224e+02 0.000000000000000000e+00
5.239673967396739727e+02 0.000000000000000000e+00
5.240174017401740230e+02 0.000000000000000000e+00
5.240674067406740733e+02 0.000000000000000000e+00
5.241174117411741236e+02 0.000000000000000000e+00
5.241674167416741739e+02 0.000000000000000000e+00
5.242174217421742242e+02 0.000000000000000000e+00
5.242674267426742745e+02 0.000000000000000000e+00
5.243174317431743248e+02 0.000000000000000000e+00
5.243674367436743751e+02 0.000000000000000000e+00
5.244174417441744254e+02 0.000000000000000000e+00
5.244674467446744757e+02 0.000000000000000000e+00
5.245174517451745260e+02 0.000000000000000000e+00
5.245674567456745763e+02 0.000000000000000000e+00
5.246174617461746266e+02 0.000000000000000000e+00
5.246674667466746769e+02 0.000000000000000000e+00
5.247174717471747272e+02 0.000000000000000000e+00
5.247674767476747775e+02 0.000000000000000000e+00
5.248174817481748278e+02 0.000000000000000000e+00
5.248674867486748781e+02 0.000000000000000000e+00
5.249174917491749284e+02 0.000000000000000000e+00
5.249674967496749787e+02 0.000000000000000000e+00
5.250175017501750290e+02 0.000000000000000000e+00
5.250675067506750793e+02 0.000000000000000000e+00
5.251175117511751296e+02 0.000000000000000000e+00
5.251675167516751799e+02 0.000000000000000000e+00
5.252175217521752302e+02 0.000000000000000000e+00
5.252675267526752805e+02 0.000000000000000000e+00
5.253175317531753308e+02 0.000000000000000000e+00
5.253675367536753811e+02 0.000000000000000000e+00
5.254175417541754314e+02 0.000000000000000000e+00
5.254675467546754817e+02 0.000000000000000000e+00
5.255175517551755320e+02 0.000000000000000000e+00
5.255675567556755823e+02 0.000000000000000000e+00
5.256175617561756326e+02 0.000000000000000000e+00
5.256675667566756829e+02 0.000000000000000000e+00
5.257175717571757332e+02 0.000000000000000000e+00
5.257675767576757835e+02 0.000000000000000000e+00
5.258175817581758338e+02 0.000000000000000000e+00
5.258675867586758841e+02 0.000000000000000000e+00
5.259175917591759344e+02 0.000000000000000000e+00
5.259675967596759847e+02 0.000000000000000000e+00
5.260176017601760350e+02 0.000000000000000000e+00
5.260676067606760853e+02 0.000000000000000000e+00
5.261176117611761356e+02 0.000000000000000000e+00
5.261676167616761859e+02 0.000000000000000000e+00
5.262176217621762362e+02 0.000000000000000000e+00
5.262676267626762865e+02 0.000000000000000000e+00
5.263176317631763368e+02 0.000000000000000000e+00
5.263676367636763871e+02 0.000000000000000000e+00
5.264176417641764374e+02 0.000000000000000000e+00
5.264676467646764877e+02 0.000000000000000000e+00
5.265176517651765380e+02 0.000000000000000000e+00
5.265676567656765883e+02 0.000000000000000000e+00
5.266176617661766386e+02 0.000000000000000000e+00
5.266676667666766889e+02 0.000000000000000000e+00
5.267176717671767392e+02 0.000000000000000000e+00
5.267676767676767895e+02 0.000000000000000000e+00
5.268176817681768398e+02 0.000000000000000000e+00
5.268676867686768901e+02 0.000000000000000000e+00
5.269176917691769404e+02 0.000000000000000000e+00
5.269676967696769907e+02 0.000000000000000000e+00
5.270177017701770410e+02 0.000000000000000000e+00
5.270677067706770913e+02 0.000000000000000000e+00
5.271177117711771416e+02 0.000000000000000000e+00
5.271677167716771919e+02 0.000000000000000000e+00
5.272177217721772422e+02 0.000000000000000000e+00
5.272677267726772925e+02 0.000000000000000000e+00
5.273177317731773428e+02 0.000000000000000000e+00
5.273677367736773931e+02 0.000000000000000000e+00
5.274177417741774434e+02 0.000000000000000000e+00
5.274677467746774937e+02 0.000000000000000000e+00
5.275177517751775440e+02 0.000000000000000000e+00
5.275677567756775943e+02 0.000000000000000000e+00
5.276177617761776446e+02 0.000000000000000000e+00
5.276677667766776949e+02 0.000000000000000000e+00
5.277177717771777452e+02 0.000000000000000000e+00
5.277677767776777955e+02 0.000000000000000000e+00
5.278177817781778458e+02 0.000000000000000000e+00
5.278677867786778961e+02 0.000000000000000000e+00
5.279177917791779464e+02 0.000000000000000000e+00
5.279677967796779967e+02 0.000000000000000000e+00
5.280178017801780470e+02 0.000000000000000000e+00
5.280678067806780973e+02 0.000000000000000000e+00
5.281178117811781476e+02 0.000000000000000000e+00
5.281678167816781979e+02 0.000000000000000000e+00
5.282178217821782482e+02 0.000000000000000000e+00
5.282678267826782985e+02 0.000000000000000000e+00
5.283178317831783488e+02 0.000000000000000000e+00
5.283678367836783991e+02 0.000000000000000000e+00
5.284178417841784494e+02 0.000000000000000000e+00
5.284678467846784997e+02 0.000000000000000000e+00
5.285178517851785500e+02 0.000000000000000000e+00
5.285678567856786003e+02 0.000000000000000000e+00
5.286178617861786506e+02 0.000000000000000000e+00
5.286678667866785872e+02 0.000000000000000000e+00
5.287178717871786375e+02 0.000000000000000000e+00
5.287678767876786878e+02 0.000000000000000000e+00
5.288178817881787381e+02 0.000000000000000000e+00
5.288678867886787884e+02 0.000000000000000000e+00
5.289178917891788387e+02 0.000000000000000000e+00
5.289678967896788890e+02 0.000000000000000000e+00
5.290179017901789393e+02 0.000000000000000000e+00
5.290679067906789896e+02 0.000000000000000000e+00
5.291179117911790399e+02 0.000000000000000000e+00
5.291679167916790902e+02 0.000000000000000000e+00
5.292179217921791405e+02 0.000000000000000000e+00
5.292679267926791908e+02 0.000000000000000000e+00
5.293179317931792411e+02 0.000000000000000000e+00
5.293679367936792914e+02 0.000000000000000000e+00
5.294179417941793417e+02 0.000000000000000000e+00
5.294679467946793920e+02 0.000000000000000000e+00
5.295179517951794423e+02 0.000000000000000000e+00
5.295679567956794926e+02 0.000000000000000000e+00
5.296179617961795429e+02 0.000000000000000000e+00
5.296679667966795932e+02 0.000000000000000000e+00
5.297179717971796435e+02 0.000000000000000000e+00
5.297679767976796938e+02 0.000000000000000000e+00
5.298179817981797441e+02 0.000000000000000000e+00
5.298679867986797944e+02 0.000000000000000000e+00
5.299179917991798447e+02 0.000000000000000000e+00
5.299679967996798950e+02 0.000000000000000000e+00
5.300180018001799453e+02 0.000000000000000000e+00
5.300680068006799956e+02 0.000000000000000000e+00
5.301180118011800459e+02 0.000000000000000000e+00
5.301680168016800963e+02 0.000000000000000000e+00
5.302180218021801466e+02 0.000000000000000000e+00
5.302680268026801969e+02 0.000000000000000000e+00
5.303180318031802472e+02 0.000000000000000000e+00
5.303680368036802975e+02 0.000000000000000000e+00
5.304180418041803478e+02 0.000000000000000000e+00
5.304680468046803981e+02 0.000000000000000000e+00
5.305180518051804484e+02 0.000000000000000000e+00
5.305680568056804987e+02 0.000000000000000000e+00
5.306180618061805490e+02 0.000000000000000000e+00
5.306680668066805993e+02 0.000000000000000000e+00
5.307180718071806496e+02 0.000000000000000000e+00
5.307680768076806999e+02 0.000000000000000000e+00
5.308180818081807502e+02 0.000000000000000000e+00
5.308680868086808005e+02 0.000000000000000000e+00
5.309180918091808508e+02 0.000000000000000000e+00
5.309680968096809011e+02 0.000000000000000000e+00
5.310181018101809514e+02 0.000000000000000000e+00
5.310681068106810017e+02 0.000000000000000000e+00
5.311181118111810520e+02 0.000000000000000000e+00
5.311681168116811023e+02 0.000000000000000000e+00
5.312181218121811526e+02 0.000000000000000000e+00
5.312681268126812029e+02 0.000000000000000000e+00
5.313181318131812532e+02 0.000000000000000000e+00
5.313681368136813035e+02 0.000000000000000000e+00
5.314181418141813538e+02 0.000000000000000000e+00
5.314681468146814041e+02 0.000000000000000000e+00
5.315181518151814544e+02 0.000000000000000000e+00
5.315681568156815047e+02 0.000000000000000000e+00
5.316181618161815550e+02 0.000000000000000000e+00
5.316681668166816053e+02 0.000000000000000000e+00
5.317181718171816556e+02 0.000000000000000000e+00
5.317681768176817059e+02 0.000000000000000000e+00
5.318181818181817562e+02 0.000000000000000000e+00
5.318681868186818065e+02 0.000000000000000000e+00
5.319181918191818568e+02 0.000000000000000000e+00
5.319681968196819071e+02 0.000000000000000000e+00
5.320182018201819574e+02 0.000000000000000000e+00
5.320682068206820077e+02 0.000000000000000000e+00
5.321182118211820580e+02 0.000000000000000000e+00
5.321682168216821083e+02 0.000000000000000000e+00
5.322182218221821586e+02 0.000000000000000000e+00
5.322682268226822089e+02 0.000000000000000000e+00
5.323182318231822592e+02 0.000000000000000000e+00
5.323682368236823095e+02 0.000000000000000000e+00
5.324182418241823598e+02 0.000000000000000000e+00
5.324682468246824101e+02 0.000000000000000000e+00
5.325182518251824604e+02 0.000000000000000000e+00
5.325682568256825107e+02 0.000000000000000000e+00
5.326182618261825610e+02 0.000000000000000000e+00
5.326682668266826113e+02 0.000000000000000000e+00
5.327182718271826616e+02 0.000000000000000000e+00
5.327682768276827119e+02 0.000000000000000000e+00
5.328182818281827622e+02 0.000000000000000000e+00
5.328682868286828125e+02 0.000000000000000000e+00
5.329182918291828628e+02 0.000000000000000000e+00
5.329682968296829131e+02 0.000000000000000000e+00
5.330183018301829634e+02 0.000000000000000000e+00
5.330683068306830137e+02 0.000000000000000000e+00
5.331183118311830640e+02 0.000000000000000000e+00
5.331683168316831143e+02 0.000000000000000000e+00
5.332183218321831646e+02 0.000000000000000000e+00
5.332683268326832149e+02 0.000000000000000000e+00
5.333183318331832652e+02 0.000000000000000000e+00
5.333683368336833155e+02 0.000000000000000000e+00
5.334183418341833658e+02 0.000000000000000000e+00
5.334683468346834161e+02 0.000000000000000000e+00
5.335183518351834664e+02 0.000000000000000000e+00
5.335683568356835167e+02 0.000000000000000000e+00
5.336183618361835670e+02 0.000000000000000000e+00
5.336683668366836173e+02 0.000000000000000000e+00
5.337183718371836676e+02 0.000000000000000000e+00
5.337683768376837179e+02 0.000000000000000000e+00
5.338183818381837682e+02 0.000000000000000000e+00
5.338683868386838185e+02 0.000000000000000000e+00
5.339183918391838688e+02 0.000000000000000000e+00
5.339683968396839191e+02 0.000000000000000000e+00
5.340184018401839694e+02 0.000000000000000000e+00
5.340684068406840197e+02 0.000000000000000000e+00
5.341184118411840700e+02 0.000000000000000000e+00
5.341684168416841203e+02 0.000000000000000000e+00
5.342184218421841706e+02 0.000000000000000000e+00
5.342684268426842209e+02 0.000000000000000000e+00
5.343184318431842712e+02 0.000000000000000000e+00
5.343684368436843215e+02 0.000000000000000000e+00
5.344184418441843718e+02 0.000000000000000000e+00
5.344684468446844221e+02 0.000000000000000000e+00
5.345184518451844724e+02 0.000000000000000000e+00
5.345684568456845227e+02 0.000000000000000000e+00
5.346184618461845730e+02 0.000000000000000000e+00
5.346684668466846233e+02 0.000000000000000000e+00
5.347184718471846736e+02 0.000000000000000000e+00
5.347684768476847239e+02 0.000000000000000000e+00
5.348184818481847742e+02 0.000000000000000000e+00
5.348684868486848245e+02 0.000000000000000000e+00
5.349184918491848748e+02 0.000000000000000000e+00
5.349684968496849251e+02 0.000000000000000000e+00
5.350185018501849754e+02 0.000000000000000000e+00
5.350685068506850257e+02 0.000000000000000000e+00
5.351185118511850760e+02 0.000000000000000000e+00
5.351685168516851263e+02 0.000000000000000000e+00
5.352185218521851766e+02 0.000000000000000000e+00
5.352685268526852269e+02 0.000000000000000000e+00
5.353185318531852772e+02 0.000000000000000000e+00
5.353685368536853275e+02 0.000000000000000000e+00
5.354185418541853778e+02 0.000000000000000000e+00
5.354685468546854281e+02 0.000000000000000000e+00
5.355185518551854784e+02 0.000000000000000000e+00
5.355685568556855287e+02 0.000000000000000000e+00
5.356185618561855790e+02 0.000000000000000000e+00
5.356685668566856293e+02 0.000000000000000000e+00
5.357185718571856796e+02 0.000000000000000000e+00
5.357685768576857299e+02 0.000000000000000000e+00
5.358185818581857802e+02 0.000000000000000000e+00
5.358685868586858305e+02 0.000000000000000000e+00
5.359185918591858808e+02 0.000000000000000000e+00
5.359685968596859311e+02 0.000000000000000000e+00
5.360186018601859814e+02 0.000000000000000000e+00
5.360686068606860317e+02 0.000000000000000000e+00
5.361186118611860820e+02 0.000000000000000000e+00
5.361686168616861323e+02 0.000000000000000000e+00
5.362186218621861826e+02 0.000000000000000000e+00
5.362686268626862329e+02 0.000000000000000000e+00
5.363186318631862832e+02 0.000000000000000000e+00
5.363686368636863335e+02 0.000000000000000000e+00
5.364186418641863838e+02 0.000000000000000000e+00
5.364686468646864341e+02 0.000000000000000000e+00
5.365186518651864844e+02 0.000000000000000000e+00
5.365686568656865347e+02 0.000000000000000000e+00
5.366186618661865850e+02 0.000000000000000000e+00
5.366686668666866353e+02 0.000000000000000000e+00
5.367186718671866856e+02 0.000000000000000000e+00
5.367686768676867359e+02 0.000000000000000000e+00
5.368186818681867862e+02 0.000000000000000000e+00
5.368686868686868365e+02 0.000000000000000000e+00
5.369186918691868868e+02 0.000000000000000000e+00
5.369686968696869371e+02 0.000000000000000000e+00
5.370187018701869874e+02 0.000000000000000000e+00
5.370687068706870377e+02 0.000000000000000000e+00
5.371187118711870880e+02 0.000000000000000000e+00
5.371687168716871383e+02 0.000000000000000000e+00
5.372187218721871886e+02 0.000000000000000000e+00
5.372687268726872389e+02 0.000000000000000000e+00
5.373187318731872892e+02 0.000000000000000000e+00
5.373687368736873395e+02 0.000000000000000000e+00
5.374187418741873898e+02 0.000000000000000000e+00
5.374687468746874401e+02 0.000000000000000000e+00
5.375187518751874904e+02 0.000000000000000000e+00
5.375687568756875407e+02 0.000000000000000000e+00
5.376187618761875910e+02 0.000000000000000000e+00
5.376687668766876413e+02 0.000000000000000000e+00
5.377187718771876916e+02 0.000000000000000000e+00
5.377687768776877419e+02 0.000000000000000000e+00
5.378187818781877922e+02 0.000000000000000000e+00
5.378687868786878425e+02 0.000000000000000000e+00
5.379187918791878928e+02 0.000000000000000000e+00
5.379687968796879431e+02 0.000000000000000000e+00
5.380188018801879934e+02 0.000000000000000000e+00
5.380688068806880437e+02 0.000000000000000000e+00
5.381188118811880940e+02 0.000000000000000000e+00
5.381688168816881443e+02 0.000000000000000000e+00
5.382188218821881946e+02 0.000000000000000000e+00
5.382688268826882450e+02 0.000000000000000000e+00
5.383188318831882953e+02 0.000000000000000000e+00
5.383688368836883456e+02 0.000000000000000000e+00
5.384188418841883959e+02 0.000000000000000000e+00
5.384688468846884462e+02 0.000000000000000000e+00
5.385188518851884965e+02 0.000000000000000000e+00
5.385688568856885468e+02 0.000000000000000000e+00
5.386188618861885971e+02 0.000000000000000000e+00
5.386688668866886474e+02 0.000000000000000000e+00
5.387188718871886977e+02 0.000000000000000000e+00
5.387688768876887480e+02 0.000000000000000000e+00
5.388188818881887983e+02 0.000000000000000000e+00
5.388688868886888486e+02 0.000000000000000000e+00
5.389188918891888989e+02 0.000000000000000000e+00
5.389688968896889492e+02 0.000000000000000000e+00
5.390189018901889995e+02 0.000000000000000000e+00
5.390689068906890498e+02 0.000000000000000000e+00
5.391189118911891001e+02 0.000000000000000000e+00
5.391689168916891504e+02 0.000000000000000000e+00
5.392189218921892007e+02 0.000000000000000000e+00
5.392689268926892510e+02 0.000000000000000000e+00
5.393189318931893013e+02 0.000000000000000000e+00
5.393689368936893516e+02 0.000000000000000000e+00
5.394189418941894019e+02 0.000000000000000000e+00
5.394689468946894522e+02 0.000000000000000000e+00
5.395189518951895025e+02 0.000000000000000000e+00
5.395689568956895528e+02 0.000000000000000000e+00
5.396189618961896031e+02 0.000000000000000000e+00
5.396689668966896534e+02 0.000000000000000000e+00
5.397189718971897037e+02 0.000000000000000000e+00
5.397689768976897540e+02 0.000000000000000000e+00
5.398189818981898043e+02 0.000000000000000000e+00
5.398689868986898546e+02 0.000000000000000000e+00
5.399189918991899049e+02 0.000000000000000000e+00
5.399689968996899552e+02 0.000000000000000000e+00
5.400190019001900055e+02 0.000000000000000000e+00
5.400690069006900558e+02 0.000000000000000000e+00
5.401190119011901061e+02 0.000000000000000000e+00
5.401690169016901564e+02 0.000000000000000000e+00
5.402190219021902067e+02 0.000000000000000000e+00
5.402690269026902570e+02 0.000000000000000000e+00
5.403190319031903073e+02 0.000000000000000000e+00
5.403690369036903576e+02 0.000000000000000000e+00
5.404190419041904079e+02 0.000000000000000000e+00
5.404690469046904582e+02 0.000000000000000000e+00
5.405190519051905085e+02 0.000000000000000000e+00
5.405690569056905588e+02 0.000000000000000000e+00
5.406190619061906091e+02 0.000000000000000000e+00
5.406690669066906594e+02 0.000000000000000000e+00
5.407190719071907097e+02 0.000000000000000000e+00
5.407690769076907600e+02 0.000000000000000000e+00
5.408190819081908103e+02 0.000000000000000000e+00
5.408690869086908606e+02 0.000000000000000000e+00
5.409190919091909109e+02 0.000000000000000000e+00
5.409690969096909612e+02 0.000000000000000000e+00
5.410191019101910115e+02 0.000000000000000000e+00
5.410691069106910618e+02 0.000000000000000000e+00
5.411191119111911121e+02 0.000000000000000000e+00
5.411691169116911624e+02 0.000000000000000000e+00
5.412191219121912127e+02 0.000000000000000000e+00
5.412691269126912630e+02 0.000000000000000000e+00
5.413191319131913133e+02 0.000000000000000000e+00
5.413691369136913636e+02 0.000000000000000000e+00
5.414191419141914139e+02 0.000000000000000000e+00
5.414691469146914642e+02 0.000000000000000000e+00
5.415191519151915145e+02 0.000000000000000000e+00
5.415691569156915648e+02 0.000000000000000000e+00
5.416191619161916151e+02 0.000000000000000000e+00
5.416691669166916654e+02 0.000000000000000000e+00
5.417191719171917157e+02 0.000000000000000000e+00
5.417691769176917660e+02 0.000000000000000000e+00
5.418191819181918163e+02 0.000000000000000000e+00
5.418691869186918666e+02 0.000000000000000000e+00
5.419191919191919169e+02 0.000000000000000000e+00
5.419691969196919672e+02 0.000000000000000000e+00
5.420192019201920175e+02 0.000000000000000000e+00
5.420692069206920678e+02 0.000000000000000000e+00
5.421192119211921181e+02 0.000000000000000000e+00
5.421692169216921684e+02 0.000000000000000000e+00
5.422192219221922187e+02 0.000000000000000000e+00
5.422692269226922690e+02 0.000000000000000000e+00
5.423192319231923193e+02 0.000000000000000000e+00
5.423692369236923696e+02 0.000000000000000000e+00
5.424192419241924199e+02 0.000000000000000000e+00
5.424692469246924702e+02 0.000000000000000000e+00
5.425192519251925205e+02 0.000000000000000000e+00
5.425692569256925708e+02 0.000000000000000000e+00
5.426192619261926211e+02 0.000000000000000000e+00
5.426692669266926714e+02 0.000000000000000000e+00
5.427192719271927217e+02 0.000000000000000000e+00
5.427692769276927720e+02 0.000000000000000000e+00
5.428192819281928223e+02 0.000000000000000000e+00
5.428692869286928726e+02 0.000000000000000000e+00
5.429192919291929229e+02 0.000000000000000000e+00
5.429692969296929732e+02 0.000000000000000000e+00
5.430193019301930235e+02 0.000000000000000000e+00
5.430693069306930738e+02 0.000000000000000000e+00
5.431193119311931241e+02 0.000000000000000000e+00
5.431693169316931744e+02 0.000000000000000000e+00
5.432193219321932247e+02 0.000000000000000000e+00
5.432693269326932750e+02 0.000000000000000000e+00
5.433193319331933253e+02 0.000000000000000000e+00
5.433693369336933756e+02 0.000000000000000000e+00
5.434193419341934259e+02 0.000000000000000000e+00
5.434693469346934762e+02 0.000000000000000000e+00
5.435193519351935265e+02 0.000000000000000000e+00
5.435693569356935768e+02 0.000000000000000000e+00
5.436193619361936271e+02 0.000000000000000000e+00
5.436693669366936774e+02 0.000000000000000000e+00
5.437193719371937277e+02 0.000000000000000000e+00
5.437693769376937780e+02 0.000000000000000000e+00
5.438193819381938283e+02 0.000000000000000000e+00
5.438693869386938786e+02 0.000000000000000000e+00
5.439193919391939289e+02 0.000000000000000000e+00
5.439693969396939792e+02 0.000000000000000000e+00
5.440194019401940295e+02 0.000000000000000000e+00
5.440694069406940798e+02 0.000000000000000000e+00
5.441194119411941301e+02 0.000000000000000000e+00
5.441694169416941804e+02 0.000000000000000000e+00
5.442194219421942307e+02 0.000000000000000000e+00
5.442694269426942810e+02 0.000000000000000000e+00
5.443194319431943313e+02 0.000000000000000000e+00
5.443694369436943816e+02 0.000000000000000000e+00
5.444194419441944319e+02 0.000000000000000000e+00
5.444694469446944822e+02 0.000000000000000000e+00
5.445194519451945325e+02 0.000000000000000000e+00
5.445694569456945828e+02 0.000000000000000000e+00
5.446194619461946331e+02 0.000000000000000000e+00
5.446694669466946834e+02 0.000000000000000000e+00
5.447194719471947337e+02 0.000000000000000000e+00
5.447694769476947840e+02 0.000000000000000000e+00
5.448194819481948343e+02 0.000000000000000000e+00
5.448694869486948846e+02 0.000000000000000000e+00
5.449194919491949349e+02 0.000000000000000000e+00
5.449694969496949852e+02 0.000000000000000000e+00
5.450195019501950355e+02 0.000000000000000000e+00
5.450695069506950858e+02 0.000000000000000000e+00
5.451195119511951361e+02 0.000000000000000000e+00
5.451695169516951864e+02 0.000000000000000000e+00
5.452195219521952367e+02 0.000000000000000000e+00
5.452695269526952870e+02 0.000000000000000000e+00
5.453195319531953373e+02 0.000000000000000000e+00
5.453695369536953876e+02 0.000000000000000000e+00
5.454195419541954379e+02 0.000000000000000000e+00
5.454695469546954882e+02 0.000000000000000000e+00
5.455195519551955385e+02 0.000000000000000000e+00
5.455695569556955888e+02 0.000000000000000000e+00
5.456195619561956391e+02 0.000000000000000000e+00
5.456695669566956894e+02 0.000000000000000000e+00
5.457195719571957397e+02 0.000000000000000000e+00
5.457695769576957900e+02 0.000000000000000000e+00
5.458195819581958403e+02 0.000000000000000000e+00
5.458695869586958906e+02 0.000000000000000000e+00
5.459195919591959409e+02 0.000000000000000000e+00
5.459695969596959912e+02 0.000000000000000000e+00
5.460196019601960415e+02 0.000000000000000000e+00
5.460696069606960918e+02 0.000000000000000000e+00
5.461196119611961421e+02 0.000000000000000000e+00
5.461696169616961924e+02 0.000000000000000000e+00
5.462196219621962427e+02 0.000000000000000000e+00
5.462696269626962930e+02 0.000000000000000000e+00
5.463196319631963433e+02 0.000000000000000000e+00
5.463696369636963937e+02 0.000000000000000000e+00
5.464196419641964440e+02 0.000000000000000000e+00
5.464696469646964943e+02 0.000000000000000000e+00
5.465196519651965446e+02 0.000000000000000000e+00
5.465696569656965949e+02 0.000000000000000000e+00
5.466196619661966452e+02 0.000000000000000000e+00
5.466696669666966955e+02 0.000000000000000000e+00
5.467196719671967458e+02 0.000000000000000000e+00
5.467696769676967961e+02 0.000000000000000000e+00
5.468196819681968464e+02 0.000000000000000000e+00
5.468696869686968967e+02 0.000000000000000000e+00
5.469196919691969470e+02 0.000000000000000000e+00
5.469696969696969973e+02 0.000000000000000000e+00
5.470197019701970476e+02 0.000000000000000000e+00
5.470697069706970979e+02 0.000000000000000000e+00
5.471197119711971482e+02 0.000000000000000000e+00
5.471697169716971985e+02 0.000000000000000000e+00
5.472197219721972488e+02 0.000000000000000000e+00
5.472697269726972991e+02 0.000000000000000000e+00
5.473197319731973494e+02 0.000000000000000000e+00
5.473697369736973997e+02 0.000000000000000000e+00
5.474197419741974500e+02 0.000000000000000000e+00
5.474697469746975003e+02 0.000000000000000000e+00
5.475197519751975506e+02 0.000000000000000000e+00
5.475697569756976009e+02 0.000000000000000000e+00
5.476197619761976512e+02 0.000000000000000000e+00
5.476697669766977015e+02 0.000000000000000000e+00
5.477197719771977518e+02 0.000000000000000000e+00
5.477697769776978021e+02 0.000000000000000000e+00
5.478197819781978524e+02 0.000000000000000000e+00
5.478697869786979027e+02 0.000000000000000000e+00
5.479197919791979530e+02 0.000000000000000000e+00
5.479697969796980033e+02 0.000000000000000000e+00
5.480198019801980536e+02 0.000000000000000000e+00
5.480698069806981039e+02 0.000000000000000000e+00
5.481198119811981542e+02 0.000000000000000000e+00
5.481698169816982045e+02 0.000000000000000000e+00
5.482198219821982548e+02 0.000000000000000000e+00
5.482698269826983051e+02 0.000000000000000000e+00
5.483198319831983554e+02 0.000000000000000000e+00
5.483698369836984057e+02 0.000000000000000000e+00
5.484198419841984560e+02 0.000000000000000000e+00
5.484698469846985063e+02 0.000000000000000000e+00
5.485198519851985566e+02 0.000000000000000000e+00
5.485698569856986069e+02 0.000000000000000000e+00
5.486198619861986572e+02 0.000000000000000000e+00
5.486698669866987075e+02 0.000000000000000000e+00
5.487198719871987578e+02 0.000000000000000000e+00
5.487698769876988081e+02 0.000000000000000000e+00
5.488198819881988584e+02 0.000000000000000000e+00
5.488698869886989087e+02 0.000000000000000000e+00
5.489198919891989590e+02 0.000000000000000000e+00
5.489698969896990093e+02 0.000000000000000000e+00
5.490199019901990596e+02 0.000000000000000000e+00
5.490699069906991099e+02 0.000000000000000000e+00
5.491199119911991602e+02 0.000000000000000000e+00
5.491699169916992105e+02 0.000000000000000000e+00
5.492199219921992608e+02 0.000000000000000000e+00
5.492699269926993111e+02 0.000000000000000000e+00
5.493199319931993614e+02 0.000000000000000000e+00
5.493699369936994117e+02 0.000000000000000000e+00
5.494199419941994620e+02 0.000000000000000000e+00
5.494699469946995123e+02 0.000000000000000000e+00
5.495199519951995626e+02 0.000000000000000000e+00
5.495699569956996129e+02 0.000000000000000000e+00
5.496199619961996632e+02 0.000000000000000000e+00
5.496699669966997135e+02 0.000000000000000000e+00
5.497199719971997638e+02 0.000000000000000000e+00
5.497699769976998141e+02 0.000000000000000000e+00
5.498199819981998644e+02 0.000000000000000000e+00
5.498699869986999147e+02 0.000000000000000000e+00
5.499199919991999650e+02 0.000000000000000000e+00
5.499699969997000153e+02 0.000000000000000000e+00
5.500200020002000656e+02 0.000000000000000000e+00
5.500700070007001159e+02 0.000000000000000000e+00
5.501200120012001662e+02 0.000000000000000000e+00
5.501700170017002165e+02 0.000000000000000000e+00
5.502200220022002668e+02 0.000000000000000000e+00
5.502700270027003171e+02 0.000000000000000000e+00
5.503200320032003674e+02 0.000000000000000000e+00
5.503700370037004177e+02 0.000000000000000000e+00
5.504200420042004680e+02 0.000000000000000000e+00
5.504700470047005183e+02 0.000000000000000000e+00
5.505200520052005686e+02 0.000000000000000000e+00
5.505700570057006189e+02 0.000000000000000000e+00
5.506200620062006692e+02 0.000000000000000000e+00
5.506700670067007195e+02 0.000000000000000000e+00
5.507200720072007698e+02 0.000000000000000000e+00
5.507700770077008201e+02 0.000000000000000000e+00
5.508200820082008704e+02 0.000000000000000000e+00
5.508700870087009207e+02 0.000000000000000000e+00
5.509200920092009710e+02 0.000000000000000000e+00
5.509700970097010213e+02 0.000000000000000000e+00
5.510201020102010716e+02 0.000000000000000000e+00
5.510701070107011219e+02 0.000000000000000000e+00
5.511201120112011722e+02 0.000000000000000000e+00
5.511701170117012225e+02 0.000000000000000000e+00
5.512201220122012728e+02 0.000000000000000000e+00
5.512701270127013231e+02 0.000000000000000000e+00
5.513201320132013734e+02 0.000000000000000000e+00
5.513701370137014237e+02 0.000000000000000000e+00
5.514201420142014740e+02 0.000000000000000000e+00
5.514701470147015243e+02 0.000000000000000000e+00
5.515201520152015746e+02 0.000000000000000000e+00
5.515701570157016249e+02 0.000000000000000000e+00
5.516201620162016752e+02 0.000000000000000000e+00
5.516701670167017255e+02 0.000000000000000000e+00
5.517201720172017758e+02 0.000000000000000000e+00
5.517701770177018261e+02 0.000000000000000000e+00
5.518201820182018764e+02 0.000000000000000000e+00
5.518701870187019267e+02 0.000000000000000000e+00
5.519201920192019770e+02 0.000000000000000000e+00
5.519701970197020273e+02 0.000000000000000000e+00
5.520202020202020776e+02 0.000000000000000000e+00
5.520702070207021279e+02 0.000000000000000000e+00
5.521202120212021782e+02 0.000000000000000000e+00
5.521702170217022285e+02 0.000000000000000000e+00
5.522202220222022788e+02 0.000000000000000000e+00
5.522702270227023291e+02 0.000000000000000000e+00
5.523202320232023794e+02 0.000000000000000000e+00
5.523702370237024297e+02 0.000000000000000000e+00
5.524202420242024800e+02 0.000000000000000000e+00
5.524702470247024166e+02 0.000000000000000000e+00
5.525202520252024669e+02 0.000000000000000000e+00
5.525702570257025172e+02 0.000000000000000000e+00
5.526202620262025675e+02 0.000000000000000000e+00
5.526702670267026178e+02 0.000000000000000000e+00
5.527202720272026681e+02 0.000000000000000000e+00
5.527702770277027184e+02 0.000000000000000000e+00
5.528202820282027687e+02 0.000000000000000000e+00
5.528702870287028190e+02 0.000000000000000000e+00
5.529202920292028693e+02 0.000000000000000000e+00
5.529702970297029196e+02 0.000000000000000000e+00
5.530203020302029699e+02 0.000000000000000000e+00
5.530703070307030202e+02 0.000000000000000000e+00
5.531203120312030705e+02 0.000000000000000000e+00
5.531703170317031208e+02 0.000000000000000000e+00
5.532203220322031711e+02 0.000000000000000000e+00
5.532703270327032214e+02 0.000000000000000000e+00
5.533203320332032717e+02 0.000000000000000000e+00
5.533703370337033220e+02 0.000000000000000000e+00
5.534203420342033724e+02 0.000000000000000000e+00
5.534703470347034227e+02 0.000000000000000000e+00
5.535203520352034730e+02 0.000000000000000000e+00
5.535703570357035233e+02 0.000000000000000000e+00
5.536203620362035736e+02 0.000000000000000000e+00
5.536703670367036239e+02 0.000000000000000000e+00
5.537203720372036742e+02 0.000000000000000000e+00
5.537703770377037245e+02 0.000000000000000000e+00
5.538203820382037748e+02 0.000000000000000000e+00
5.538703870387038251e+02 0.000000000000000000e+00
5.539203920392038754e+02 0.000000000000000000e+00
5.539703970397039257e+02 0.000000000000000000e+00
5.540204020402039760e+02 0.000000000000000000e+00
5.540704070407040263e+02 0.000000000000000000e+00
5.541204120412040766e+02 0.000000000000000000e+00
5.541704170417041269e+02 0.000000000000000000e+00
5.542204220422041772e+02 0.000000000000000000e+00
5.542704270427042275e+02 0.000000000000000000e+00
5.543204320432042778e+02 0.000000000000000000e+00
5.543704370437043281e+02 0.000000000000000000e+00
5.544204420442043784e+02 0.000000000000000000e+00
5.544704470447044287e+02 0.000000000000000000e+00
5.545204520452044790e+02 0.000000000000000000e+00
5.545704570457045293e+02 0.000000000000000000e+00
5.546204620462045796e+02 0.000000000000000000e+00
5.546704670467046299e+02 0.000000000000000000e+00
5.547204720472046802e+02 0.000000000000000000e+00
5.547704770477047305e+02 0.000000000000000000e+00
5.548204820482047808e+02 0.000000000000000000e+00
5.548704870487048311e+02 0.000000000000000000e+00
5.549204920492048814e+02 0.000000000000000000e+00
5.549704970497049317e+02 0.000000000000000000e+00
5.550205020502049820e+02 0.000000000000000000e+00
5.550705070507050323e+02 0.000000000000000000e+00
5.551205120512050826e+02 0.000000000000000000e+00
5.551705170517051329e+02 0.000000000000000000e+00
5.552205220522051832e+02 0.000000000000000000e+00
5.552705270527052335e+02 0.000000000000000000e+00
5.553205320532052838e+02 0.000000000000000000e+00
5.553705370537053341e+02 0.000000000000000000e+00
5.554205420542053844e+02 0.000000000000000000e+00
5.554705470547054347e+02 0.000000000000000000e+00
5.555205520552054850e+02 0.000000000000000000e+00
5.555705570557055353e+02 0.000000000000000000e+00
5.556205620562055856e+02 0.000000000000000000e+00
5.556705670567056359e+02 0.000000000000000000e+00
5.557205720572056862e+02 0.000000000000000000e+00
5.557705770577057365e+02 0.000000000000000000e+00
5.558205820582057868e+02 0.000000000000000000e+00
5.558705870587058371e+02 0.000000000000000000e+00
5.559205920592058874e+02 0.000000000000000000e+00
5.559705970597059377e+02 0.000000000000000000e+00
5.560206020602059880e+02 0.000000000000000000e+00
5.560706070607060383e+02 0.000000000000000000e+00
5.561206120612060886e+02 0.000000000000000000e+00
5.561706170617061389e+02 0.000000000000000000e+00
5.562206220622061892e+02 0.000000000000000000e+00
5.562706270627062395e+02 0.000000000000000000e+00
5.563206320632062898e+02 0.000000000000000000e+00
5.563706370637063401e+02 0.000000000000000000e+00
5.564206420642063904e+02 0.000000000000000000e+00
5.564706470647064407e+02 0.000000000000000000e+00
5.565206520652064910e+02 0.000000000000000000e+00
5.565706570657065413e+02 0.000000000000000000e+00
5.566206620662065916e+02 0.000000000000000000e+00
5.566706670667066419e+02 0.000000000000000000e+00
5.567206720672066922e+02 0.000000000000000000e+00
5.567706770677067425e+02 0.000000000000000000e+00
5.568206820682067928e+02 0.000000000000000000e+00
5.568706870687068431e+02 0.000000000000000000e+00
5.569206920692068934e+02 0.000000000000000000e+00
5.569706970697069437e+02 0.000000000000000000e+00
5.570207020702069940e+02 0.000000000000000000e+00
5.570707070707070443e+02 0.000000000000000000e+00
5.571207120712070946e+02 0.000000000000000000e+00
5.571707170717071449e+02 0.000000000000000000e+00
5.572207220722071952e+02 0.000000000000000000e+00
5.572707270727072455e+02 0.000000000000000000e+00
5.573207320732072958e+02 0.000000000000000000e+00
5.573707370737073461e+02 0.000000000000000000e+00
5.574207420742073964e+02 0.000000000000000000e+00
5.574707470747074467e+02 0.000000000000000000e+00
5.575207520752074970e+02 0.000000000000000000e+00
5.575707570757075473e+02 0.000000000000000000e+00
5.576207620762075976e+02 0.000000000000000000e+00
5.576707670767076479e+02 0.000000000000000000e+00
5.577207720772076982e+02 0.000000000000000000e+00
5.577707770777077485e+02 0.000000000000000000e+00
5.578207820782077988e+02 0.000000000000000000e+00
5.578707870787078491e+02 0.000000000000000000e+00
5.579207920792078994e+02 0.000000000000000000e+00
5.579707970797079497e+02 0.000000000000000000e+00
5.580208020802080000e+02 0.000000000000000000e+00
5.580708070807080503e+02 0.000000000000000000e+00
5.581208120812081006e+02 0.000000000000000000e+00
5.581708170817081509e+02 0.000000000000000000e+00
5.582208220822082012e+02 0.000000000000000000e+00
5.582708270827082515e+02 0.000000000000000000e+00
5.583208320832083018e+02 0.000000000000000000e+00
5.583708370837083521e+02 0.000000000000000000e+00
5.584208420842084024e+02 0.000000000000000000e+00
5.584708470847084527e+02 0.000000000000000000e+00
5.585208520852085030e+02 0.000000000000000000e+00
5.585708570857085533e+02 0.000000000000000000e+00
5.586208620862086036e+02 0.000000000000000000e+00
5.586708670867086539e+02 0.000000000000000000e+00
5.587208720872087042e+02 0.000000000000000000e+00
5.587708770877087545e+02 0.000000000000000000e+00
5.588208820882088048e+02 0.000000000000000000e+00
5.588708870887088551e+02 0.000000000000000000e+00
5.589208920892089054e+02 0.000000000000000000e+00
5.589708970897089557e+02 0.000000000000000000e+00
5.590209020902090060e+02 0.000000000000000000e+00
5.590709070907090563e+02 0.000000000000000000e+00
5.591209120912091066e+02 0.000000000000000000e+00
5.591709170917091569e+02 0.000000000000000000e+00
5.592209220922092072e+02 0.000000000000000000e+00
5.592709270927092575e+02 0.000000000000000000e+00
5.593209320932093078e+02 0.000000000000000000e+00
5.593709370937093581e+02 0.000000000000000000e+00
5.594209420942094084e+02 0.000000000000000000e+00
5.594709470947094587e+02 0.000000000000000000e+00
5.595209520952095090e+02 0.000000000000000000e+00
5.595709570957095593e+02 0.000000000000000000e+00
5.596209620962096096e+02 0.000000000000000000e+00
5.596709670967096599e+02 0.000000000000000000e+00
5.597209720972097102e+02 0.000000000000000000e+00
5.597709770977097605e+02 0.000000000000000000e+00
5.598209820982098108e+02 0.000000000000000000e+00
5.598709870987098611e+02 0.000000000000000000e+00
5.599209920992099114e+02 0.000000000000000000e+00
5.599709970997099617e+02 0.000000000000000000e+00
5.600210021002100120e+02 0.000000000000000000e+00
5.600710071007100623e+02 0.000000000000000000e+00
5.601210121012101126e+02 0.000000000000000000e+00
5.601710171017101629e+02 0.000000000000000000e+00
5.602210221022102132e+02 0.000000000000000000e+00
5.602710271027102635e+02 0.000000000000000000e+00
5.603210321032103138e+02 0.000000000000000000e+00
5.603710371037103641e+02 0.000000000000000000e+00
5.604210421042104144e+02 0.000000000000000000e+00
5.604710471047104647e+02 0.000000000000000000e+00
5.605210521052105150e+02 0.000000000000000000e+00
5.605710571057105653e+02 0.000000000000000000e+00
5.606210621062106156e+02 0.000000000000000000e+00
5.606710671067106659e+02 0.000000000000000000e+00
5.607210721072107162e+02 0.000000000000000000e+00
5.607710771077107665e+02 0.000000000000000000e+00
5.608210821082108168e+02 0.000000000000000000e+00
5.608710871087108671e+02 0.000000000000000000e+00
5.609210921092109174e+02 0.000000000000000000e+00
5.609710971097109677e+02 0.000000000000000000e+00
5.610211021102110180e+02 0.000000000000000000e+00
5.610711071107110683e+02 0.000000000000000000e+00
5.611211121112111186e+02 0.000000000000000000e+00
5.611711171117111689e+02 0.000000000000000000e+00
5.612211221122112192e+02 0.000000000000000000e+00
5.612711271127112695e+02 0.000000000000000000e+00
5.613211321132113198e+02 0.000000000000000000e+00
5.613711371137113701e+02 0.000000000000000000e+00
5.614211421142114204e+02 0.000000000000000000e+00
5.614711471147114707e+02 0.000000000000000000e+00
5.615211521152115210e+02 0.000000000000000000e+00
5.615711571157115714e+02 0.000000000000000000e+00
5.616211621162116217e+02 0.000000000000000000e+00
5.616711671167116720e+02 0.000000000000000000e+00
5.617211721172117223e+02 0.000000000000000000e+00
5.617711771177117726e+02 0.000000000000000000e+00
5.618211821182118229e+02 0.000000000000000000e+00
5.618711871187118732e+02 0.000000000000000000e+00
5.619211921192119235e+02 0.000000000000000000e+00
5.619711971197119738e+02 0.000000000000000000e+00
5.620212021202120241e+02 0.000000000000000000e+00
5.620712071207120744e+02 0.000000000000000000e+00
5.621212121212121247e+02 0.000000000000000000e+00
5.621712171217121750e+02 0.000000000000000000e+00
5.622212221222122253e+02 0.000000000000000000e+00
5.622712271227122756e+02 0.000000000000000000e+00
5.623212321232123259e+02 0.000000000000000000e+00
5.623712371237123762e+02 0.000000000000000000e+00
5.624212421242124265e+02 0.000000000000000000e+00
5.624712471247124768e+02 0.000000000000000000e+00
5.625212521252125271e+02 0.000000000000000000e+00
5.625712571257125774e+02 0.000000000000000000e+00
5.626212621262126277e+02 0.000000000000000000e+00
5.626712671267126780e+02 0.000000000000000000e+00
5.627212721272127283e+02 0.000000000000000000e+00
5.627712771277127786e+02 0.000000000000000000e+00
5.628212821282128289e+02 0.000000000000000000e+00
5.628712871287128792e+02 0.000000000000000000e+00
5.629212921292129295e+02 0.000000000000000000e+00
5.629712971297129798e+02 0.000000000000000000e+00
5.630213021302130301e+02 0.000000000000000000e+00
5.630713071307130804e+02 0.000000000000000000e+00
5.631213121312131307e+02 0.000000000000000000e+00
5.631713171317131810e+02 0.000000000000000000e+00
5.632213221322132313e+02 0.000000000000000000e+00
5.632713271327132816e+02 0.000000000000000000e+00
5.633213321332133319e+02 0.000000000000000000e+00
5.633713371337133822e+02 0.000000000000000000e+00
5.634213421342134325e+02 0.000000000000000000e+00
5.634713471347134828e+02 0.000000000000000000e+00
5.635213521352135331e+02 0.000000000000000000e+00
5.635713571357135834e+02 0.000000000000000000e+00
5.636213621362136337e+02 0.000000000000000000e+00
5.636713671367136840e+02 0.000000000000000000e+00
5.637213721372137343e+02 0.000000000000000000e+00
5.637713771377137846e+02 0.000000000000000000e+00
5.638213821382138349e+02 0.000000000000000000e+00
5.638713871387138852e+02 0.000000000000000000e+00
5.639213921392139355e+02 0.000000000000000000e+00
5.639713971397139858e+02 0.000000000000000000e+00
5.640214021402140361e+02 0.000000000000000000e+00
5.640714071407140864e+02 0.000000000000000000e+00
5.641214121412141367e+02 0.000000000000000000e+00
5.641714171417141870e+02 0.000000000000000000e+00
5.642214221422142373e+02 0.000000000000000000e+00
5.642714271427142876e+02 0.000000000000000000e+00
5.643214321432143379e+02 0.000000000000000000e+00
5.643714371437143882e+02 0.000000000000000000e+00
5.644214421442144385e+02 0.000000000000000000e+00
5.644714471447144888e+02 0.000000000000000000e+00
5.645214521452145391e+02 0.000000000000000000e+00
5.645714571457145894e+02 0.000000000000000000e+00
5.646214621462146397e+02 0.000000000000000000e+00
5.646714671467146900e+02 0.000000000000000000e+00
5.647214721472147403e+02 0.000000000000000000e+00
5.647714771477147906e+02 0.000000000000000000e+00
5.648214821482148409e+02 0.000000000000000000e+00
5.648714871487148912e+02 0.000000000000000000e+00
5.649214921492149415e+02 0.000000000000000000e+00
5.649714971497149918e+02 0.000000000000000000e+00
5.650215021502150421e+02 0.000000000000000000e+00
5.650715071507150924e+02 0.000000000000000000e+00
5.651215121512151427e+02 0.000000000000000000e+00
5.651715171517151930e+02 0.000000000000000000e+00
5.652215221522152433e+02 0.000000000000000000e+00
5.652715271527152936e+02 0.000000000000000000e+00
5.653215321532153439e+02 0.000000000000000000e+00
5.653715371537153942e+02 0.000000000000000000e+00
5.654215421542154445e+02 0.000000000000000000e+00
5.654715471547154948e+02 0.000000000000000000e+00
5.655215521552155451e+02 0.000000000000000000e+00
5.655715571557155954e+02 0.000000000000000000e+00
5.656215621562156457e+02 0.000000000000000000e+00
5.656715671567156960e+02 0.000000000000000000e+00
5.657215721572157463e+02 0.000000000000000000e+00
5.657715771577157966e+02 0.000000000000000000e+00
5.658215821582158469e+02 0.000000000000000000e+00
5.658715871587158972e+02 0.000000000000000000e+00
5.659215921592159475e+02 0.000000000000000000e+00
5.659715971597159978e+02 0.000000000000000000e+00
5.660216021602160481e+02 0.000000000000000000e+00
5.660716071607160984e+02 0.000000000000000000e+00
5.661216121612161487e+02 0.000000000000000000e+00
5.661716171617161990e+02 0.000000000000000000e+00
5.662216221622162493e+02 0.000000000000000000e+00
5.662716271627162996e+02 0.000000000000000000e+00
5.663216321632163499e+02 0.000000000000000000e+00
5.663716371637164002e+02 0.000000000000000000e+00
5.664216421642164505e+02 0.000000000000000000e+00
5.664716471647165008e+02 0.000000000000000000e+00
5.665216521652165511e+02 0.000000000000000000e+00
5.665716571657166014e+02 0.000000000000000000e+00
5.666216621662166517e+02 0.000000000000000000e+00
5.666716671667167020e+02 0.000000000000000000e+00
5.667216721672167523e+02 0.000000000000000000e+00
5.667716771677166889e+02 0.000000000000000000e+00
5.668216821682167392e+02 0.000000000000000000e+00
5.668716871687167895e+02 0.000000000000000000e+00
5.669216921692168398e+02 0.000000000000000000e+00
5.669716971697168901e+02 0.000000000000000000e+00
5.670217021702169404e+02 0.000000000000000000e+00
5.670717071707169907e+02 0.000000000000000000e+00
5.671217121712170410e+02 0.000000000000000000e+00
5.671717171717170913e+02 0.000000000000000000e+00
5.672217221722171416e+02 0.000000000000000000e+00
5.672717271727171919e+02 0.000000000000000000e+00
5.673217321732172422e+02 0.000000000000000000e+00
5.673717371737172925e+02 0.000000000000000000e+00
5.674217421742173428e+02 0.000000000000000000e+00
5.674717471747173931e+02 0.000000000000000000e+00
5.675217521752174434e+02 0.000000000000000000e+00
5.675717571757174937e+02 0.000000000000000000e+00
5.676217621762175440e+02 0.000000000000000000e+00
5.676717671767175943e+02 0.000000000000000000e+00
5.677217721772176446e+02 0.000000000000000000e+00
5.677717771777176949e+02 0.000000000000000000e+00
5.678217821782177452e+02 0.000000000000000000e+00
5.678717871787177955e+02 0.000000000000000000e+00
5.679217921792178458e+02 0.000000000000000000e+00
5.679717971797178961e+02 0.000000000000000000e+00
5.680218021802179464e+02 0.000000000000000000e+00
5.680718071807179967e+02 0.000000000000000000e+00
5.681218121812180470e+02 0.000000000000000000e+00
5.681718171817180973e+02 0.000000000000000000e+00
5.682218221822181476e+02 0.000000000000000000e+00
5.682718271827181979e+02 0.000000000000000000e+00
5.683218321832182482e+02 0.000000000000000000e+00
5.683718371837182985e+02 0.000000000000000000e+00
5.684218421842183488e+02 0.000000000000000000e+00
5.684718471847183991e+02 0.000000000000000000e+00
5.685218521852184494e+02 0.000000000000000000e+00
5.685718571857184997e+02 0.000000000000000000e+00
5.686218621862185501e+02 0.000000000000000000e+00
5.686718671867186004e+02 0.000000000000000000e+00
5.687218721872186507e+02 0.000000000000000000e+00
5.687718771877187010e+02 0.000000000000000000e+00
5.688218821882187513e+02 0.000000000000000000e+00
5.688718871887188016e+02 0.000000000000000000e+00
5.689218921892188519e+02 0.000000000000000000e+00
5.689718971897189022e+02 0.000000000000000000e+00
5.690219021902189525e+02 0.000000000000000000e+00
5.690719071907190028e+02 0.000000000000000000e+00
5.691219121912190531e+02 0.000000000000000000e+00
5.691719171917191034e+02 0.000000000000000000e+00
5.692219221922191537e+02 0.000000000000000000e+00
5.692719271927192040e+02 0.000000000000000000e+00
5.693219321932192543e+02 0.000000000000000000e+00
5.693719371937193046e+02 0.000000000000000000e+00
5.694219421942193549e+02 0.000000000000000000e+00
5.694719471947194052e+02 0.000000000000000000e+00
5.695219521952194555e+02 0.000000000000000000e+00
5.695719571957195058e+02 0.000000000000000000e+00
5.696219621962195561e+02 0.000000000000000000e+00
5.696719671967196064e+02 0.000000000000000000e+00
5.697219721972196567e+02 0.000000000000000000e+00
5.697719771977197070e+02 0.000000000000000000e+00
5.698219821982197573e+02 0.000000000000000000e+00
5.698719871987198076e+02 0.000000000000000000e+00
5.699219921992198579e+02 0.000000000000000000e+00
5.699719971997199082e+02 0.000000000000000000e+00
5.700220022002199585e+02 0.000000000000000000e+00
5.700720072007200088e+02 0.000000000000000000e+00
5.701220122012200591e+02 0.000000000000000000e+00
5.701720172017201094e+02 0.000000000000000000e+00
5.702220222022201597e+02 0.000000000000000000e+00
5.702720272027202100e+02 0.000000000000000000e+00
5.703220322032202603e+02 0.000000000000000000e+00
5.703720372037203106e+02 0.000000000000000000e+00
5.704220422042203609e+02 0.000000000000000000e+00
5.704720472047204112e+02 0.000000000000000000e+00
5.705220522052204615e+02 0.000000000000000000e+00
5.705720572057205118e+02 0.000000000000000000e+00
5.706220622062205621e+02 0.000000000000000000e+00
5.706720672067206124e+02 0.000000000000000000e+00
5.707220722072206627e+02 0.000000000000000000e+00
5.707720772077207130e+02 0.000000000000000000e+00
5.708220822082207633e+02 0.000000000000000000e+00
5.708720872087208136e+02 0.000000000000000000e+00
5.709220922092208639e+02 0.000000000000000000e+00
5.709720972097209142e+02 0.000000000000000000e+00
5.710221022102209645e+02 0.000000000000000000e+00
5.710721072107210148e+02 0.000000000000000000e+00
5.711221122112210651e+02 0.000000000000000000e+00
5.711721172117211154e+02 0.000000000000000000e+00
5.712221222122211657e+02 0.000000000000000000e+00
5.712721272127212160e+02 0.000000000000000000e+00
5.713221322132212663e+02 0.000000000000000000e+00
5.713721372137213166e+02 0.000000000000000000e+00
5.714221422142213669e+02 0.000000000000000000e+00
5.714721472147214172e+02 0.000000000000000000e+00
5.715221522152214675e+02 0.000000000000000000e+00
5.715721572157215178e+02 0.000000000000000000e+00
5.716221622162215681e+02 0.000000000000000000e+00
5.716721672167216184e+02 0.000000000000000000e+00
5.717221722172216687e+02 0.000000000000000000e+00
5.717721772177217190e+02 0.000000000000000000e+00
5.718221822182217693e+02 0.000000000000000000e+00
5.718721872187218196e+02 0.000000000000000000e+00
5.719221922192218699e+02 0.000000000000000000e+00
5.719721972197219202e+02 0.000000000000000000e+00
5.720222022202219705e+02 0.000000000000000000e+00
5.720722072207220208e+02 0.000000000000000000e+00
5.721222122212220711e+02 0.000000000000000000e+00
5.721722172217221214e+02 0.000000000000000000e+00
5.722222222222221717e+02 0.000000000000000000e+00
5.722722272227222220e+02 0.000000000000000000e+00
5.723222322232222723e+02 0.000000000000000000e+00
5.723722372237223226e+02 0.000000000000000000e+00
5.724222422242223729e+02 0.000000000000000000e+00
5.724722472247224232e+02 0.000000000000000000e+00
5.725222522252224735e+02 0.000000000000000000e+00
5.725722572257225238e+02 0.000000000000000000e+00
5.726222622262225741e+02 0.000000000000000000e+00
5.726722672267226244e+02 0.000000000000000000e+00
5.727222722272226747e+02 0.000000000000000000e+00
5.727722772277227250e+02 0.000000000000000000e+00
5.728222822282227753e+02 0.000000000000000000e+00
5.728722872287228256e+02 0.000000000000000000e+00
5.729222922292228759e+02 0.000000000000000000e+00
5.729722972297229262e+02 0.000000000000000000e+00
5.730223022302229765e+02 0.000000000000000000e+00
5.730723072307230268e+02 0.000000000000000000e+00
5.731223122312230771e+02 0.000000000000000000e+00
5.731723172317231274e+02 0.000000000000000000e+00
5.732223222322231777e+02 0.000000000000000000e+00
5.732723272327232280e+02 0.000000000000000000e+00
5.733223322332232783e+02 0.000000000000000000e+00
5.733723372337233286e+02 0.000000000000000000e+00
5.734223422342233789e+02 0.000000000000000000e+00
5.734723472347234292e+02 0.000000000000000000e+00
5.735223522352234795e+02 0.000000000000000000e+00
5.735723572357235298e+02 0.000000000000000000e+00
5.736223622362235801e+02 0.000000000000000000e+00
5.736723672367236304e+02 0.000000000000000000e+00
5.737223722372236807e+02 0.000000000000000000e+00
5.737723772377237310e+02 0.000000000000000000e+00
5.738223822382237813e+02 0.000000000000000000e+00
5.738723872387238316e+02 0.000000000000000000e+00
5.739223922392238819e+02 0.000000000000000000e+00
5.739723972397239322e+02 0.000000000000000000e+00
5.740224022402239825e+02 0.000000000000000000e+00
5.740724072407240328e+02 0.000000000000000000e+00
5.741224122412240831e+02 0.000000000000000000e+00
5.741724172417241334e+02 0.000000000000000000e+00
5.742224222422241837e+02 0.000000000000000000e+00
5.742724272427242340e+02 0.000000000000000000e+00
5.743224322432242843e+02 0.000000000000000000e+00
5.743724372437243346e+02 0.000000000000000000e+00
5.744224422442243849e+02 0.000000000000000000e+00
5.744724472447244352e+02 0.000000000000000000e+00
5.745224522452244855e+02 0.000000000000000000e+00
5.745724572457245358e+02 0.000000000000000000e+00
5.746224622462245861e+02 0.000000000000000000e+00
5.746724672467246364e+02 0.000000000000000000e+00
5.747224722472246867e+02 0.000000000000000000e+00
5.747724772477247370e+02 0.000000000000000000e+00
5.748224822482247873e+02 0.000000000000000000e+00
5.748724872487248376e+02 0.000000000000000000e+00
5.749224922492248879e+02 0.000000000000000000e+00
5.749724972497249382e+02 0.000000000000000000e+00
5.750225022502249885e+02 0.000000000000000000e+00
5.750725072507250388e+02 0.000000000000000000e+00
5.751225122512250891e+02 0.000000000000000000e+00
5.751725172517251394e+02 0.000000000000000000e+00
5.752225222522251897e+02 0.000000000000000000e+00
5.752725272527252400e+02 0.000000000000000000e+00
5.753225322532252903e+02 0.000000000000000000e+00
5.753725372537253406e+02 0.000000000000000000e+00
5.754225422542253909e+02 0.000000000000000000e+00
5.754725472547254412e+02 0.000000000000000000e+00
5.755225522552254915e+02 0.000000000000000000e+00
5.755725572557255418e+02 0.000000000000000000e+00
5.756225622562255921e+02 0.000000000000000000e+00
5.756725672567256424e+02 0.000000000000000000e+00
5.757225722572256927e+02 0.000000000000000000e+00
5.757725772577257430e+02 0.000000000000000000e+00
5.758225822582257933e+02 0.000000000000000000e+00
5.758725872587258436e+02 0.000000000000000000e+00
5.759225922592258939e+02 0.000000000000000000e+00
5.759725972597259442e+02 0.000000000000000000e+00
5.760226022602259945e+02 0.000000000000000000e+00
5.760726072607260448e+02 0.000000000000000000e+00
5.761226122612260951e+02 0.000000000000000000e+00
5.761726172617261454e+02 0.000000000000000000e+00
5.762226222622261957e+02 0.000000000000000000e+00
5.762726272627262460e+02 0.000000000000000000e+00
5.763226322632262963e+02 0.000000000000000000e+00
5.763726372637263466e+02 0.000000000000000000e+00
5.764226422642263969e+02 0.000000000000000000e+00
5.764726472647264472e+02 0.000000000000000000e+00
5.765226522652264975e+02 0.000000000000000000e+00
5.765726572657265478e+02 0.000000000000000000e+00
5.766226622662265981e+02 0.000000000000000000e+00
5.766726672667266484e+02 0.000000000000000000e+00
5.767226722672266988e+02 0.000000000000000000e+00
5.767726772677267491e+02 0.000000000000000000e+00
5.768226822682267994e+02 0.000000000000000000e+00
5.768726872687268497e+02 0.000000000000000000e+00
5.769226922692269000e+02 0.000000000000000000e+00
5.769726972697269503e+02 0.000000000000000000e+00
5.770227022702270006e+02 0.000000000000000000e+00
5.770727072707270509e+02 0.000000000000000000e+00
5.771227122712271012e+02 0.000000000000000000e+00
5.771727172717271515e+02 0.000000000000000000e+00
5.772227222722272018e+02 0.000000000000000000e+00
5.772727272727272521e+02 0.000000000000000000e+00
5.773227322732273024e+02 0.000000000000000000e+00
5.773727372737273527e+02 0.000000000000000000e+00
5.774227422742274030e+02 0.000000000000000000e+00
5.774727472747274533e+02 0.000000000000000000e+00
5.775227522752275036e+02 0.000000000000000000e+00
5.775727572757275539e+02 0.000000000000000000e+00
5.776227622762276042e+02 0.000000000000000000e+00
5.776727672767276545e+02 0.000000000000000000e+00
5.777227722772277048e+02 0.000000000000000000e+00
5.777727772777277551e+02 0.000000000000000000e+00
5.778227822782278054e+02 0.000000000000000000e+00
5.778727872787278557e+02 0.000000000000000000e+00
5.779227922792279060e+02 0.000000000000000000e+00
5.779727972797279563e+02 0.000000000000000000e+00
5.780228022802280066e+02 0.000000000000000000e+00
5.780728072807280569e+02 0.000000000000000000e+00
5.781228122812281072e+02 0.000000000000000000e+00
5.781728172817281575e+02 0.000000000000000000e+00
5.782228222822282078e+02 0.000000000000000000e+00
5.782728272827282581e+02 0.000000000000000000e+00
5.783228322832283084e+02 0.000000000000000000e+00
5.783728372837283587e+02 0.000000000000000000e+00
5.784228422842284090e+02 0.000000000000000000e+00
5.784728472847284593e+02 0.000000000000000000e+00
5.785228522852285096e+02 0.000000000000000000e+00
5.785728572857285599e+02 0.000000000000000000e+00
5.786228622862286102e+02 0.000000000000000000e+00
5.786728672867286605e+02 0.000000000000000000e+00
5.787228722872287108e+02 0.000000000000000000e+00
5.787728772877287611e+02 0.000000000000000000e+00
5.788228822882288114e+02 0.000000000000000000e+00
5.788728872887288617e+02 0.000000000000000000e+00
5.789228922892289120e+02 0.000000000000000000e+00
5.789728972897289623e+02 0.000000000000000000e+00
5.790229022902290126e+02 0.000000000000000000e+00
5.790729072907290629e+02 0.000000000000000000e+00
5.791229122912291132e+02 0.000000000000000000e+00
5.791729172917291635e+02 0.000000000000000000e+00
5.792229222922292138e+02 0.000000000000000000e+00
5.792729272927292641e+02 0.000000000000000000e+00
5.793229322932293144e+02 0.000000000000000000e+00
5.793729372937293647e+02 0.000000000000000000e+00
5.794229422942294150e+02 0.000000000000000000e+00
5.794729472947294653e+02 0.000000000000000000e+00
5.795229522952295156e+02 0.000000000000000000e+00
5.795729572957295659e+02 0.000000000000000000e+00
5.796229622962296162e+02 0.000000000000000000e+00
5.796729672967296665e+02 0.000000000000000000e+00
5.797229722972297168e+02 0.000000000000000000e+00
5.797729772977297671e+02 0.000000000000000000e+00
5.798229822982298174e+02 0.000000000000000000e+00
5.798729872987298677e+02 0.000000000000000000e+00
5.799229922992299180e+02 0.000000000000000000e+00
5.799729972997299683e+02 0.000000000000000000e+00
5.800230023002300186e+02 0.000000000000000000e+00
5.800730073007300689e+02 0.000000000000000000e+00
5.801230123012301192e+02 0.000000000000000000e+00
5.801730173017301695e+02 0.000000000000000000e+00
5.802230223022302198e+02 0.000000000000000000e+00
5.802730273027302701e+02 0.000000000000000000e+00
5.803230323032303204e+02 0.000000000000000000e+00
5.803730373037303707e+02 0.000000000000000000e+00
5.804230423042304210e+02 0.000000000000000000e+00
5.804730473047304713e+02 0.000000000000000000e+00
5.805230523052305216e+02 0.000000000000000000e+00
5.805730573057305719e+02 0.000000000000000000e+00
5.806230623062306222e+02 0.000000000000000000e+00
5.806730673067306725e+02 0.000000000000000000e+00
5.807230723072307228e+02 0.000000000000000000e+00
5.807730773077307731e+02 0.000000000000000000e+00
5.808230823082308234e+02 0.000000000000000000e+00
5.808730873087308737e+02 0.000000000000000000e+00
5.809230923092309240e+02 0.000000000000000000e+00
5.809730973097309743e+02 0.000000000000000000e+00
5.810231023102310246e+02 0.000000000000000000e+00
5.810731073107310749e+02 0.000000000000000000e+00
5.811231123112311252e+02 0.000000000000000000e+00
5.811731173117311755e+02 0.000000000000000000e+00
5.812231223122312258e+02 0.000000000000000000e+00
5.812731273127312761e+02 0.000000000000000000e+00
5.813231323132313264e+02 0.000000000000000000e+00
5.813731373137313767e+02 0.000000000000000000e+00
5.814231423142314270e+02 0.000000000000000000e+00
5.814731473147314773e+02 0.000000000000000000e+00
5.815231523152315276e+02 0.000000000000000000e+00
5.815731573157315779e+02 0.000000000000000000e+00
5.816231623162316282e+02 0.000000000000000000e+00
5.816731673167316785e+02 0.000000000000000000e+00
5.817231723172317288e+02 0.000000000000000000e+00
5.817731773177317791e+02 0.000000000000000000e+00
5.818231823182318294e+02 0.000000000000000000e+00
5.818731873187318797e+02 0.000000000000000000e+00
5.819231923192319300e+02 0.000000000000000000e+00
5.819731973197319803e+02 0.000000000000000000e+00
5.820232023202320306e+02 0.000000000000000000e+00
5.820732073207320809e+02 0.000000000000000000e+00
5.821232123212321312e+02 0.000000000000000000e+00
5.821732173217321815e+02 0.000000000000000000e+00
5.822232223222322318e+02 0.000000000000000000e+00
5.822732273227322821e+02 0.000000000000000000e+00
5.823232323232323324e+02 0.000000000000000000e+00
5.823732373237323827e+02 0.000000000000000000e+00
5.824232423242324330e+02 0.000000000000000000e+00
5.824732473247324833e+02 0.000000000000000000e+00
5.825232523252325336e+02 0.000000000000000000e+00
5.825732573257325839e+02 0.000000000000000000e+00
5.826232623262326342e+02 0.000000000000000000e+00
5.826732673267326845e+02 0.000000000000000000e+00
5.827232723272327348e+02 0.000000000000000000e+00
5.827732773277327851e+02 0.000000000000000000e+00
5.828232823282328354e+02 0.000000000000000000e+00
5.828732873287328857e+02 0.000000000000000000e+00
5.829232923292329360e+02 0.000000000000000000e+00
5.829732973297329863e+02 0.000000000000000000e+00
5.830233023302330366e+02 0.000000000000000000e+00
5.830733073307330869e+02 0.000000000000000000e+00
5.831233123312331372e+02 0.000000000000000000e+00
5.831733173317331875e+02 0.000000000000000000e+00
5.832233223322332378e+02 0.000000000000000000e+00
5.832733273327332881e+02 0.000000000000000000e+00
5.833233323332333384e+02 0.000000000000000000e+00
5.833733373337333887e+02 0.000000000000000000e+00
5.834233423342334390e+02 0.000000000000000000e+00
5.834733473347334893e+02 0.000000000000000000e+00
5.835233523352335396e+02 0.000000000000000000e+00
5.835733573357335899e+02 0.000000000000000000e+00
5.836233623362336402e+02 0.000000000000000000e+00
5.836733673367336905e+02 0.000000000000000000e+00
5.837233723372337408e+02 0.000000000000000000e+00
5.837733773377337911e+02 0.000000000000000000e+00
5.838233823382338414e+02 0.000000000000000000e+00
5.838733873387338917e+02 0.000000000000000000e+00
5.839233923392339420e+02 0.000000000000000000e+00
5.839733973397339923e+02 0.000000000000000000e+00
5.840234023402340426e+02 0.000000000000000000e+00
5.840734073407340929e+02 0.000000000000000000e+00
5.841234123412341432e+02 0.000000000000000000e+00
5.841734173417341935e+02 0.000000000000000000e+00
5.842234223422342438e+02 0.000000000000000000e+00
5.842734273427342941e+02 0.000000000000000000e+00
5.843234323432343444e+02 0.000000000000000000e+00
5.843734373437343947e+02 0.000000000000000000e+00
5.844234423442344450e+02 0.000000000000000000e+00
5.844734473447344953e+02 0.000000000000000000e+00
5.845234523452345456e+02 0.000000000000000000e+00
5.845734573457345959e+02 0.000000000000000000e+00
5.846234623462346462e+02 0.000000000000000000e+00
5.846734673467346965e+02 0.000000000000000000e+00
5.847234723472347468e+02 0.000000000000000000e+00
5.847734773477347971e+02 0.000000000000000000e+00
5.848234823482348474e+02 0.000000000000000000e+00
5.848734873487348978e+02 0.000000000000000000e+00
5.849234923492349481e+02 0.000000000000000000e+00
5.849734973497349984e+02 0.000000000000000000e+00
5.850235023502350487e+02 0.000000000000000000e+00
5.850735073507350990e+02 0.000000000000000000e+00
5.851235123512351493e+02 0.000000000000000000e+00
5.851735173517351996e+02 0.000000000000000000e+00
5.852235223522352499e+02 0.000000000000000000e+00
5.852735273527353002e+02 0.000000000000000000e+00
5.853235323532353505e+02 0.000000000000000000e+00
5.853735373537354008e+02 0.000000000000000000e+00
5.854235423542354511e+02 0.000000000000000000e+00
5.854735473547355014e+02 0.000000000000000000e+00
5.855235523552355517e+02 0.000000000000000000e+00
5.855735573557356020e+02 0.000000000000000000e+00
5.856235623562356523e+02 0.000000000000000000e+00
5.856735673567357026e+02 0.000000000000000000e+00
5.857235723572357529e+02 0.000000000000000000e+00
5.857735773577358032e+02 0.000000000000000000e+00
5.858235823582358535e+02 0.000000000000000000e+00
5.858735873587359038e+02 0.000000000000000000e+00
5.859235923592359541e+02 0.000000000000000000e+00
5.859735973597360044e+02 0.000000000000000000e+00
5.860236023602360547e+02 0.000000000000000000e+00
5.860736073607361050e+02 0.000000000000000000e+00
5.861236123612361553e+02 0.000000000000000000e+00
5.861736173617362056e+02 0.000000000000000000e+00
5.862236223622362559e+02 0.000000000000000000e+00
5.862736273627363062e+02 0.000000000000000000e+00
5.863236323632363565e+02 0.000000000000000000e+00
5.863736373637364068e+02 0.000000000000000000e+00
5.864236423642364571e+02 0.000000000000000000e+00
5.864736473647365074e+02 0.000000000000000000e+00
5.865236523652365577e+02 0.000000000000000000e+00
5.865736573657366080e+02 0.000000000000000000e+00
5.866236623662366583e+02 0.000000000000000000e+00
5.866736673667367086e+02 0.000000000000000000e+00
5.867236723672367589e+02 0.000000000000000000e+00
5.867736773677368092e+02 0.000000000000000000e+00
5.868236823682368595e+02 0.000000000000000000e+00
5.868736873687369098e+02 0.000000000000000000e+00
5.869236923692369601e+02 0.000000000000000000e+00
5.869736973697370104e+02 0.000000000000000000e+00
5.870237023702370607e+02 0.000000000000000000e+00
5.870737073707371110e+02 0.000000000000000000e+00
5.871237123712371613e+02 0.000000000000000000e+00
5.871737173717372116e+02 0.000000000000000000e+00
5.872237223722372619e+02 0.000000000000000000e+00
5.872737273727373122e+02 0.000000000000000000e+00
5.873237323732373625e+02 0.000000000000000000e+00
5.873737373737374128e+02 0.000000000000000000e+00
5.874237423742374631e+02 0.000000000000000000e+00
5.874737473747375134e+02 0.000000000000000000e+00
5.875237523752375637e+02 0.000000000000000000e+00
5.875737573757376140e+02 0.000000000000000000e+00
5.876237623762376643e+02 0.000000000000000000e+00
5.876737673767377146e+02 0.000000000000000000e+00
5.877237723772377649e+02 0.000000000000000000e+00
5.877737773777378152e+02 0.000000000000000000e+00
5.878237823782378655e+02 0.000000000000000000e+00
5.878737873787379158e+02 0.000000000000000000e+00
5.879237923792379661e+02 0.000000000000000000e+00
5.879737973797380164e+02 0.000000000000000000e+00
5.880238023802380667e+02 0.000000000000000000e+00
5.880738073807381170e+02 0.000000000000000000e+00
5.881238123812381673e+02 0.000000000000000000e+00
5.881738173817382176e+02 0.000000000000000000e+00
5.882238223822382679e+02 0.000000000000000000e+00
5.882738273827383182e+02 0.000000000000000000e+00
5.883238323832383685e+02 0.000000000000000000e+00
5.883738373837384188e+02 0.000000000000000000e+00
5.884238423842384691e+02 0.000000000000000000e+00
5.884738473847385194e+02 0.000000000000000000e+00
5.885238523852385697e+02 0.000000000000000000e+00
5.885738573857386200e+02 0.000000000000000000e+00
5.886238623862386703e+02 0.000000000000000000e+00
5.886738673867387206e+02 0.000000000000000000e+00
5.887238723872387709e+02 0.000000000000000000e+00
5.887738773877388212e+02 0.000000000000000000e+00
5.888238823882388715e+02 0.000000000000000000e+00
5.888738873887389218e+02 0.000000000000000000e+00
5.889238923892389721e+02 0.000000000000000000e+00
5.889738973897390224e+02 0.000000000000000000e+00
5.890239023902390727e+02 0.000000000000000000e+00
5.890739073907391230e+02 0.000000000000000000e+00
5.891239123912391733e+02 0.000000000000000000e+00
5.891739173917392236e+02 0.000000000000000000e+00
5.892239223922392739e+02 0.000000000000000000e+00
5.892739273927393242e+02 0.000000000000000000e+00
5.893239323932393745e+02 0.000000000000000000e+00
5.893739373937394248e+02 0.000000000000000000e+00
5.894239423942394751e+02 0.000000000000000000e+00
5.894739473947395254e+02 0.000000000000000000e+00
5.895239523952395757e+02 0.000000000000000000e+00
5.895739573957396260e+02 0.000000000000000000e+00
5.896239623962396763e+02 0.000000000000000000e+00
5.896739673967397266e+02 0.000000000000000000e+00
5.897239723972397769e+02 0.000000000000000000e+00
5.897739773977398272e+02 0.000000000000000000e+00
5.898239823982398775e+02 0.000000000000000000e+00
5.898739873987399278e+02 0.000000000000000000e+00
5.899239923992399781e+02 0.000000000000000000e+00
5.899739973997400284e+02 0.000000000000000000e+00
5.900240024002400787e+02 0.000000000000000000e+00
5.900740074007401290e+02 0.000000000000000000e+00
5.901240124012401793e+02 0.000000000000000000e+00
5.901740174017402296e+02 0.000000000000000000e+00
5.902240224022402799e+02 0.000000000000000000e+00
5.902740274027403302e+02 0.000000000000000000e+00
5.903240324032403805e+02 0.000000000000000000e+00
5.903740374037404308e+02 0.000000000000000000e+00
5.904240424042404811e+02 0.000000000000000000e+00
5.904740474047405314e+02 0.000000000000000000e+00
5.905240524052405817e+02 0.000000000000000000e+00
5.905740574057405183e+02 0.000000000000000000e+00
5.906240624062405686e+02 0.000000000000000000e+00
5.906740674067406189e+02 0.000000000000000000e+00
5.907240724072406692e+02 0.000000000000000000e+00
5.907740774077407195e+02 0.000000000000000000e+00
5.908240824082407698e+02 0.000000000000000000e+00
5.908740874087408201e+02 0.000000000000000000e+00
5.909240924092408704e+02 0.000000000000000000e+00
5.909740974097409207e+02 0.000000000000000000e+00
5.910241024102409710e+02 0.000000000000000000e+00
5.910741074107410213e+02 0.000000000000000000e+00
5.911241124112410716e+02 0.000000000000000000e+00
5.911741174117411219e+02 0.000000000000000000e+00
5.912241224122411722e+02 0.000000000000000000e+00
5.912741274127412225e+02 0.000000000000000000e+00
5.913241324132412728e+02 0.000000000000000000e+00
5.913741374137413231e+02 0.000000000000000000e+00
5.914241424142413734e+02 0.000000000000000000e+00
5.914741474147414237e+02 0.000000000000000000e+00
5.915241524152414740e+02 0.000000000000000000e+00
5.915741574157415243e+02 0.000000000000000000e+00
5.916241624162415746e+02 0.000000000000000000e+00
5.916741674167416249e+02 0.000000000000000000e+00
5.917241724172416752e+02 0.000000000000000000e+00
5.917741774177417255e+02 0.000000000000000000e+00
5.918241824182417758e+02 0.000000000000000000e+00
5.918741874187418261e+02 0.000000000000000000e+00
5.919241924192418765e+02 0.000000000000000000e+00
5.919741974197419268e+02 0.000000000000000000e+00
5.920242024202419771e+02 0.000000000000000000e+00
5.920742074207420274e+02 0.000000000000000000e+00
5.921242124212420777e+02 0.000000000000000000e+00
5.921742174217421280e+02 0.000000000000000000e+00
5.922242224222421783e+02 0.000000000000000000e+00
5.922742274227422286e+02 0.000000000000000000e+00
5.923242324232422789e+02 0.000000000000000000e+00
5.923742374237423292e+02 0.000000000000000000e+00
5.924242424242423795e+02 0.000000000000000000e+00
5.924742474247424298e+02 0.000000000000000000e+00
5.925242524252424801e+02 0.000000000000000000e+00
5.925742574257425304e+02 0.000000000000000000e+00
5.926242624262425807e+02 0.000000000000000000e+00
5.926742674267426310e+02 0.000000000000000000e+00
5.927242724272426813e+02 0.000000000000000000e+00
5.927742774277427316e+02 0.000000000000000000e+00
5.928242824282427819e+02 0.000000000000000000e+00
5.928742874287428322e+02 0.000000000000000000e+00
5.929242924292428825e+02 0.000000000000000000e+00
5.929742974297429328e+02 0.000000000000000000e+00
5.930243024302429831e+02 0.000000000000000000e+00
5.930743074307430334e+02 0.000000000000000000e+00
5.931243124312430837e+02 0.000000000000000000e+00
5.931743174317431340e+02 0.000000000000000000e+00
5.932243224322431843e+02 0.000000000000000000e+00
5.932743274327432346e+02 0.000000000000000000e+00
5.933243324332432849e+02 0.000000000000000000e+00
5.933743374337433352e+02 0.000000000000000000e+00
5.934243424342433855e+02 0.000000000000000000e+00
5.934743474347434358e+02 0.000000000000000000e+00
5.935243524352434861e+02 0.000000000000000000e+00
5.935743574357435364e+02 0.000000000000000000e+00
5.936243624362435867e+02 0.000000000000000000e+00
5.936743674367436370e+02 0.000000000000000000e+00
5.937243724372436873e+02 0.000000000000000000e+00
5.937743774377437376e+02 0.000000000000000000e+00
5.938243824382437879e+02 0.000000000000000000e+00
5.938743874387438382e+02 0.000000000000000000e+00
5.939243924392438885e+02 0.000000000000000000e+00
5.939743974397439388e+02 0.000000000000000000e+00
5.940244024402439891e+02 0.000000000000000000e+00
5.940744074407440394e+02 0.000000000000000000e+00
5.941244124412440897e+02 0.000000000000000000e+00
5.941744174417441400e+02 0.000000000000000000e+00
5.942244224422441903e+02 0.000000000000000000e+00
5.942744274427442406e+02 0.000000000000000000e+00
5.943244324432442909e+02 0.000000000000000000e+00
5.943744374437443412e+02 0.000000000000000000e+00
5.944244424442443915e+02 0.000000000000000000e+00
5.944744474447444418e+02 0.000000000000000000e+00
5.945244524452444921e+02 0.000000000000000000e+00
5.945744574457445424e+02 0.000000000000000000e+00
5.946244624462445927e+02 0.000000000000000000e+00
5.946744674467446430e+02 0.000000000000000000e+00
5.947244724472446933e+02 0.000000000000000000e+00
5.947744774477447436e+02 0.000000000000000000e+00
5.948244824482447939e+02 0.000000000000000000e+00
5.948744874487448442e+02 0.000000000000000000e+00
5.949244924492448945e+02 0.000000000000000000e+00
5.949744974497449448e+02 0.000000000000000000e+00
5.950245024502449951e+02 0.000000000000000000e+00
5.950745074507450454e+02 0.000000000000000000e+00
5.951245124512450957e+02 0.000000000000000000e+00
5.951745174517451460e+02 0.000000000000000000e+00
5.952245224522451963e+02 0.000000000000000000e+00
5.952745274527452466e+02 0.000000000000000000e+00
5.953245324532452969e+02 0.000000000000000000e+00
5.953745374537453472e+02 0.000000000000000000e+00
5.954245424542453975e+02 0.000000000000000000e+00
5.954745474547454478e+02 0.000000000000000000e+00
5.955245524552454981e+02 0.000000000000000000e+00
5.955745574557455484e+02 0.000000000000000000e+00
5.956245624562455987e+02 0.000000000000000000e+00
5.956745674567456490e+02 0.000000000000000000e+00
5.957245724572456993e+02 0.000000000000000000e+00
5.957745774577457496e+02 0.000000000000000000e+00
5.958245824582457999e+02 0.000000000000000000e+00
5.958745874587458502e+02 0.000000000000000000e+00
5.959245924592459005e+02 0.000000000000000000e+00
5.959745974597459508e+02 0.000000000000000000e+00
5.960246024602460011e+02 0.000000000000000000e+00
5.960746074607460514e+02 0.000000000000000000e+00
5.961246124612461017e+02 0.000000000000000000e+00
5.961746174617461520e+02 0.000000000000000000e+00
5.962246224622462023e+02 0.000000000000000000e+00
5.962746274627462526e+02 0.000000000000000000e+00
5.963246324632463029e+02 0.000000000000000000e+00
5.963746374637463532e+02 0.000000000000000000e+00
5.964246424642464035e+02 0.000000000000000000e+00
5.964746474647464538e+02 0.000000000000000000e+00
5.965246524652465041e+02 0.000000000000000000e+00
5.965746574657465544e+02 0.000000000000000000e+00
5.966246624662466047e+02 0.000000000000000000e+00
5.966746674667466550e+02 0.000000000000000000e+00
5.967246724672467053e+02 0.000000000000000000e+00
5.967746774677467556e+02 0.000000000000000000e+00
5.968246824682468059e+02 0.000000000000000000e+00
5.968746874687468562e+02 0.000000000000000000e+00
5.969246924692469065e+02 0.000000000000000000e+00
5.969746974697469568e+02 0.000000000000000000e+00
5.970247024702470071e+02 0.000000000000000000e+00
5.970747074707470574e+02 0.000000000000000000e+00
5.971247124712471077e+02 0.000000000000000000e+00
5.971747174717471580e+02 0.000000000000000000e+00
5.972247224722472083e+02 0.000000000000000000e+00
5.972747274727472586e+02 0.000000000000000000e+00
5.973247324732473089e+02 0.000000000000000000e+00
5.973747374737473592e+02 0.000000000000000000e+00
5.974247424742474095e+02 0.000000000000000000e+00
5.974747474747474598e+02 0.000000000000000000e+00
5.975247524752475101e+02 0.000000000000000000e+00
5.975747574757475604e+02 0.000000000000000000e+00
5.976247624762476107e+02 0.000000000000000000e+00
5.976747674767476610e+02 0.000000000000000000e+00
5.977247724772477113e+02 0.000000000000000000e+00
5.977747774777477616e+02 0.000000000000000000e+00
5.978247824782478119e+02 0.000000000000000000e+00
5.978747874787478622e+02 0.000000000000000000e+00
5.979247924792479125e+02 0.000000000000000000e+00
5.979747974797479628e+02 0.000000000000000000e+00
5.980248024802480131e+02 0.000000000000000000e+00
5.980748074807480634e+02 0.000000000000000000e+00
5.981248124812481137e+02 0.000000000000000000e+00
5.981748174817481640e+02 0.000000000000000000e+00
5.982248224822482143e+02 0.000000000000000000e+00
5.982748274827482646e+02 0.000000000000000000e+00
5.983248324832483149e+02 0.000000000000000000e+00
5.983748374837483652e+02 0.000000000000000000e+00
5.984248424842484155e+02 0.000000000000000000e+00
5.984748474847484658e+02 0.000000000000000000e+00
5.985248524852485161e+02 0.000000000000000000e+00
5.985748574857485664e+02 0.000000000000000000e+00
5.986248624862486167e+02 0.000000000000000000e+00
5.986748674867486670e+02 0.000000000000000000e+00
5.987248724872487173e+02 0.000000000000000000e+00
5.987748774877487676e+02 0.000000000000000000e+00
5.988248824882488179e+02 0.000000000000000000e+00
5.988748874887488682e+02 0.000000000000000000e+00
5.989248924892489185e+02 0.000000000000000000e+00
5.989748974897489688e+02 0.000000000000000000e+00
5.990249024902490191e+02 0.000000000000000000e+00
5.990749074907490694e+02 0.000000000000000000e+00
5.991249124912491197e+02 0.000000000000000000e+00
5.991749174917491700e+02 0.000000000000000000e+00
5.992249224922492203e+02 0.000000000000000000e+00
5.992749274927492706e+02 0.000000000000000000e+00
5.993249324932493209e+02 0.000000000000000000e+00
5.993749374937493712e+02 0.000000000000000000e+00
5.994249424942494215e+02 0.000000000000000000e+00
5.994749474947494718e+02 0.000000000000000000e+00
5.995249524952495221e+02 0.000000000000000000e+00
5.995749574957495724e+02 0.000000000000000000e+00
5.996249624962496227e+02 0.000000000000000000e+00
5.996749674967496730e+02 0.000000000000000000e+00
5.997249724972497233e+02 0.000000000000000000e+00
5.997749774977497736e+02 0.000000000000000000e+00
5.998249824982498239e+02 0.000000000000000000e+00
5.998749874987498742e+02 0.000000000000000000e+00
5.999249924992499245e+02 0.000000000000000000e+00
5.999749974997499748e+02 0.000000000000000000e+00
6.000250025002500252e+02 0.000000000000000000e+00
6.000750075007500755e+02 0.000000000000000000e+00
6.001250125012501258e+02 0.000000000000000000e+00
6.001750175017501761e+02 0.000000000000000000e+00
6.002250225022502264e+02 0.000000000000000000e+00
6.002750275027502767e+02 0.000000000000000000e+00
6.003250325032503270e+02 0.000000000000000000e+00
6.003750375037503773e+02 0.000000000000000000e+00
6.004250425042504276e+02 0.000000000000000000e+00
6.004750475047504779e+02 0.000000000000000000e+00
6.005250525052505282e+02 0.000000000000000000e+00
6.005750575057505785e+02 0.000000000000000000e+00
6.006250625062506288e+02 0.000000000000000000e+00
6.006750675067506791e+02 0.000000000000000000e+00
6.007250725072507294e+02 0.000000000000000000e+00
6.007750775077507797e+02 0.000000000000000000e+00
6.008250825082508300e+02 0.000000000000000000e+00
6.008750875087508803e+02 0.000000000000000000e+00
6.009250925092509306e+02 0.000000000000000000e+00
6.009750975097509809e+02 0.000000000000000000e+00
6.010251025102510312e+02 0.000000000000000000e+00
6.010751075107510815e+02 0.000000000000000000e+00
6.011251125112511318e+02 0.000000000000000000e+00
6.011751175117511821e+02 0.000000000000000000e+00
6.012251225122512324e+02 0.000000000000000000e+00
6.012751275127512827e+02 0.000000000000000000e+00
6.013251325132513330e+02 0.000000000000000000e+00
6.013751375137513833e+02 0.000000000000000000e+00
6.014251425142514336e+02 0.000000000000000000e+00
6.014751475147514839e+02 0.000000000000000000e+00
6.015251525152515342e+02 0.000000000000000000e+00
6.015751575157515845e+02 0.000000000000000000e+00
6.016251625162516348e+02 0.000000000000000000e+00
6.016751675167516851e+02 0.000000000000000000e+00
6.017251725172517354e+02 0.000000000000000000e+00
6.017751775177517857e+02 0.000000000000000000e+00
6.018251825182518360e+02 0.000000000000000000e+00
6.018751875187518863e+02 0.000000000000000000e+00
6.019251925192519366e+02 0.000000000000000000e+00
6.019751975197519869e+02 0.000000000000000000e+00
6.020252025202520372e+02 0.000000000000000000e+00
6.020752075207520875e+02 0.000000000000000000e+00
6.021252125212521378e+02 0.000000000000000000e+00
6.021752175217521881e+02 0.000000000000000000e+00
6.022252225222522384e+02 0.000000000000000000e+00
6.022752275227522887e+02 0.000000000000000000e+00
6.023252325232523390e+02 0.000000000000000000e+00
6.023752375237523893e+02 0.000000000000000000e+00
6.024252425242524396e+02 0.000000000000000000e+00
6.024752475247524899e+02 0.000000000000000000e+00
6.025252525252525402e+02 0.000000000000000000e+00
6.025752575257525905e+02 0.000000000000000000e+00
6.026252625262526408e+02 0.000000000000000000e+00
6.026752675267526911e+02 0.000000000000000000e+00
6.027252725272527414e+02 0.000000000000000000e+00
6.027752775277527917e+02 0.000000000000000000e+00
6.028252825282528420e+02 0.000000000000000000e+00
6.028752875287528923e+02 0.000000000000000000e+00
6.029252925292529426e+02 0.000000000000000000e+00
6.029752975297529929e+02 0.000000000000000000e+00
6.030253025302530432e+02 0.000000000000000000e+00
6.030753075307530935e+02 0.000000000000000000e+00
6.031253125312531438e+02 0.000000000000000000e+00
6.031753175317531941e+02 0.000000000000000000e+00
6.032253225322532444e+02 0.000000000000000000e+00
6.032753275327532947e+02 0.000000000000000000e+00
6.033253325332533450e+02 0.000000000000000000e+00
6.033753375337533953e+02 0.000000000000000000e+00
6.034253425342534456e+02 0.000000000000000000e+00
6.034753475347534959e+02 0.000000000000000000e+00
6.035253525352535462e+02 0.000000000000000000e+00
6.035753575357535965e+02 0.000000000000000000e+00
6.036253625362536468e+02 0.000000000000000000e+00
6.036753675367536971e+02 0.000000000000000000e+00
6.037253725372537474e+02 0.000000000000000000e+00
6.037753775377537977e+02 0.000000000000000000e+00
6.038253825382538480e+02 0.000000000000000000e+00
6.038753875387538983e+02 0.000000000000000000e+00
6.039253925392539486e+02 0.000000000000000000e+00
6.039753975397539989e+02 0.000000000000000000e+00
6.040254025402540492e+02 0.000000000000000000e+00
6.040754075407540995e+02 0.000000000000000000e+00
6.041254125412541498e+02 0.000000000000000000e+00
6.041754175417542001e+02 0.000000000000000000e+00
6.042254225422542504e+02 0.000000000000000000e+00
6.042754275427543007e+02 0.000000000000000000e+00
6.043254325432543510e+02 0.000000000000000000e+00
6.043754375437544013e+02 0.000000000000000000e+00
6.044254425442544516e+02 0.000000000000000000e+00
6.044754475447545019e+02 0.000000000000000000e+00
6.045254525452545522e+02 0.000000000000000000e+00
6.045754575457546025e+02 0.000000000000000000e+00
6.046254625462546528e+02 0.000000000000000000e+00
6.046754675467547031e+02 0.000000000000000000e+00
6.047254725472547534e+02 0.000000000000000000e+00
6.047754775477548037e+02 0.000000000000000000e+00
6.048254825482548540e+02 0.000000000000000000e+00
6.048754875487547906e+02 0.000000000000000000e+00
6.049254925492548409e+02 0.000000000000000000e+00
6.049754975497548912e+02 0.000000000000000000e+00
6.050255025502549415e+02 0.000000000000000000e+00
6.050755075507549918e+02 0.000000000000000000e+00
6.051255125512550421e+02 0.000000000000000000e+00
6.051755175517550924e+02 0.000000000000000000e+00
6.052255225522551427e+02 0.000000000000000000e+00
6.052755275527551930e+02 0.000000000000000000e+00
6.053255325532552433e+02 0.000000000000000000e+00
6.053755375537552936e+02 0.000000000000000000e+00
6.054255425542553439e+02 0.000000000000000000e+00
6.054755475547553942e+02 0.000000000000000000e+00
6.055255525552554445e+02 0.000000000000000000e+00
6.055755575557554948e+02 0.000000000000000000e+00
6.056255625562555451e+02 0.000000000000000000e+00
6.056755675567555954e+02 0.000000000000000000e+00
6.057255725572556457e+02 0.000000000000000000e+00
6.057755775577556960e+02 0.000000000000000000e+00
6.058255825582557463e+02 0.000000000000000000e+00
6.058755875587557966e+02 0.000000000000000000e+00
6.059255925592558469e+02 0.000000000000000000e+00
6.059755975597558972e+02 0.000000000000000000e+00
6.060256025602559475e+02 0.000000000000000000e+00
6.060756075607559978e+02 0.000000000000000000e+00
6.061256125612560481e+02 0.000000000000000000e+00
6.061756175617560984e+02 0.000000000000000000e+00
6.062256225622561487e+02 0.000000000000000000e+00
6.062756275627561990e+02 0.000000000000000000e+00
6.063256325632562493e+02 0.000000000000000000e+00
6.063756375637562996e+02 0.000000000000000000e+00
6.064256425642563499e+02 0.000000000000000000e+00
6.064756475647564002e+02 0.000000000000000000e+00
6.065256525652564505e+02 0.000000000000000000e+00
6.065756575657565008e+02 0.000000000000000000e+00
6.066256625662565511e+02 0.000000000000000000e+00
6.066756675667566014e+02 0.000000000000000000e+00
6.067256725672566517e+02 0.000000000000000000e+00
6.067756775677567020e+02 0.000000000000000000e+00
6.068256825682567523e+02 0.000000000000000000e+00
6.068756875687568026e+02 0.000000000000000000e+00
6.069256925692568529e+02 0.000000000000000000e+00
6.069756975697569032e+02 0.000000000000000000e+00
6.070257025702569535e+02 0.000000000000000000e+00
6.070757075707570039e+02 0.000000000000000000e+00
6.071257125712570542e+02 0.000000000000000000e+00
6.071757175717571045e+02 0.000000000000000000e+00
6.072257225722571548e+02 0.000000000000000000e+00
6.072757275727572051e+02 0.000000000000000000e+00
6.073257325732572554e+02 0.000000000000000000e+00
6.073757375737573057e+02 0.000000000000000000e+00
6.074257425742573560e+02 0.000000000000000000e+00
6.074757475747574063e+02 0.000000000000000000e+00
6.075257525752574566e+02 0.000000000000000000e+00
6.075757575757575069e+02 0.000000000000000000e+00
6.076257625762575572e+02 0.000000000000000000e+00
6.076757675767576075e+02 0.000000000000000000e+00
6.077257725772576578e+02 0.000000000000000000e+00
6.077757775777577081e+02 0.000000000000000000e+00
6.078257825782577584e+02 0.000000000000000000e+00
6.078757875787578087e+02 0.000000000000000000e+00
6.079257925792578590e+02 0.000000000000000000e+00
6.079757975797579093e+02 0.000000000000000000e+00
6.080258025802579596e+02 0.000000000000000000e+00
6.080758075807580099e+02 0.000000000000000000e+00
6.081258125812580602e+02 0.000000000000000000e+00
6.081758175817581105e+02 0.000000000000000000e+00
6.082258225822581608e+02 0.000000000000000000e+00
6.082758275827582111e+02 0.000000000000000000e+00
6.083258325832582614e+02 0.000000000000000000e+00
6.083758375837583117e+02 0.000000000000000000e+00
6.084258425842583620e+02 0.000000000000000000e+00
6.084758475847584123e+02 0.000000000000000000e+00
6.085258525852584626e+02 0.000000000000000000e+00
6.085758575857585129e+02 0.000000000000000000e+00
6.086258625862585632e+02 0.000000000000000000e+00
6.086758675867586135e+02 0.000000000000000000e+00
6.087258725872586638e+02 0.000000000000000000e+00
6.087758775877587141e+02 0.000000000000000000e+00
6.088258825882587644e+02 0.000000000000000000e+00
6.088758875887588147e+02 0.000000000000000000e+00
6.089258925892588650e+02 0.000000000000000000e+00
6.089758975897589153e+02 0.000000000000000000e+00
6.090259025902589656e+02 0.000000000000000000e+00
6.090759075907590159e+02 0.000000000000000000e+00
6.091259125912590662e+02 0.000000000000000000e+00
6.091759175917591165e+02 0.000000000000000000e+00
6.092259225922591668e+02 0.000000000000000000e+00
6.092759275927592171e+02 0.000000000000000000e+00
6.093259325932592674e+02 0.000000000000000000e+00
6.093759375937593177e+02 0.000000000000000000e+00
6.094259425942593680e+02 0.000000000000000000e+00
6.094759475947594183e+02 0.000000000000000000e+00
6.095259525952594686e+02 0.000000000000000000e+00
6.095759575957595189e+02 0.000000000000000000e+00
6.096259625962595692e+02 0.000000000000000000e+00
6.096759675967596195e+02 0.000000000000000000e+00
6.097259725972596698e+02 0.000000000000000000e+00
6.097759775977597201e+02 0.000000000000000000e+00
6.098259825982597704e+02 0.000000000000000000e+00
6.098759875987598207e+02 0.000000000000000000e+00
6.099259925992598710e+02 0.000000000000000000e+00
6.099759975997599213e+02 0.000000000000000000e+00
6.100260026002599716e+02 0.000000000000000000e+00
6.100760076007600219e+02 0.000000000000000000e+00
6.101260126012600722e+02 0.000000000000000000e+00
6.101760176017601225e+02 0.000000000000000000e+00
6.102260226022601728e+02 0.000000000000000000e+00
6.102760276027602231e+02 0.000000000000000000e+00
6.103260326032602734e+02 0.000000000000000000e+00
6.103760376037603237e+02 0.000000000000000000e+00
6.104260426042603740e+02 0.000000000000000000e+00
6.104760476047604243e+02 0.000000000000000000e+00
6.105260526052604746e+02 0.000000000000000000e+00
6.105760576057605249e+02 0.000000000000000000e+00
6.106260626062605752e+02 0.000000000000000000e+00
6.106760676067606255e+02 0.000000000000000000e+00
6.107260726072606758e+02 0.000000000000000000e+00
6.107760776077607261e+02 0.000000000000000000e+00
6.108260826082607764e+02 0.000000000000000000e+00
6.108760876087608267e+02 0.000000000000000000e+00
6.109260926092608770e+02 0.000000000000000000e+00
6.109760976097609273e+02 0.000000000000000000e+00
6.110261026102609776e+02 0.000000000000000000e+00
6.110761076107610279e+02 0.000000000000000000e+00
6.111261126112610782e+02 0.000000000000000000e+00
6.111761176117611285e+02 0.000000000000000000e+00
6.112261226122611788e+02 0.000000000000000000e+00
6.112761276127612291e+02 0.000000000000000000e+00
6.113261326132612794e+02 0.000000000000000000e+00
6.113761376137613297e+02 0.000000000000000000e+00
6.114261426142613800e+02 0.000000000000000000e+00
6.114761476147614303e+02 0.000000000000000000e+00
6.115261526152614806e+02 0.000000000000000000e+00
6.115761576157615309e+02 0.000000000000000000e+00
6.116261626162615812e+02 0.000000000000000000e+00
6.116761676167616315e+02 0.000000000000000000e+00
6.117261726172616818e+02 0.000000000000000000e+00
6.117761776177617321e+02 0.000000000000000000e+00
6.118261826182617824e+02 0.000000000000000000e+00
6.118761876187618327e+02 0.000000000000000000e+00
6.119261926192618830e+02 0.000000000000000000e+00
6.119761976197619333e+02 0.000000000000000000e+00
6.120262026202619836e+02 0.000000000000000000e+00
6.120762076207620339e+02 0.000000000000000000e+00
6.121262126212620842e+02 0.000000000000000000e+00
6.121762176217621345e+02 0.000000000000000000e+00
6.122262226222621848e+02 0.000000000000000000e+00
6.122762276227622351e+02 0.000000000000000000e+00
6.123262326232622854e+02 0.000000000000000000e+00
6.123762376237623357e+02 0.000000000000000000e+00
6.124262426242623860e+02 0.000000000000000000e+00
6.124762476247624363e+02 0.000000000000000000e+00
6.125262526252624866e+02 0.000000000000000000e+00
6.125762576257625369e+02 0.000000000000000000e+00
6.126262626262625872e+02 0.000000000000000000e+00
6.126762676267626375e+02 0.000000000000000000e+00
6.127262726272626878e+02 0.000000000000000000e+00
6.127762776277627381e+02 0.000000000000000000e+00
6.128262826282627884e+02 0.000000000000000000e+00
6.128762876287628387e+02 0.000000000000000000e+00
6.129262926292628890e+02 0.000000000000000000e+00
6.129762976297629393e+02 0.000000000000000000e+00
6.130263026302629896e+02 0.000000000000000000e+00
6.130763076307630399e+02 0.000000000000000000e+00
6.131263126312630902e+02 0.000000000000000000e+00
6.131763176317631405e+02 0.000000000000000000e+00
6.132263226322631908e+02 0.000000000000000000e+00
6.132763276327632411e+02 0.000000000000000000e+00
6.133263326332632914e+02 0.000000000000000000e+00
6.133763376337633417e+02 0.000000000000000000e+00
6.134263426342633920e+02 0.000000000000000000e+00
6.134763476347634423e+02 0.000000000000000000e+00
6.135263526352634926e+02 0.000000000000000000e+00
6.135763576357635429e+02 0.000000000000000000e+00
6.136263626362635932e+02 0.000000000000000000e+00
6.136763676367636435e+02 0.000000000000000000e+00
6.137263726372636938e+02 0.000000000000000000e+00
6.137763776377637441e+02 0.000000000000000000e+00
6.138263826382637944e+02 0.000000000000000000e+00
6.138763876387638447e+02 0.000000000000000000e+00
6.139263926392638950e+02 0.000000000000000000e+00
6.139763976397639453e+02 0.000000000000000000e+00
6.140264026402639956e+02 0.000000000000000000e+00
6.140764076407640459e+02 0.000000000000000000e+00
6.141264126412640962e+02 0.000000000000000000e+00
6.141764176417641465e+02 0.000000000000000000e+00
6.142264226422641968e+02 0.000000000000000000e+00
6.142764276427642471e+02 0.000000000000000000e+00
6.143264326432642974e+02 0.000000000000000000e+00
6.143764376437643477e+02 0.000000000000000000e+00
6.144264426442643980e+02 0.000000000000000000e+00
6.144764476447644483e+02 0.000000000000000000e+00
6.145264526452644986e+02 0.000000000000000000e+00
6.145764576457645489e+02 0.000000000000000000e+00
6.146264626462645992e+02 0.000000000000000000e+00
6.146764676467646495e+02 0.000000000000000000e+00
6.147264726472646998e+02 0.000000000000000000e+00
6.147764776477647501e+02 0.000000000000000000e+00
6.148264826482648004e+02 0.000000000000000000e+00
6.148764876487648507e+02 0.000000000000000000e+00
6.149264926492649010e+02 0.000000000000000000e+00
6.149764976497649513e+02 0.000000000000000000e+00
6.150265026502650016e+02 0.000000000000000000e+00
6.150765076507650519e+02 0.000000000000000000e+00
6.151265126512651022e+02 0.000000000000000000e+00
6.151765176517651526e+02 0.000000000000000000e+00
6.152265226522652029e+02 0.000000000000000000e+00
6.152765276527652532e+02 0.000000000000000000e+00
6.153265326532653035e+02 0.000000000000000000e+00
6.153765376537653538e+02 0.000000000000000000e+00
6.154265426542654041e+02 0.000000000000000000e+00
6.154765476547654544e+02 0.000000000000000000e+00
6.155265526552655047e+02 0.000000000000000000e+00
6.155765576557655550e+02 0.000000000000000000e+00
6.156265626562656053e+02 0.000000000000000000e+00
6.156765676567656556e+02 0.000000000000000000e+00
6.157265726572657059e+02 0.000000000000000000e+00
6.157765776577657562e+02 0.000000000000000000e+00
6.158265826582658065e+02 0.000000000000000000e+00
6.158765876587658568e+02 0.000000000000000000e+00
6.159265926592659071e+02 0.000000000000000000e+00
6.159765976597659574e+02 0.000000000000000000e+00
6.160266026602660077e+02 0.000000000000000000e+00
6.160766076607660580e+02 0.000000000000000000e+00
6.161266126612661083e+02 0.000000000000000000e+00
6.161766176617661586e+02 0.000000000000000000e+00
6.162266226622662089e+02 0.000000000000000000e+00
6.162766276627662592e+02 0.000000000000000000e+00
6.163266326632663095e+02 0.000000000000000000e+00
6.163766376637663598e+02 0.000000000000000000e+00
6.164266426642664101e+02 0.000000000000000000e+00
6.164766476647664604e+02 0.000000000000000000e+00
6.165266526652665107e+02 0.000000000000000000e+00
6.165766576657665610e+02 0.000000000000000000e+00
6.166266626662666113e+02 0.000000000000000000e+00
6.166766676667666616e+02 0.000000000000000000e+00
6.167266726672667119e+02 0.000000000000000000e+00
6.167766776677667622e+02 0.000000000000000000e+00
6.168266826682668125e+02 0.000000000000000000e+00
6.168766876687668628e+02 0.000000000000000000e+00
6.169266926692669131e+02 0.000000000000000000e+00
6.169766976697669634e+02 0.000000000000000000e+00
6.170267026702670137e+02 0.000000000000000000e+00
6.170767076707670640e+02 0.000000000000000000e+00
6.171267126712671143e+02 0.000000000000000000e+00
6.171767176717671646e+02 0.000000000000000000e+00
6.172267226722672149e+02 0.000000000000000000e+00
6.172767276727672652e+02 0.000000000000000000e+00
6.173267326732673155e+02 0.000000000000000000e+00
6.173767376737673658e+02 0.000000000000000000e+00
6.174267426742674161e+02 0.000000000000000000e+00
6.174767476747674664e+02 0.000000000000000000e+00
6.175267526752675167e+02 0.000000000000000000e+00
6.175767576757675670e+02 0.000000000000000000e+00
6.176267626762676173e+02 0.000000000000000000e+00
6.176767676767676676e+02 0.000000000000000000e+00
6.177267726772677179e+02 0.000000000000000000e+00
6.177767776777677682e+02 0.000000000000000000e+00
6.178267826782678185e+02 0.000000000000000000e+00
6.178767876787678688e+02 0.000000000000000000e+00
6.179267926792679191e+02 0.000000000000000000e+00
6.179767976797679694e+02 0.000000000000000000e+00
6.180268026802680197e+02 0.000000000000000000e+00
6.180768076807680700e+02 0.000000000000000000e+00
6.181268126812681203e+02 0.000000000000000000e+00
6.181768176817681706e+02 0.000000000000000000e+00
6.182268226822682209e+02 0.000000000000000000e+00
6.182768276827682712e+02 0.000000000000000000e+00
6.183268326832683215e+02 0.000000000000000000e+00
6.183768376837683718e+02 0.000000000000000000e+00
6.184268426842684221e+02 0.000000000000000000e+00
6.184768476847684724e+02 0.000000000000000000e+00
6.185268526852685227e+02 0.000000000000000000e+00
6.185768576857685730e+02 0.000000000000000000e+00
6.186268626862686233e+02 0.000000000000000000e+00
6.186768676867686736e+02 0.000000000000000000e+00
6.187268726872687239e+02 0.000000000000000000e+00
6.187768776877687742e+02 0.000000000000000000e+00
6.188268826882688245e+02 0.000000000000000000e+00
6.188768876887688748e+02 0.000000000000000000e+00
6.189268926892689251e+02 0.000000000000000000e+00
6.189768976897689754e+02 0.000000000000000000e+00
6.190269026902690257e+02 0.000000000000000000e+00
6.190769076907690760e+02 0.000000000000000000e+00
6.191269126912691263e+02 0.000000000000000000e+00
6.191769176917691766e+02 0.000000000000000000e+00
6.192269226922692269e+02 0.000000000000000000e+00
6.192769276927692772e+02 0.000000000000000000e+00
6.193269326932693275e+02 0.000000000000000000e+00
6.193769376937693778e+02 0.000000000000000000e+00
6.194269426942694281e+02 0.000000000000000000e+00
6.194769476947694784e+02 0.000000000000000000e+00
6.195269526952695287e+02 0.000000000000000000e+00
6.195769576957695790e+02 0.000000000000000000e+00
6.196269626962696293e+02 0.000000000000000000e+00
6.196769676967696796e+02 0.000000000000000000e+00
6.197269726972697299e+02 0.000000000000000000e+00
6.197769776977697802e+02 0.000000000000000000e+00
6.198269826982698305e+02 0.000000000000000000e+00
6.198769876987698808e+02 0.000000000000000000e+00
6.199269926992699311e+02 0.000000000000000000e+00
6.199769976997699814e+02 0.000000000000000000e+00
6.200270027002700317e+02 0.000000000000000000e+00
6.200770077007700820e+02 0.000000000000000000e+00
6.201270127012701323e+02 0.000000000000000000e+00
6.201770177017701826e+02 0.000000000000000000e+00
6.202270227022702329e+02 0.000000000000000000e+00
6.202770277027702832e+02 0.000000000000000000e+00
6.203270327032703335e+02 0.000000000000000000e+00
6.203770377037703838e+02 0.000000000000000000e+00
6.204270427042704341e+02 0.000000000000000000e+00
6.204770477047704844e+02 0.000000000000000000e+00
6.205270527052705347e+02 0.000000000000000000e+00
6.205770577057705850e+02 0.000000000000000000e+00
6.206270627062706353e+02 0.000000000000000000e+00
6.206770677067706856e+02 0.000000000000000000e+00
6.207270727072707359e+02 0.000000000000000000e+00
6.207770777077707862e+02 0.000000000000000000e+00
6.208270827082708365e+02 0.000000000000000000e+00
6.208770877087708868e+02 0.000000000000000000e+00
6.209270927092709371e+02 0.000000000000000000e+00
6.209770977097709874e+02 0.000000000000000000e+00
6.210271027102710377e+02 0.000000000000000000e+00
6.210771077107710880e+02 0.000000000000000000e+00
6.211271127112711383e+02 0.000000000000000000e+00
6.211771177117711886e+02 0.000000000000000000e+00
6.212271227122712389e+02 0.000000000000000000e+00
6.212771277127712892e+02 0.000000000000000000e+00
6.213271327132713395e+02 0.000000000000000000e+00
6.213771377137713898e+02 0.000000000000000000e+00
6.214271427142714401e+02 0.000000000000000000e+00
6.214771477147714904e+02 0.000000000000000000e+00
6.215271527152715407e+02 0.000000000000000000e+00
6.215771577157715910e+02 0.000000000000000000e+00
6.216271627162716413e+02 0.000000000000000000e+00
6.216771677167716916e+02 0.000000000000000000e+00
6.217271727172717419e+02 0.000000000000000000e+00
6.217771777177717922e+02 0.000000000000000000e+00
6.218271827182718425e+02 0.000000000000000000e+00
6.218771877187718928e+02 0.000000000000000000e+00
6.219271927192719431e+02 0.000000000000000000e+00
6.219771977197719934e+02 0.000000000000000000e+00
6.220272027202720437e+02 0.000000000000000000e+00
6.220772077207720940e+02 0.000000000000000000e+00
6.221272127212721443e+02 0.000000000000000000e+00
6.221772177217721946e+02 0.000000000000000000e+00
6.222272227222722449e+02 0.000000000000000000e+00
6.222772277227722952e+02 0.000000000000000000e+00
6.223272327232723455e+02 0.000000000000000000e+00
6.223772377237723958e+02 0.000000000000000000e+00
6.224272427242724461e+02 0.000000000000000000e+00
6.224772477247724964e+02 0.000000000000000000e+00
6.225272527252725467e+02 0.000000000000000000e+00
6.225772577257725970e+02 0.000000000000000000e+00
6.226272627262726473e+02 0.000000000000000000e+00
6.226772677267726976e+02 0.000000000000000000e+00
6.227272727272727479e+02 0.000000000000000000e+00
6.227772777277727982e+02 0.000000000000000000e+00
6.228272827282728485e+02 0.000000000000000000e+00
6.228772877287728988e+02 0.000000000000000000e+00
6.229272927292729491e+02 0.000000000000000000e+00
6.229772977297729994e+02 0.000000000000000000e+00
6.230273027302730497e+02 0.000000000000000000e+00
6.230773077307731000e+02 0.000000000000000000e+00
6.231273127312731503e+02 0.000000000000000000e+00
6.231773177317732006e+02 0.000000000000000000e+00
6.232273227322732509e+02 0.000000000000000000e+00
6.232773277327733012e+02 0.000000000000000000e+00
6.233273327332733516e+02 0.000000000000000000e+00
6.233773377337734019e+02 0.000000000000000000e+00
6.234273427342734522e+02 0.000000000000000000e+00
6.234773477347735025e+02 0.000000000000000000e+00
6.235273527352735528e+02 1.971005724893235313e-318
6.235773577357736031e+02 1.576805073980234092e-317
6.236273627362736534e+02 1.537385107702063138e-316
6.236773677367737037e+02 1.476283915408403468e-315
6.237273727372737540e+02 1.412094803935054382e-314
6.237773777377738043e+02 1.346190914467247742e-313
6.238273827382738546e+02 1.278930972398666590e-312
6.238773877387739049e+02 1.210830001840933477e-311
6.239273927392739552e+02 1.142388191686146786e-310
6.239773977397740055e+02 1.074085358518381534e-309
6.240274027402740558e+02 1.006371749550967080e-308
6.240774077407741061e+02 9.396640816934649933e-308
6.241274127412741564e+02 8.743420486264541946e-307
6.241774177417742067e+02 8.107456968098072238e-306
6.242274227422742570e+02 7.491736407700537013e-305
6.242774277427743073e+02 6.898820954999160701e-304
6.243274327432743576e+02 6.330846856988889642e-303
6.243774377437744079e+02 5.789529767513983798e-302
6.244274427442744582e+02 5.276176598584733317e-301
6.244774477447745085e+02 4.791703140223980252e-300
6.245274527452745588e+02 4.336656607146967930e-299
6.245774577457746091e+02 3.911242229943831270e-298
6.246274627462746594e+02 3.515352994684725620e-297
6.246774677467747097e+02 3.148601645904443422e-296
6.247274727472747600e+02 2.810354101218809442e-295
6.247774777477748103e+02 2.499763478144584818e-294
6.248274827482748606e+02 2.215804001692420916e-293
6.248774877487749109e+02 1.957304141319727543e-292
6.249274927492749612e+02 1.722978414271603968e-291
6.249774977497750115e+02 1.511457385678721995e-290
6.250275027502750618e+02 1.321315490767895235e-289
6.250775077507751121e+02 1.151096398181306645e-288
6.251275127512751624e+02 9.993357231439255423e-288
6.251775177517752127e+02 8.645809829105987215e-287
6.252275227522752630e+02 7.454087628966818059e-286
6.252775277527753133e+02 6.404391289057046643e-285
6.253275327532753636e+02 5.483473781609786760e-284
6.253775377537754139e+02 4.678732690434630564e-283
6.254275427542754642e+02 3.978279065550637482e-282
6.254775477547755145e+02 3.370984878974615642e-281
6.255275527552755648e+02 2.846511307700066925e-280
6.255775577557756151e+02 2.395320168589219768e-279
6.256275627562756654e+02 2.008670854611100376e-278
6.256775677567757157e+02 1.678605083007530642e-277
6.257275727572757660e+02 1.397921674532368404e-276
6.257775777577758163e+02 1.160143449625714836e-275
6.258275827582758666e+02 9.594781628204834987e-275
6.258775877587759169e+02 7.907752105251064591e-274
6.259275927592759672e+02 6.494796484939368197e-273
6.259775977597760175e+02 5.315848515052576594e-272
6.260276027602760678e+02 4.335849456693348719e-271
6.260776077607761181e+02 3.524279487687319190e-270
6.261276127612761684e+02 2.854703703581738911e-269
6.261776177617762187e+02 2.304338541397226987e-268
6.262276227622762690e+02 1.853642925035451988e-267
6.262776277627763193e+02 1.485937082892660788e-266
6.263276327632763696e+02 1.187050822100255292e-265
6.263776377637764199e+02 9.450020576825393916e-265
6.264276427642764702e+02 7.497055814807731602e-264
6.264776477647765205e+02 5.927114036495420159e-263
6.265276527652765708e+02 4.669714948648096408e-262
6.265776577657766211e+02 3.666333843379330539e-261
6.266276627662766714e+02 2.868588106893421383e-260
6.266776677667767217e+02 2.236654629680377945e-259
6.267276727672767720e+02 1.737897713665581061e-258
6.267776777677768223e+02 1.345686961403423380e-257
6.268276827682768726e+02 1.038385048121841182e-256
6.268776877687769229e+02 7.984860929242762452e-256
6.269276927692769732e+02 6.118864499273885613e-255
6.269776977697770235e+02 4.672710386079379637e-254
6.270277027702770738e+02 3.555997456690125019e-253
6.270777077707771241e+02 2.696798934753699073e-252
6.271277127712771744e+02 2.038122311138334908e-251
6.271777177717772247e+02 1.534993240535576431e-250
6.272277227722772750e+02 1.152065683420564744e-249
6.272777277727773253e+02 8.616731542630479834e-249
6.273277327732773756e+02 6.422475164950519773e-248
6.273777377737774259e+02 4.770422596773822992e-247
6.274277427742774762e+02 3.531065896709899090e-246
6.274777477747775265e+02 2.604649802574805233e-245
6.275277527752775768e+02 1.914641231275903770e-244
6.275777577757776271e+02 1.402555394280523242e-243
6.276277627762776774e+02 1.023875586065689696e-242
6.276777677767777277e+02 7.448501356080537845e-242
6.277277727772777780e+02 5.399893117915117082e-241
6.277777777777778283e+02 3.901179876192617927e-240
6.278277827782778786e+02 2.808674011450701123e-239
6.278777877787779289e+02 2.015121539528934069e-238
6.279277927792779792e+02 1.440773472184888477e-237
6.279777977797780295e+02 1.026560881565583286e-236
6.280278027802780798e+02 7.289005319075921740e-236
6.280778077807781301e+02 5.157584741496236593e-235
6.281278127812781804e+02 3.636796718549423036e-234
6.281778177817782307e+02 2.555560869439452984e-233
6.282278227822782810e+02 1.789567078285151450e-232
6.282778277827783313e+02 1.248832759549206011e-231
6.283278327832783816e+02 8.684706231790248009e-231
6.283778377837784319e+02 6.018669994930992535e-230
6.284278427842784822e+02 4.156621497060771717e-229
6.284778477847785325e+02 2.860717522522027611e-228
6.285278527852785828e+02 1.962022673508184944e-227
6.285778577857786331e+02 1.340996414145276077e-226
6.286278627862786834e+02 9.133679331326819660e-226
6.286778677867787337e+02 6.199525529187932172e-225
6.287278727872787840e+02 4.193394239367838272e-224
6.287778777877788343e+02 2.826620372234073639e-223
6.288278827882788846e+02 1.898732674813868329e-222
6.288778877887789349e+02 1.271026813442428277e-221
6.289278927892789852e+02 8.478912427597737082e-221
6.289778977897790355e+02 5.636637894500018075e-220
6.290279027902790858e+02 3.734175035871905593e-219
6.290779077907791361e+02 2.465265825399086179e-218
6.291279127912791864e+02 1.621912378831643242e-217
6.291779177917792367e+02 1.063372856773391811e-216
6.292279227922792870e+02 6.947655910979764472e-216
6.292779277927793373e+02 4.523614436634736956e-215
6.293279327932793876e+02 2.935130465716245684e-214
6.293779377937794379e+02 1.897858319992340509e-213
6.294279427942794882e+02 1.222910615368246443e-212
6.294779477947795385e+02 7.852721414841346281e-212
6.295279527952795888e+02 5.025048007948313768e-211
6.295779577957796391e+02 3.204459513187509052e-210
6.296279627962796894e+02 2.036403859228180240e-209
6.296779677967797397e+02 1.289637291759774800e-208
6.297279727972797900e+02 8.138901703020672640e-208
6.297779777977798403e+02 5.118686986311355725e-207
6.298279827982798906e+02 3.208085180599320760e-206
6.298779877987799409e+02 2.003677209378172270e-205
6.299279927992799912e+02 1.247108314272005652e-204
6.299779977997800415e+02 7.735263987252871326e-204
6.300280028002800918e+02 4.781241208207714857e-203
6.300780078007801421e+02 2.945104552130168751e-202
6.301280128012801924e+02 1.807820592351909343e-201
6.301780178017802427e+02 1.105871052347388782e-200
6.302280228022802930e+02 6.741370556396492000e-200
6.302780278027803433e+02 4.095306953204934338e-199
6.303280328032803936e+02 2.479243975306578836e-198
6.303780378037804439e+02 1.495707334464691625e-197
6.304280428042804942e+02 8.992253239842506172e-197
6.304780478047805445e+02 5.387471474059872084e-196
6.305280528052805948e+02 3.216592072292140599e-195
6.305780578057806451e+02 1.913821987412904814e-194
6.306280628062806954e+02 1.134753788240835682e-193
6.306780678067807457e+02 6.704961549717904583e-193
6.307280728072807960e+02 3.948075880644521312e-192
6.307780778077808463e+02 2.316697016599539572e-191
6.308280828082808966e+02 1.354713743311647459e-190
6.308780878087809469e+02 7.894422814084035288e-190
6.309280928092809972e+02 4.584455674479494399e-189
6.309780978097810475e+02 2.653076190566958666e-188
6.310281028102810978e+02 1.530052085636235911e-187
6.310781078107810345e+02 8.793408668560526361e-187
6.311281128112810848e+02 5.036198602310031536e-186
6.311781178117811351e+02 2.874372095402774973e-185
6.312281228122811854e+02 1.634849116356435405e-184
6.312781278127812357e+02 9.266311908836151565e-184
6.313281328132812860e+02 5.233963641518467339e-183
6.313781378137813363e+02 2.946110535126081015e-182
6.314281428142813866e+02 1.652577828147981168e-181
6.314781478147814369e+02 9.237817013523776376e-181
6.315281528152814872e+02 5.146018436760848064e-180
6.315781578157815375e+02 2.856721276056194365e-179
6.316281628162815878e+02 1.580370628798364303e-178
6.316781678167816381e+02 8.712535869092402445e-178
6.317281728172816884e+02 4.786573778831779298e-177
6.317781778177817387e+02 2.620592444990970216e-176
6.318281828182817890e+02 1.429778495647418829e-175
6.318781878187818393e+02 7.773786088951391138e-175
6.319281928192818896e+02 4.212025192593547045e-174
6.319781978197819399e+02 2.274279743044231172e-173
6.320282028202819902e+02 1.223746196842027759e-172
6.320782078207820405e+02 6.561956937837255903e-172
6.321282128212820908e+02 3.506468533221958674e-171
6.321782178217821411e+02 1.867243966274287349e-170
6.322282228222821914e+02 9.908929363589810198e-170
6.322782278227822417e+02 5.240188977165641970e-169
6.323282328232822920e+02 2.761605982882003277e-168
6.323782378237823423e+02 1.450344023007571487e-167
6.324282428242823926e+02 7.590578798649204098e-167
6.324782478247824429e+02 3.958888822163850675e-166
6.325282528252824932e+02 2.057625185347522885e-165
6.325782578257825435e+02 1.065746162286839632e-164
6.326282628262825938e+02 5.500926431302762460e-164
6.326782678267826441e+02 2.829517895973139180e-163
6.327282728272826944e+02 1.450386010967400446e-162
6.327782778277827447e+02 7.408824519692090394e-162
6.328282828282827950e+02 3.771460500856618813e-161
6.328782878287828453e+02 1.913217601544136122e-160
6.329282928292828956e+02 9.671942829000540534e-160
6.329782978297829459e+02 4.872564791262745960e-159
6.330283028302829962e+02 2.446223160123361186e-158
6.330783078307830465e+02 1.223852483542624431e-157
6.331283128312830968e+02 6.101781084999200656e-157
6.331783178317831471e+02 3.031647619133132371e-156
6.332283228322831974e+02 1.501050718645788952e-155
6.332783278327832477e+02 7.406389750220463721e-155
6.333283328332832980e+02 3.641768264484099240e-154
6.333783378337833483e+02 1.784483762532741846e-153
6.334283428342833986e+02 8.713797096711251026e-153
6.334783478347834489e+02 4.240302446696441245e-152
6.335283528352834992e+02 2.056273008689463595e-151
6.335783578357835495e+02 9.937090937214313227e-151
6.336283628362835998e+02 4.785554896019386366e-150
6.336783678367836501e+02 2.296676833411198540e-149
6.337283728372837004e+02 1.098403797874675238e-148
6.337783778377837507e+02 5.235024409014902832e-148
6.338283828382838010e+02 2.486393976683003439e-147
6.338783878387838513e+02 1.176835411547910905e-146
6.339283928392839016e+02 5.550806139894661468e-146
6.339783978397839519e+02 2.609101298319147480e-145
6.340284028402840022e+02 1.222138345857902747e-144
6.340784078407840525e+02 5.704851572747029129e-144
6.341284128412841028e+02 2.653767537850063385e-143
6.341784178417841531e+02 1.230200655157600828e-142
6.342284228422842034e+02 5.683077513889657727e-142
6.342784278427842537e+02 2.616289234571158971e-141
6.343284328432843040e+02 1.200279746046766221e-140
6.343784378437843543e+02 5.487490105735963160e-140
6.344284428442844046e+02 2.500112615877362417e-139
6.344784478447844549e+02 1.135115207199127658e-138
6.345284528452845052e+02 5.135879922168676114e-138
6.345784578457845555e+02 2.315710844995912805e-137
6.346284628462846058e+02 1.040515003365424727e-136
6.346784678467846561e+02 4.659152362895938679e-136
6.347284728472847064e+02 2.079026514247025299e-135
6.347784778477847567e+02 9.245016531028135133e-135
6.348284828482848070e+02 4.096848508079038218e-134
6.348784878487848573e+02 1.809200366245050681e-133
6.349284928492849076e+02 7.961923085846375631e-133
6.349784978497849579e+02 3.491755594992575084e-132
6.350285028502850082e+02 1.526034128920860987e-131
6.350785078507850585e+02 6.646288731724595906e-131
6.351285128512851088e+02 2.884620668141299298e-130
6.351785178517851591e+02 1.247649987268454820e-129
6.352285228522852094e+02 5.377635611119712036e-129
6.352785278527852597e+02 2.309853970580303942e-128
6.353285328532853100e+02 9.887175135023805510e-128
6.353785378537853603e+02 4.217494048805521074e-127
6.354285428542854106e+02 1.792797668729141268e-126
6.354785478547854609e+02 7.594560184239521225e-126
6.355285528552855112e+02 3.206036972028197930e-125
6.355785578557855615e+02 1.348742285160307055e-124
6.356285628562856118e+02 5.654366693436827159e-124
6.356785678567856621e+02 2.362291649391034632e-123
6.357285728572857124e+02 9.835073475380729096e-123
6.357785778577857627e+02 4.080526961589101678e-122
6.358285828582858130e+02 1.687133479571683712e-121
6.358785878587858633e+02 6.951478510515845263e-121
6.359285928592859136e+02 2.854299059128769026e-120
6.359785978597859639e+02 1.167928652810122487e-119
6.360286028602860142e+02 4.762420081622348190e-119
6.360786078607860645e+02 1.935234677201228391e-118
6.361286128612861148e+02 7.836716265685387055e-118
6.361786178617861651e+02 3.162489976103969755e-117
6.362286228622862154e+02 1.271799767144939444e-116
6.362786278627862657e+02 5.096861983087469446e-116
6.363286328632863160e+02 2.035548970602151695e-115
6.363786378637863663e+02 8.101301313753422487e-115
6.364286428642864166e+02 3.213087588752905839e-114
6.364786478647864669e+02 1.269944942354311094e-113
6.365286528652865172e+02 5.001977916176998305e-113
6.365786578657865675e+02 1.963329517985496955e-112
6.366286628662866178e+02 7.679610101044633247e-112
6.366786678667866681e+02 2.993502982520514254e-111
6.367286728672867184e+02 1.162826092124464428e-110
6.367786778677867687e+02 4.501366661041851390e-110
6.368286828682868190e+02 1.736475102927721935e-109
6.368786878687868693e+02 6.675553498103123283e-109
6.369286928692869196e+02 2.557411121351774022e-108
6.369786978697869699e+02 9.763563769427733856e-108
6.370287028702870202e+02 3.714588704572835020e-107
6.370787078707870705e+02 1.408340437705383007e-106
6.371287128712871208e+02 5.321071735993484346e-106
6.371787178717871711e+02 2.003480535094505805e-105
6.372287228722872214e+02 7.517365903680204698e-105
6.372787278727872717e+02 2.810870264097740594e-104
6.373287328732873220e+02 1.047394915928675461e-103
6.373787378737873723e+02 3.889328900654235535e-103
6.374287428742874226e+02 1.439240690513827656e-102
6.374787478747874729e+02 5.307460077855073662e-102
6.375287528752875232e+02 1.950448969904192894e-101
6.375787578757875735e+02 7.142939920750412662e-101
6.376287628762876238e+02 2.606837448897281951e-100
6.376787678767876741e+02 9.480810241001185833e-100
6.377287728772877244e+02 3.436145190068094069e-99
6.377787778777877747e+02 1.241058081532108584e-98
6.378287828782878250e+02 4.466910559713207123e-98
6.378787878787878753e+02 1.602200841415121466e-97
6.379287928792879256e+02 5.726921143369922888e-97
6.379787978797879759e+02 2.039952240326564603e-96
6.380288028802880262e+02 7.241246729295059499e-96
6.380788078807880765e+02 2.561540576993869059e-95
6.381288128812881268e+02 9.029915438197441001e-95
6.381788178817881771e+02 3.172200839603196658e-94
6.382288228822882274e+02 1.110534914640699149e-93
6.382788278827882777e+02 3.874345147503075160e-93
6.383288328832883280e+02 1.346973174438364175e-92
6.383788378837883783e+02 4.666745687709490771e-92
6.384288428842884286e+02 1.611253493454165741e-91
6.384788478847884790e+02 5.543807709328124631e-91
6.385288528852885293e+02 1.900846261997313553e-90
6.385788578857885796e+02 6.495018270591208289e-90
6.386288628862886299e+02 2.211608803498428591e-89
6.386788678867886802e+02 7.504656036940390240e-89
6.387288728872887305e+02 2.537744076366160599e-88
6.387788778877887808e+02 8.551836762818094124e-88
6.388288828882888311e+02 2.871874987628898979e-87
6.388788878887888814e+02 9.610947587226480941e-87
6.389288928892889317e+02 3.205246506180819812e-86
6.389788978897889820e+02 1.065249186018147620e-85
6.390289028902890323e+02 3.528056532507959255e-85
6.390789078907890826e+02 1.164432742954365929e-84
6.391289128912891329e+02 3.829903499429165529e-84
6.391789178917891832e+02 1.255323915325425310e-83
6.392289228922892335e+02 4.100325395108783661e-83
6.392789278927892838e+02 1.334674589762530014e-82
6.393289328932893341e+02 4.329392997808655748e-82
6.393789378937893844e+02 1.399500885287168667e-81
6.394289428942894347e+02 4.508311269359801473e-81
6.394789478947894850e+02 1.447268662913416652e-80
6.395289528952895353e+02 4.629978481581553858e-80
6.395789578957895856e+02 1.476057702853039002e-79
6.396289628962896359e+02 4.689453646249721388e-79
6.396789678967896862e+02 1.484689742823495806e-78
6.397289728972897365e+02 4.684289395071845040e-78
6.397789778977897868e+02 1.472808481922025784e-77
6.398289828982898371e+02 4.614699057550227729e-77
6.398789878987898874e+02 1.440903979661414945e-76
6.399289928992899377e+02 4.483542041053213618e-76
6.399789978997899880e+02 1.390279121724431674e-75
6.400290029002900383e+02 4.296128909379607174e-75
6.400790079007900886e+02 1.322961350349929920e-74
6.401290129012901389e+02 4.059864677407911500e-74
6.401790179017901892e+02 1.241567993309643531e-73
6.402290229022902395e+02 3.783763709217555265e-73
6.402790279027902898e+02 1.149137654440892119e-72
6.403290329032903401e+02 3.477880477597418226e-72
6.403790379037903904e+02 1.048942781970611483e-71
6.404290429042904407e+02 3.152706149169670273e-71
6.404790479047904910e+02 9.442994522590874042e-71
6.405290529052905413e+02 2.818581069043039702e-70
6.405790579057904779e+02 8.383895809777040476e-70
6.406290629062905282e+02 2.485168059915533111e-69
6.406790679067905785e+02 7.341084161317610625e-69
6.407290729072906288e+02 2.161022017594370841e-68
6.407790779077906791e+02 6.339466764668073790e-68
6.408290829082907294e+02 1.853279048061050603e-67
6.408790879087907797e+02 5.399125859245431278e-67
6.409290929092908300e+02 1.567475046969117594e-66
6.409790979097908803e+02 4.534948602970447306e-66
6.410291029102909306e+02 1.307490830109526882e-65
6.410791079107909809e+02 3.756639174092636473e-65
6.411291129112910312e+02 1.075610079318274724e-64
6.411791179117910815e+02 3.069055855342317311e-64
6.412291229122911318e+02 8.726684411747267449e-64
6.412791279127911821e+02 2.472796046440895675e-63
6.413291329132912324e+02 6.982675722346788205e-63
6.413791379137912827e+02 1.964943190257191991e-62
6.414291429142913330e+02 5.510267375007766816e-62
6.414791479147913833e+02 1.539890697956616865e-61
6.415291529152914336e+02 4.288462999419538210e-61
6.415791579157914839e+02 1.190167229687253480e-60
6.416291629162915342e+02 3.291613674448635450e-60
6.416791679167915845e+02 9.072025797512635055e-60
6.417291729172916348e+02 2.491691347745456452e-59
6.417791779177916851e+02 6.819911841026248831e-59
6.418291829182917354e+02 1.860192230869811940e-58
6.418791879187917857e+02 5.056283782987547635e-58
6.419291929192918360e+02 1.369618470001285830e-57
6.419791979197918863e+02 3.697109523994116834e-57
6.420292029202919366e+02 9.945338690365902666e-57
6.420792079207919869e+02 2.666069017301504289e-56
6.421292129212920372e+02 7.122258744644846863e-56
6.421792179217920875e+02 1.896088722928590864e-55
6.422292229222921378e+02 5.030302615215488957e-55
6.422792279227921881e+02 1.329915716357358694e-54
6.423292329232922384e+02 3.503875555984715824e-54
6.423792379237922887e+02 9.199575272697294942e-54
6.424292429242923390e+02 2.407029595229979431e-53
6.424792479247923893e+02 6.276096779238410504e-53
6.425292529252924396e+02 1.630768757825761775e-52
6.425792579257924899e+02 4.222694692424979423e-52
6.426292629262925402e+02 1.089636220180255946e-51
6.426792679267925905e+02 2.801998694613419559e-51
6.427292729272926408e+02 7.180403917086317188e-51
6.427792779277926911e+02 1.833683472789475838e-50
6.428292829282927414e+02 4.666533792408145371e-50
6.428792879287927917e+02 1.183474782676702274e-49
6.429292929292928420e+02 2.991011968120593001e-49
6.429792979297928923e+02 7.533067207507607830e-49
6.430293029302929426e+02 1.890688933880501123e-48
6.430793079307929929e+02 4.728929848144538539e-48
6.431293129312930432e+02 1.178691657169323973e-47
6.431793179317930935e+02 2.927737238573635326e-47
6.432293229322931438e+02 7.247004527799658934e-47
6.432793279327931941e+02 1.787637751733059244e-46
6.433293329332932444e+02 4.394354118005637942e-46
6.433793379337932947e+02 1.076477940007555096e-45
6.434293429342933450e+02 2.627905634962003859e-45
6.434793479347933953e+02 6.393062451197106013e-45
6.435293529352934456e+02 1.549896425227973442e-44
6.435793579357934959e+02 3.744475171207462273e-44
6.436293629362935462e+02 9.015167138059627256e-44
6.436793679367935965e+02 2.162973304180936591e-43
6.437293729372936468e+02 5.171578065661058661e-43
6.437793779377936971e+02 1.232223704748079218e-42
6.438293829382937474e+02 2.925840064744574660e-42
6.438793879387937977e+02 6.923188475257323863e-42
6.439293929392938480e+02 1.632511601035791332e-41
6.439793979397938983e+02 3.836197397487015408e-41
6.440294029402939486e+02 8.983388163343485304e-41
6.440794079407939989e+02 2.096398950540128656e-40
6.441294129412940492e+02 4.875310166557646716e-40
6.441794179417940995e+02 1.129861256330514819e-39
6.442294229422941498e+02 2.609411257003247700e-39
6.442794279427942001e+02 6.005573624134383263e-39
6.443294329432942504e+02 1.377402948521395980e-38
6.443794379437943007e+02 3.148198227724301652e-38
6.444294429442943510e+02 7.170636060589083168e-38
6.444794479447944013e+02 1.627600597051492768e-37
6.445294529452944516e+02 3.681565648749987098e-37
6.445794579457945019e+02 8.298733280415991889e-37
6.446294629462945522e+02 1.864170423116763676e-36
6.446794679467946025e+02 4.173053654617754635e-36
6.447294729472946528e+02 9.309296720725303489e-36
6.447794779477947031e+02 2.069542390049102238e-35
6.448294829482947534e+02 4.584862637087774165e-35
6.448794879487948037e+02 1.012215258982416268e-34
6.449294929492948540e+02 2.226968018288223637e-34
6.449794979497949043e+02 4.882582939155857960e-34
6.450295029502949546e+02 1.066792189505667554e-33
6.450795079507950049e+02 2.322761261651689153e-33
6.451295129512950552e+02 5.039922640466887750e-33
6.451795179517951055e+02 1.089777194482212507e-32
6.452295229522951558e+02 2.348259614519463204e-32
6.452795279527952061e+02 5.042536517014099213e-32
6.453295329532952564e+02 1.079062360116932853e-31
6.453795379537953067e+02 2.301116383050704139e-31
6.454295429542953570e+02 4.890183704173438064e-31
6.454795479547954073e+02 1.035634030417359346e-30
6.455295529552954577e+02 2.185656960146937741e-30
6.455795579557955080e+02 4.596764310113831884e-30
6.456295629562955583e+02 9.634230267915807529e-30
6.456795679567956086e+02 2.012224148274825502e-29
6.457295729572956589e+02 4.188227267109767221e-29
6.457795779577957092e+02 8.687177037918789454e-29
6.458295829582957595e+02 1.795649849321003467e-28
6.458795879587958098e+02 3.698785816424656530e-28
6.459295929592958601e+02 7.592612974062364956e-28
6.459795979597959104e+02 1.553166056650197064e-27
6.460296029602959607e+02 3.166205272680184910e-27
6.460796079607960110e+02 6.432129709454025175e-27
6.461296129612960613e+02 1.302162153358710781e-26
6.461796179617961116e+02 2.627059399128158977e-26
6.462296229622961619e+02 5.281645706459879842e-26
6.462796279627962122e+02 1.058188864483852107e-25
6.463296329632962625e+02 2.112767257292757035e-25
6.463796379637963128e+02 4.203728676804118860e-25
6.464296429642963631e+02 8.335127470982129924e-25
6.464796479647964134e+02 1.646964975450606493e-24
6.465296529652964637e+02 3.243030476494270852e-24
6.465796579657965140e+02 6.363737330528035711e-24
6.466296629662965643e+02 1.244422943970472734e-23
6.466796679667966146e+02 2.425036742417664066e-23
6.467296729672966649e+02 4.709374038998072291e-23
6.467796779677967152e+02 9.113865111608428948e-23
6.468296829682967655e+02 1.757666829080991553e-22
6.468796879687968158e+02 3.378042162500683686e-22
6.469296929692968661e+02 6.469759305345952503e-22
6.469796979697969164e+02 1.234825902360746283e-21
6.470297029702969667e+02 2.348647753408825924e-21
6.470797079707970170e+02 4.451686696840364433e-21
6.471297129712970673e+02 8.408641668718651750e-21
6.471797179717971176e+02 1.582783988775024050e-20
6.472297229722971679e+02 2.969012322506169230e-20
6.472797279727972182e+02 5.550050065080881184e-20
6.473297329732972685e+02 1.033894798446613609e-19
6.473797379737973188e+02 1.919333082008474820e-19
6.474297429742973691e+02 3.550740195070323643e-19
6.474797479747974194e+02 6.546090315800207477e-19
6.475297529752974697e+02 1.202651059853620370e-18
6.475797579757975200e+02 2.201870802924858627e-18
6.476297629762975703e+02 4.017339879934747683e-18
6.476797679767976206e+02 7.304321295079129538e-18
6.477297729772976709e+02 1.323474900685140961e-17
6.477797779777977212e+02 2.389714944885545299e-17
6.478297829782977715e+02 4.300025575638433945e-17
6.478797879787978218e+02 7.710641771429910749e-17
6.479297929792978721e+02 1.377858322220919723e-16
6.479797979797979224e+02 2.453653031603023035e-16
6.480298029802979727e+02 4.354279316083090887e-16
6.480798079807980230e+02 7.700412109837917525e-16
6.481298129812980733e+02 1.357082346631617899e-15
6.481798179817981236e+02 2.383378310465642106e-15
6.482298229822981739e+02 4.171327738915367031e-15
6.482798279827982242e+02 7.275288051343809850e-15
6.483298329832982745e+02 1.264505205824990840e-14
6.483798379837983248e+02 2.190209201196404013e-14
6.484298429842983751e+02 3.780464163523775815e-14
6.484798479847984254e+02 6.502782090619413532e-14
6.485298529852984757e+02 1.114673882110346500e-13
6.485798579857985260e+02 1.904105460980928554e-13
6.486298629862985763e+02 3.241370840164374531e-13
6.486798679867986266e+02 5.498712231624466015e-13
6.487298729872986769e+02 9.295822279234574610e-13
6.487798779877987272e+02 1.566062827697534032e-12
6.488298829882987775e+02 2.629208933332303853e-12
6.488798879887988278e+02 4.398813671704063322e-12
6.489298929892988781e+02 7.333994536637264887e-12
6.489798979897989284e+02 1.218541001619880908e-11
6.490299029902989787e+02 2.017596244134897578e-11
6.490799079907990290e+02 3.329069972422843895e-11
6.491299129912990793e+02 5.474016916869678167e-11
6.491799179917991296e+02 8.969823466633784929e-11
6.492299229922991799e+02 1.464725375278503380e-10
6.492799279927992302e+02 2.383543399682928819e-10
6.493299329932992805e+02 3.865311256419166656e-10
6.493799379937993308e+02 6.246552981744164648e-10
6.494299429942993811e+02 1.005983675449579288e-09
6.494799479947994314e+02 1.614492335435172312e-09
6.495299529952994817e+02 2.582115061162671926e-09
6.495799579957995320e+02 4.115378108984240785e-09
6.496299629962995823e+02 6.536397335131841948e-09
6.496799679967996326e+02 1.034574320323395988e-08
6.497299729972996829e+02 1.631847210514709915e-08
6.497799779977997332e+02 2.565026412250128586e-08
6.498299829982997835e+02 4.017896436535882132e-08
6.498799879987998338e+02 6.271915293559541952e-08
6.499299929992998841e+02 9.756547856170897317e-08
6.499799979997999344e+02 1.512469839017178399e-07
6.500300030002999847e+02 2.336532443094078672e-07
6.500800080008000350e+02 3.597091269118187807e-07
6.501300130013000853e+02 5.518558465245494906e-07
6.501800180018001356e+02 8.437123136893486075e-07
6.502300230023001859e+02 1.285457362513860939e-06
6.502800280028002362e+02 1.951711016507205900e-06
6.503300330033002865e+02 2.953030278285509259e-06
6.503800380038003368e+02 4.452611824474879762e-06
6.504300430043003871e+02 6.690465254182592454e-06
6.504800480048004374e+02 1.001826125225077588e-05
6.505300530053004877e+02 1.494937152007791474e-05
6.505800580058005380e+02 2.223044038766242199e-05
6.506300630063005883e+02 3.294334893351439264e-05
6.506800680068006386e+02 4.864990262491286356e-05
6.507300730073006889e+02 7.159632871726346194e-05
6.507800780078007392e+02 1.050011559627868812e-04
6.508300830083007895e+02 1.534588559408912238e-04
6.508800880088008398e+02 2.235035270313889941e-04
6.509300930093008901e+02 3.243929108474447303e-04
6.509800980098009404e+02 4.691944620645419365e-04
6.510301030103009907e+02 6.762837452844825282e-04
6.510801080108010410e+02 9.714032893589410198e-04
6.511301130113010913e+02 1.390479976765339638e-03
6.511801180118011416e+02 1.983464618389035612e-03
6.512301230123011919e+02 2.819543019431679665e-03
6.512801280128012422e+02 3.994179162681400948e-03
6.513301330133012925e+02 5.638595066327901223e-03
6.513801380138013428e+02 7.932476995419570492e-03
6.514301430143013931e+02 1.112093454314281964e-02
6.514801480148014434e+02 1.553704046132407465e-02
6.515301530153014937e+02 2.163166048065535974e-02
6.515801580158015440e+02 3.001276225047437574e-02
6.516301630163015943e+02 4.149699294464886251e-02
6.516801680168016446e+02 5.717706189797515381e-02
6.517301730173016949e+02 7.850938798279265274e-02
6.517801780178017452e+02 1.074276060061034599e-01
6.518301830183017955e+02 1.464889116927324819e-01
6.518801880188018458e+02 1.990619051717929244e-01
6.519301930193018961e+02 2.695666173769524776e-01
6.519801980198019464e+02 3.637798257827753456e-01
6.520302030203019967e+02 4.892216423218143095e-01
6.520802080208020470e+02 6.556427463215368512e-01
6.521302130213020973e+02 8.756355984902445266e-01
6.521802180218021476e+02 1.165397565977815963e+00
6.522302230223021979e+02 1.545679165687292578e+00
6.522802280228022482e+02 2.042956636270521376e+00
6.523302330233022985e+02 2.690874807068381891e+00
6.523802380238023488e+02 3.532013752498341486e+00
6.524302430243023991e+02 4.620040983085140773e+00
6.524802480248024494e+02 6.022319873471291274e+00
6.525302530253024997e+02 7.823054562103465948e+00
6.525802580258025500e+02 1.012706152043565844e+01
6.526302630263026003e+02 1.306426815927713214e+01
6.526802680268026506e+02 1.679504891782908871e+01
6.527302730273027009e+02 2.151651888180104777e+01
6.527802780278027512e+02 2.746991361955754485e+01
6.528302830283028015e+02 3.494919102469310701e+01
6.528802880288028518e+02 4.431099581640548024e+01
6.529302930293029021e+02 5.598612917237959863e+01
6.529802980298029524e+02 7.049266384320505097e+01
6.530303030303030027e+02 8.845083801647936639e+01
6.530803080308030530e+02 1.105998480764797307e+02
6.531303130313031033e+02 1.378166401002061150e+02
6.531803180318031536e+02 1.711367712802774008e+02
6.532303230323032039e+02 2.117773743301595459e+02
6.532803280328032542e+02 2.611622092454945800e+02
6.533303330333033045e+02 3.209487266468091775e+02
6.533803380338033548e+02 3.930569946096216540e+02
6.534303430343034051e+02 4.797002559923777198e+02
6.534803480348034554e+02 5.834167857819054461e+02
6.535303530353035057e+02 7.071026083497048376e+02
6.535803580358035560e+02 8.540445137789114369e+02
6.536303630363036063e+02 1.027952682264192163e+03
6.536803680368036567e+02 1.232992088417201558e+03
6.537303730373037070e+02 1.473811716327204294e+03
6.537803780378037573e+02 1.755570475449459764e+03
6.538303830383038076e+02 2.083958571667468732e+03
6.538803880388038579e+02 2.465212962835388225e+03
6.539303930393039082e+02 2.906125420107679929e+03
6.539803980398039585e+02 3.414041632352046236e+03
6.540304030403040088e+02 3.996849738288146455e+03
6.540804080408040591e+02 4.662956657263299348e+03
6.541304130413041094e+02 5.421250622251928689e+03
6.541804180418041597e+02 6.281048404829331957e+03
6.542304230423042100e+02 7.252025867838494378e+03
6.542804280428042603e+02 8.344130692400754924e+03
6.543304330433043106e+02 9.567476405414128749e+03
6.543804380438043609e+02 1.093221718336901540e+04
6.544304430443044112e+02 1.244840332747363391e+04
6.544804480448044615e+02 1.412581779032171653e+04
6.545304530453045118e+02 1.597379467929829661e+04
6.545804580458045621e+02 1.800102125711955159e+04
6.546304630463046124e+02 2.021532559265090822e+04
6.546804680468046627e+02 2.262345266962245660e+04
6.547304730473047130e+02 2.523083241831430860e+04
6.547804780478047633e+02 2.804134377441734250e+04
6.548304830483048136e+02 3.105707946676119900e+04
6.548804880488048639e+02 3.427811676677752985e+04
6.549304930493049142e+02 3.770229987225608056e+04
6.549804980498049645e+02 4.132503992141617346e+04
6.550305030503050148e+02 4.513913881729444984e+04
6.550805080508050651e+02 4.913464306624235905e+04
6.551305130513051154e+02 5.329873368089760334e+04
6.551805180518051657e+02 5.761565785501218488e+04
6.552305230523052160e+02 6.206670757831496303e+04
6.552805280528052663e+02 6.663024962394131580e+04
6.553305330533053166e+02 7.128181041570162051e+04
6.553805380538053669e+02 7.599421818179298134e+04
6.554305430543054172e+02 8.073780354712357803e+04
6.554805480548054675e+02 8.548065833702341479e+04
6.555305530553055178e+02 9.018895089613822347e+04
6.555805580558055681e+02 9.482729470877913991e+04
6.556305630563056184e+02 9.935916558639626601e+04
6.556805680568056687e+02 1.037473612125658838e+05
6.557305730573057190e+02 1.079544954555600852e+05
6.557805780578057693e+02 1.119435186222069169e+05
6.558305830583058196e+02 1.156782537807672779e+05
6.558805880588058699e+02 1.191239384668820858e+05
6.559305930593059202e+02 1.222477605408611853e+05
6.559805980598059705e+02 1.250193767143124569e+05
6.560306030603060208e+02 1.274114023276048829e+05
6.560806080608060711e+02 1.293998613448026736e+05
6.561306130613061214e+02 1.309645862363673514e+05
6.561806180618061717e+02 1.320895584277682356e+05
6.562306230623062220e+02 1.327631812789153191e+05
6.562806280628062723e+02 1.329784790895932820e+05
6.563306330633063226e+02 1.327332173553879547e+05
6.563806380638063729e+02 1.320299413750768290e+05
6.564306430643064232e+02 1.308759322766869736e+05
6.564806480648064735e+02 1.292830815245986887e+05
6.565306530653065238e+02 1.272676869322878047e+05
6.565806580658065741e+02 1.248501750738943228e+05
6.566306630663066244e+02 1.220547567056646949e+05
6.566806680668066747e+02 1.189090233239881636e+05
6.567306730673067250e+02 1.154434942563314107e+05
6.567806780678067753e+02 1.116911246700662596e+05
6.568306830683068256e+02 1.076867855674190359e+05
6.568806880688068759e+02 1.034667271989454312e+05
6.569306930693069262e+02 9.906803737063995504e+04
6.569806980698069765e+02 9.452810584961260611e+04
6.570307030703070268e+02 8.988410550910398888e+04
6.570807080708070771e+02 8.517250002364916145e+04
6.571307130713071274e+02 8.042858686548861442e+04
6.571807180718071777e+02 7.568608310613739013e+04
6.572307230723072280e+02 7.097676013901201077e+04
6.572807280728072783e+02 6.633013195927745255e+04
6.573307330733073286e+02 6.177320011522249843e+04
6.573807380738073789e+02 5.733025692976549908e+04
6.574307430743074292e+02 5.302274712635534524e+04
6.574807480748074795e+02 4.886918662126350682e+04
6.575307530753075298e+02 4.488513599903908471e+04
6.575807580758075801e+02 4.108322509807423194e+04
6.576307630763076304e+02 3.747322421996173944e+04
6.576807680768076807e+02 3.406215675334319531e+04
6.577307730773077310e+02 3.085444747659885979e+04
6.577807780778077813e+02 2.785210047336028583e+04
6.578307830783078316e+02 2.505490045336879120e+04
6.578807880788078819e+02 2.246063130599025681e+04
6.579307930793079322e+02 2.006530590742096683e+04
6.579807980798079825e+02 1.786340153438182097e+04
6.580308030803080328e+02 1.584809568350873633e+04
6.580808080808080831e+02 1.401149763190567683e+04
6.581308130813081334e+02 1.234487167526588382e+04
6.581808180818081837e+02 1.083884862098382109e+04
6.582308230823082340e+02 9.483622771563195784e+03
6.582808280828082843e+02 8.269132287227019333e+03
6.583308330833083346e+02 7.185221447387507396e+03
6.583808380838083849e+02 6.221783922914152754e+03
6.584308430843084352e+02 5.368886712466988683e+03
6.584808480848084855e+02 4.616874877259782807e+03
6.585308530853085358e+02 3.956457623329457419e+03
6.585808580858085861e+02 3.378776625497778241e+03
6.586308630863086364e+02 2.875457762166870452e+03
6.586808680868086867e+02 2.438647636663757112e+03
6.587308730873087370e+02 2.061036402751052265e+03
6.587808780878087873e+02 1.735868494399630890e+03
6.588308830883088376e+02 1.456942889350843870e+03
6.588808880888088879e+02 1.218604519499996741e+03
6.589308930893089382e+02 1.015728386207812605e+03
6.589808980898089885e+02 8.436978528527786239e+02
6.590309030903090388e+02 6.983784776225520545e+02
6.590809080908090891e+02 5.760886236208075388e+02
6.591309130913091394e+02 4.735679471471864304e+02
6.591809180918091897e+02 3.879447240789987745e+02
6.592309230923092400e+02 3.167028334352309571e+02
6.592809280928092903e+02 2.576490804017418554e+02
6.593309330933093406e+02 2.088814114874308530e+02
6.593809380938093909e+02 1.687584544271927314e+02
6.594309430943094412e+02 1.358707065866299217e+02
6.594809480948094915e+02 1.090135989445603144e+02
6.595309530953095418e+02 8.716257865792168502e+01
6.595809580958095921e+02 6.945028170294283143e+01
6.596309630963096424e+02 5.514580770881565286e+01
6.596809680968096927e+02 4.363606113504883410e+01
6.597309730973097430e+02 3.440908545977596589e+01
6.597809780978097933e+02 2.703928897456261282e+01
6.598309830983098436e+02 2.117444097925799440e+01
6.598809880988098939e+02 1.652430447586476703e+01
6.599309930993099442e+02 1.285076473449703727e+01
6.599809980998099945e+02 9.959311265603673746e+00
6.600310031003100448e+02 7.691732780472073649e+00
6.600810081008100951e+02 5.919889753897203732e+00
6.601310131013101454e+02 4.540436422745204759e+00
6.601810181018101957e+02 3.470372775748657102e+00
6.602310231023102460e+02 2.643316735348336444e+00
6.602810281028102963e+02 2.006396827030373586e+00
6.603310331033103466e+02 1.517675796144720035e+00
6.603810381038103969e+02 1.144025573410583974e+00
6.604310431043104472e+02 8.593834906774470150e-01
6.604810481048104975e+02 6.433285554943861673e-01
6.605310531053105478e+02 4.799248086570134242e-01
6.605810581058105981e+02 3.567862597644386735e-01
6.606310631063106484e+02 2.643246040146066123e-01
6.606810681068106987e+02 1.951468783895610459e-01
6.607310731073107490e+02 1.435754466148292385e-01
6.607810781078107993e+02 1.052672535283257771e-01
6.608310831083108496e+02 7.691321356955596600e-02
6.608810881088108999e+02 5.600195283132998469e-02
6.609310931093109502e+02 4.063496916486228350e-02
6.609810981098110005e+02 2.938266925696203860e-02
6.610311031103110508e+02 2.117274210072436422e-02
6.610811081108111011e+02 1.520398797508930484e-02
6.611311131113111514e+02 1.088008971071724625e-02
6.611811181118112017e+02 7.758932686623646463e-03
6.612311231123112520e+02 5.513990847232710935e-03
6.612811281128113023e+02 3.905032445117309452e-03
6.613311331133113526e+02 2.755991039543399974e-03
6.613811381138114029e+02 1.938320124531067203e-03
6.614311431143114532e+02 1.358525383263170083e-03
6.614811481148115035e+02 9.488652870723042042e-04
6.615311531153115538e+02 6.604438635025747066e-04
6.615811581158116041e+02 4.581016000553175382e-04
6.616311631163116544e+02 3.166520157478453596e-04
6.616811681168117047e+02 2.181208865913527748e-04
6.617311731173117550e+02 1.497293021684313922e-04
6.617811781178118054e+02 1.024261610704257805e-04
6.618311831183118557e+02 6.982477417476764213e-05
6.618811881188119060e+02 4.743541810120853718e-05
6.619311931193119563e+02 3.211370953176160761e-05
6.619811981198120066e+02 2.166570202256782449e-05
6.620312031203120569e+02 1.456631192368123465e-05
6.620812081208121072e+02 9.759352273357478486e-06
6.621312131213121575e+02 6.516087872832254142e-06
6.621812181218122078e+02 4.335582145167458805e-06
6.622312231223122581e+02 2.874765702120281940e-06
6.622812281228123084e+02 1.899555729239053254e-06
6.623312331233123587e+02 1.250823906092792308e-06
6.623812381238124090e+02 8.207952897865439967e-07
6.624312431243124593e+02 5.367450982688014501e-07
6.624812481248125096e+02 3.497807200362863263e-07
6.625312531253125599e+02 2.271528534954824496e-07
6.625812581258126102e+02 1.470060048798252728e-07
6.626312631263126605e+02 9.480833122216437469e-08
6.626812681268127108e+02 6.093298845206151362e-08
6.627312731273127611e+02 3.902590686069664550e-08
6.627812781278128114e+02 2.490852884291776341e-08
6.628312831283128617e+02 1.584301016564570844e-08
6.628812881288129120e+02 1.004203828702828151e-08
6.629312931293129623e+02 6.343085914880947165e-09
6.629812981298130126e+02 3.992766046034779492e-09
6.630313031303130629e+02 2.504619067548066032e-09
6.630813081308131132e+02 1.565683772279885913e-09
6.631313131313131635e+02 9.753510751207936801e-10
6.631813181318132138e+02 6.054976092295842754e-10
6.632313231323132641e+02 3.745919561983579760e-10
6.632813281328133144e+02 2.309399199180460841e-10
6.633313331333133647e+02 1.418842286148616927e-10
6.633813381338134150e+02 8.686879252124300999e-11
6.634313431343134653e+02 5.300147979902131522e-11
6.634813481348135156e+02 3.222602610799038209e-11
6.635313531353135659e+02 1.952630473981837644e-11
6.635813581358136162e+02 1.179038319424035626e-11
6.636313631363136665e+02 7.094639398584597245e-12
6.636813681368137168e+02 4.254291866776938473e-12
6.637313731373137671e+02 2.542253099850362471e-12
6.637813781378138174e+02 1.513926665869192952e-12
6.638313831383138677e+02 8.984324727059353914e-13
6.638813881388139180e+02 5.313254166876531421e-13
6.639313931393139683e+02 3.131340473037986996e-13
6.639813981398140186e+02 1.839054248104328424e-13
6.640314031403140689e+02 1.076349560782448747e-13
6.640814081408141192e+02 6.277788565093103157e-14
6.641314131413141695e+02 3.648837984704296192e-14
6.641814181418142198e+02 2.113474561596228303e-14
6.642314231423142701e+02 1.219927491641080025e-14
6.642814281428143204e+02 7.017227568955911315e-15
6.643314331433143707e+02 4.022459243180663926e-15
6.643814381438144210e+02 2.297800358040583422e-15
6.644314431443144713e+02 1.308059448251888277e-15
6.644814481448145216e+02 7.420569216539134821e-16
6.645314531453145719e+02 4.195092174849775047e-16
6.645814581458146222e+02 2.363416938604717374e-16
6.646314631463146725e+02 1.326886357614840711e-16
6.646814681468147228e+02 7.423721362695792134e-17
6.647314731473147731e+02 4.139083102040456409e-17
6.647814781478148234e+02 2.299752914701712034e-17
6.648314831483148737e+02 1.273364561034193598e-17
6.648814881488149240e+02 7.026173806186658545e-18
6.649314931493149743e+02 3.863487998671810894e-18
6.649814981498150246e+02 2.117067939186542861e-18
6.650315031503150749e+02 1.156071172740851251e-18
6.650815081508151252e+02 6.291133448337827686e-19
6.651315131513151755e+02 3.411675935569813668e-19
6.651815181518152258e+02 1.843746444021067124e-19
6.652315231523152761e+02 9.929540881088554076e-20
6.652815281528153264e+02 5.329073247588565437e-20
6.653315331533153767e+02 2.850156844771984698e-20
6.653815381538154270e+02 1.519079067467074170e-20
6.654315431543154773e+02 8.068383778692624890e-21
6.654815481548155276e+02 4.270583962322511768e-21
6.655315531553155779e+02 2.252591966515856304e-21
6.655815581558156282e+02 1.184056281340031460e-21
6.656315631563156785e+02 6.202356286283691385e-22
6.656815681568157288e+02 3.237692677878964436e-22
6.657315731573157791e+02 1.684259807880892072e-22
6.657815781578158294e+02 8.731263519725792638e-23
6.658315831583158797e+02 4.510655463854392290e-23
6.658815881588159300e+02 2.322184727927386530e-23
6.659315931593159803e+02 1.191374834662247794e-23
6.659815981598160306e+02 6.091084564032513488e-24
6.660316031603160809e+02 3.103383055742360455e-24
6.660816081608161312e+02 1.575689674730765609e-24
6.661316131613161815e+02 7.972610415803301137e-25
6.661816181618162318e+02 4.019989744389579085e-25
6.662316231623162821e+02 2.019965242169130195e-25
6.662816281628163324e+02 1.011480225950683135e-25
6.663316331633163827e+02 5.047373534553770350e-26
6.663816381638164330e+02 2.509967189887440412e-26
6.664316431643164833e+02 1.243841926634978231e-26
6.664816481648165336e+02 6.142665802870488605e-27
6.665316531653165839e+02 3.023034704237355137e-27
6.665816581658166342e+02 1.482599764883039056e-27
6.666316631663166845e+02 7.246015686758953139e-28
6.666816681668167348e+02 3.529142232909562140e-28
6.667316731673167851e+02 1.712906284270452534e-28
6.667816781678168354e+02 8.285001521658880014e-29
6.668316831683168857e+02 3.993430506744867291e-29
6.668816881688169360e+02 1.918201467915684196e-29
6.669316931693169863e+02 9.181990850298108474e-30
6.669816981698170366e+02 4.379999301755985053e-30
6.670317031703170869e+02 2.082120095832258487e-30
6.670817081708171372e+02 9.863522948030183967e-31
6.671317131713171875e+02 4.656427996845683388e-31
6.671817181718172378e+02 2.190626177892112019e-31
6.672317231723172881e+02 1.027018350444923375e-31
6.672817281728173384e+02 4.798247909833297138e-32
6.673317331733173887e+02 2.233992501360508953e-32
6.673817381738174390e+02 1.036514276378705692e-32
6.674317431743174893e+02 4.792514266038820758e-33
6.674817481748175396e+02 2.208239069456439649e-33
6.675317531753175899e+02 1.013965815116805444e-33
6.675817581758176402e+02 4.639755405293853357e-34
6.676317631763176905e+02 2.115735671196315442e-34
6.676817681768177408e+02 9.614402047554293806e-35
6.677317731773177911e+02 4.353892470898631570e-35
6.677817781778178414e+02 1.964842157352241386e-35
6.678317831783178917e+02 8.836335266238936641e-36
6.678817881788179420e+02 3.960146497532391763e-36
6.679317931793179923e+02 1.768662092128523598e-36
6.679817981798180426e+02 7.871781526720009587e-37
6.680318031803180929e+02 3.491368953350267762e-37
6.680818081808181432e+02 1.543167286326356082e-37
6.681318131813181935e+02 6.797118156707938947e-38
6.681818181818182438e+02 2.983535294481971824e-38
6.682318231823182941e+02 1.305064838977196695e-38
6.682818281828183444e+02 5.688890143231508138e-39
6.683318331833183947e+02 2.471254962688044340e-39
6.683818381838184450e+02 1.069798810245679984e-39
6.684318431843184953e+02 4.615101061246957470e-40
6.684818481848185456e+02 1.984060311123148869e-40
6.685318531853185959e+02 8.500081162678928817e-41
6.685818581858186462e+02 3.628990442936166177e-41
6.686318631863186965e+02 1.543985172493190097e-41
6.686818681868187468e+02 6.546285998087421014e-42
6.687318731873187971e+02 2.765931203886703552e-42
6.687818781878188474e+02 1.164614844714019095e-42
6.688318831883188977e+02 4.886724080913250930e-43
6.688818881888189480e+02 2.043374002982221712e-43
6.689318931893189983e+02 8.514760920588561361e-44
6.689818981898190486e+02 3.535831835279750922e-44
6.690319031903190989e+02 1.463205396246408135e-44
6.690819081908191492e+02 6.034114342258134417e-45
6.691319131913191995e+02 2.479798116499844286e-45
6.691819181918191362e+02 1.015578890194570217e-45
6.692319231923191865e+02 4.144818839221722183e-46
6.692819281928192368e+02 1.685745427725737245e-46
6.693319331933192871e+02 6.832395162142812462e-47
6.693819381938193374e+02 2.759615092992777022e-47
6.694319431943193877e+02 1.110755815005545755e-47
6.694819481948194380e+02 4.455364380562768652e-48
6.695319531953194883e+02 1.780911795341989971e-48
6.695819581958195386e+02 7.094080971306371671e-49
6.696319631963195889e+02 2.816076321711137941e-49
6.696819681968196392e+02 1.114005281060370658e-49
6.697319731973196895e+02 4.391618716590334606e-50
6.697819781978197398e+02 1.725267947460896229e-50
6.698319831983197901e+02 6.754341728384918965e-51
6.698819881988198404e+02 2.635142187994000111e-51
6.699319931993198907e+02 1.024518081224529553e-51
6.699819981998199410e+02 3.969444644002232279e-52
6.700320032003199913e+02 1.532619762138349058e-52
6.700820082008200416e+02 5.897034132209943255e-53
6.701320132013200919e+02 2.261139780916845531e-53
6.701820182018201422e+02 8.640039518975476650e-54
6.702320232023201925e+02 3.290020439529774191e-54
6.702820282028202428e+02 1.248463966449506430e-54
6.703320332033202931e+02 4.721151936447594309e-55
6.703820382038203434e+02 1.779157890814626397e-55
6.704320432043203937e+02 6.681524327856666470e-56
6.704820482048204440e+02 2.500524798288690527e-56
6.705320532053204943e+02 9.325697557723066833e-57
6.705820582058205446e+02 3.465979873338565075e-57
6.706320632063205949e+02 1.283705184453278748e-57
6.706820682068206452e+02 4.738044145441289130e-58
6.707320732073206955e+02 1.742719374408787355e-58
6.707820782078207458e+02 6.387786099208792478e-59
6.708320832083207961e+02 2.333285163084984466e-59
6.708820882088208464e+02 8.493365679053847648e-60
6.709320932093208967e+02 3.080962237167331765e-60
6.709820982098209470e+02 1.113749383390932706e-60
6.710321032103209973e+02 4.012205111602970628e-61
6.710821082108210476e+02 1.440367541715160308e-61
6.711321132113210979e+02 5.152975460540701261e-62
6.711821182118211482e+02 1.837119349407509614e-62
6.712321232123211985e+02 6.526964002007457827e-63
6.712821282128212488e+02 2.310891804954099769e-63
6.713321332133212991e+02 8.153471479832150225e-64
6.713821382138213494e+02 2.866817516056248231e-64
6.714321432143213997e+02 1.004504973029518247e-64
6.714821482148214500e+02 3.507508094555378114e-65
6.715321532153215003e+02 1.220505727261744633e-65
6.715821582158215506e+02 4.232290897763641066e-66
6.716321632163216009e+02 1.462533248904978272e-66
6.716821682168216512e+02 5.036519672143541327e-67
6.717321732173217015e+02 1.728422336661709633e-67
6.717821782178217518e+02 5.911038045141231856e-68
6.718321832183218021e+02 2.014522804660720350e-68
6.718821882188218524e+02 6.841875550772079686e-69
6.719321932193219027e+02 2.315648844714726218e-69
6.719821982198219530e+02 7.810247238332541152e-70
6.720322032203220033e+02 2.625133602829607494e-70
6.720822082208220536e+02 8.792909217886598117e-71
6.721322132213221039e+02 2.935001424857759555e-71
6.721822182218221542e+02 9.762894414867145439e-72
6.722322232223222045e+02 3.236260089795907092e-72
6.722822282228222548e+02 1.069061750522655350e-72
6.723322332233223051e+02 3.519303442155078387e-73
6.723822382238223554e+02 1.154529903627075956e-73
6.724322432243224057e+02 3.774402462586750354e-74
6.724822482248224560e+02 1.229662068780355967e-74
6.725322532253225063e+02 3.992251523442592559e-75
6.725822582258225566e+02 1.291649151249597435e-75
6.726322632263226069e+02 4.164527933697123546e-76
6.726822682268226572e+02 1.338078353320407237e-76
6.727322732273227075e+02 4.284418238854215638e-77
6.727822782278227578e+02 1.367088792217468407e-77
6.728322832283228081e+02 4.347065011202626983e-78
6.728822882288228584e+02 1.377495207310896536e-78
6.729322932293229087e+02 4.349893326136344764e-79
6.729822982298229590e+02 1.368868298840424386e-79
6.730323032303230093e+02 4.292786346888236881e-80
6.730823082308230596e+02 1.341564109371009963e-80
6.731323132313231099e+02 4.178093331754996222e-81
6.731823182318231602e+02 1.296699645621875098e-81
6.732323232323232105e+02 4.010469299064723554e-82
6.732823282328232608e+02 1.236077066815942239e-82
6.733323332333233111e+02 3.796561599780988526e-83
6.733823382338233614e+02 1.162063610135856897e-83
6.734323432343234117e+02 3.544572805912269629e-84
6.734823482348234620e+02 1.077438400277136168e-84
6.735323532353235123e+02 3.263739949840053271e-85
6.735823582358235626e+02 9.852199423616464532e-86
6.736323632363236129e+02 2.963776086297218298e-86
6.736823682368236632e+02 8.884891608368899058e-87
6.737323732373237135e+02 2.654320904105881619e-87
6.737823782378237638e+02 7.902222789537575133e-88
6.738323832383238141e+02 2.344442906606429787e-88
6.738823882388238644e+02 6.931458082393070562e-89
6.739323932393239147e+02 2.042227360879312007e-89
6.739823982398239650e+02 5.996227868057215117e-90
6.740324032403240153e+02 1.754473106775328120e-90
6.740824082408240656e+02 5.115756345169808564e-91
6.741324132413241159e+02 1.486508978034012431e-91
6.741824182418241662e+02 4.304470843507891156e-92
6.742324232423242165e+02 1.242128576499422242e-92
6.742824282428242668e+02 3.571970677690772396e-93
6.743324332433243171e+02 1.023631792218615053e-93
6.743824382438243674e+02 2.923305445337078249e-94
6.744324432443244177e+02 8.319537318735875206e-95
6.744824482448244680e+02 2.359493046343102817e-95
6.745324532453245183e+02 6.668570982448629565e-96
6.745824582458245686e+02 1.878198129877769445e-96
6.746324632463246189e+02 5.271625841267874408e-97
6.746824682468246692e+02 1.474491595960084392e-97
6.747324732473247195e+02 4.109931408452196790e-98
6.747824782478247698e+02 1.141619544195333084e-98
6.748324832483248201e+02 3.160114112463880408e-99
6.748824882488248704e+02 8.717233607849509119e-100
6.749324932493249207e+02 2.396343948142489453e-100
6.749824982498249710e+02 6.564689201618500922e-101
6.750325032503250213e+02 1.792147437851233381e-101
6.750825082508250716e+02 4.875597555543865292e-102
6.751325132513251219e+02 1.321832770354615183e-102
6.751825182518251722e+02 3.571245674412197500e-103
6.752325232523252225e+02 9.615181557082509322e-104
6.752825282528252728e+02 2.579822343937745625e-104
6.753325332533253231e+02 6.897896275682369715e-105
6.753825382538253734e+02 1.837968517831678158e-105
6.754325432543254237e+02 4.880384349447424073e-106
6.754825482548254740e+02 1.291411151467474395e-106
6.755325532553255243e+02 3.405411417096200240e-107
6.755825582558255746e+02 8.948890461173580768e-108
6.756325632563256249e+02 2.343491299524376707e-108
6.756825682568256752e+02 6.115782724028406352e-109
6.757325732573257255e+02 1.590505953384893972e-109
6.757825782578257758e+02 4.122048517650881646e-110
6.758325832583258261e+02 1.064597515687826322e-110
6.758825882588258764e+02 2.740011253218767586e-111
6.759325932593259267e+02 7.027709378128220519e-112
6.759825982598259770e+02 1.796262442613663251e-112
6.760326032603260273e+02 4.575307992083031729e-113
6.760826082608260776e+02 1.161356161212572087e-113
6.761326132613261279e+02 2.937683954116290466e-114
6.761826182618261782e+02 7.405242123464144306e-115
6.762326232623262285e+02 1.860235823699531651e-115
6.762826282628262788e+02 4.656839748902274558e-116
6.763326332633263291e+02 1.161740505591474291e-116
6.763826382638263794e+02 2.888161799214574042e-117
6.764326432643264297e+02 7.155310030246816969e-118
6.764826482648264800e+02 1.766566300107908655e-118
6.765326532653265303e+02 4.346362807908334291e-119
6.765826582658265806e+02 1.065654833449774462e-119
6.766326632663266309e+02 2.603764439423227594e-120
6.766826682668266812e+02 6.339884888877618595e-121
6.767326732673267315e+02 1.538351583110690931e-121
6.767826782678267818e+02 3.719841043033349135e-122
6.768326832683268321e+02 8.963708193889886912e-123
6.768826882688268824e+02 2.152512028457543214e-123
6.769326932693269328e+02 5.151076656912037779e-124
6.769826982698269831e+02 1.228414652037587902e-124
6.770327032703270334e+02 2.919352327215464293e-125
6.770827082708270837e+02 6.913891893200516630e-126
6.771327132713271340e+02 1.631748440520318364e-126
6.771827182718271843e+02 3.837764992830680330e-127
6.772327232723272346e+02 8.994936393807986225e-128
6.772827282728272849e+02 2.100933786226199815e-128
6.773327332733273352e+02 4.890138761924898833e-129
6.773827382738273855e+02 1.134291164717541009e-129
6.774327432743274358e+02 2.621938282674947626e-130
6.774827482748274861e+02 6.039693907465499350e-131
6.775327532753275364e+02 1.386442754202243639e-131
6.775827582758275867e+02 3.171637211955659663e-132
6.776327632763276370e+02 7.230354914003271736e-133
6.776827682768276873e+02 1.642594166143518366e-133
6.777327732773277376e+02 3.718737173778098495e-134
6.777827782778277879e+02 8.389870225522130609e-135
6.778327832783278382e+02 1.886294724876091550e-135
6.778827882788278885e+02 4.226281358203808709e-136
6.779327932793279388e+02 9.436301553288442481e-137
6.779827982798279891e+02 2.099615474402473128e-137
6.780328032803280394e+02 4.655563640117133066e-138
6.780828082808280897e+02 1.028725059872910322e-138
6.781328132813281400e+02 2.265274937698487254e-139
6.781828182818281903e+02 4.970923386974857860e-140
6.782328232823282406e+02 1.087045614570151174e-140
6.782828282828282909e+02 2.368934298196727646e-141
6.783328332833283412e+02 5.144614202211380023e-142
6.783828382838283915e+02 1.113389593363584186e-142
6.784328432843284418e+02 2.401242669638504502e-143
6.784828482848284921e+02 5.160829310033427972e-144
6.785328532853285424e+02 1.105344075053477972e-144
6.785828582858285927e+02 2.359228624400660464e-145
6.786328632863286430e+02 5.018074665109121225e-146
6.786828682868285796e+02 1.063650033458771615e-146
6.787328732873286299e+02 2.246751012781189329e-147
6.787828782878286802e+02 4.729396037023488959e-148
6.788328832883287305e+02 9.920897646386690294e-149
6.788828882888287808e+02 2.073914289420675872e-149
6.789328932893288311e+02 4.320412239691622968e-150
6.789828982898288814e+02 8.969208514559978223e-151
6.790329032903289317e+02 1.855571110118088214e-151
6.790829082908289820e+02 3.825565418223567298e-152
6.791329132913290323e+02 7.859740591887684912e-153
6.791829182918290826e+02 1.609219702017040398e-153
6.792329232923291329e+02 3.283348777395105353e-154
6.792829282928291832e+02 6.675952608756755733e-155
6.793329332933292335e+02 1.352707881544746513e-155
6.793829382938292838e+02 2.731425407055836761e-156
6.794329432943293341e+02 5.496284669541660762e-157
6.794829482948293844e+02 1.102157449305857849e-157
6.795329532953294347e+02 2.202483236024105241e-158
6.795829582958294850e+02 4.386075787603460272e-159
6.796329632963295353e+02 8.704307011479765278e-160
6.796829682968295856e+02 1.721419898186174480e-160
6.797329732973296359e+02 3.392610373743701945e-161
6.797829782978296862e+02 6.663090340612098965e-162
6.798329832983297365e+02 1.304103217760304174e-162
6.798829882988297868e+02 2.543564648233386306e-163
6.799329932993298371e+02 4.943882529898108025e-164
6.799829982998298874e+02 9.576086376620184627e-165
6.800330033003299377e+02 1.848427901362199211e-165
6.800830083008299880e+02 3.555588763147668792e-166
6.801330133013300383e+02 6.815772462931116590e-167
6.801830183018300886e+02 1.302006615971293076e-167
6.802330233023301389e+02 2.478596587804930279e-168
6.802830283028301892e+02 4.702112903590295017e-169
6.803330333033302395e+02 8.889448273845331515e-170
6.803830383038302898e+02 1.674754334465890940e-170
6.804330433043303401e+02 3.144285425803713836e-171
6.804830483048303904e+02 5.882844431437906938e-172
6.805330533053304407e+02 1.096850187889763522e-172
6.805830583058304910e+02 2.037988894217018126e-173
6.806330633063305413e+02 3.773556536050509346e-174
6.806830683068305916e+02 6.962968941578188431e-175
6.807330733073306419e+02 1.280361492074894546e-175
6.807830783078306922e+02 2.346201449438054368e-176
6.808330833083307425e+02 4.284424977847843683e-177
6.808830883088307928e+02 7.796763039791922911e-178
6.809330933093308431e+02 1.413939011054966824e-178
6.809830983098308934e+02 2.555298073950585940e-179
6.810331033103309437e+02 4.602004162923154658e-180
6.810831083108309940e+02 8.259371403833267897e-181
6.811331133113310443e+02 1.477207599423641252e-181
6.811831183118310946e+02 2.632877296746304706e-182
6.812331233123311449e+02 4.676428030182158154e-183
6.812831283128311952e+02 8.277371345859322848e-184
6.813331333133312455e+02 1.460041406778760253e-184
6.813831383138312958e+02 2.566447914403834059e-185
6.814331433143313461e+02 4.495668562328277681e-186
6.814831483148313964e+02 7.847849502225000024e-187
6.815331533153314467e+02 1.365216709161221860e-187
6.815831583158314970e+02 2.366721047636278959e-188
6.816331633163315473e+02 4.088717452162439215e-189
6.816831683168315976e+02 7.039173599572202440e-190
6.817331733173316479e+02 1.207677014987059900e-190
6.817831783178316982e+02 2.064783278674284979e-191
6.818331833183317485e+02 3.517974581448921883e-192
6.818831883188317988e+02 5.973178165267991630e-193
6.819331933193318491e+02 1.010677947007204632e-193
6.819831983198318994e+02 1.704176840687401124e-194
6.820332033203319497e+02 2.863591585342919877e-195
6.820832083208320000e+02 4.795148320443675111e-196
6.821332133213320503e+02 8.001797589614914436e-197
6.821832183218321006e+02 1.330661607723323580e-197
6.822332233223321509e+02 2.205170840594013117e-198
6.822832283228322012e+02 3.641760695057015030e-199
6.823332333233322515e+02 5.993425572114565685e-200
6.823832383238323018e+02 9.829544149515657627e-201
6.824332433243323521e+02 1.606520189279182328e-201
6.824832483248324024e+02 2.616577163821441378e-202
6.825332533253324527e+02 4.246933441704900606e-203
6.825832583258325030e+02 6.869290954493833261e-204
6.826332633263325533e+02 1.107242934184287300e-204
6.826832683268326036e+02 1.778559801754381840e-205
6.827332733273326539e+02 2.847007269807734321e-206
6.827832783278327042e+02 4.541540890935804810e-207
6.828332833283327545e+02 7.219588267187815422e-208
6.828832883288328048e+02 1.143710691854952909e-208
6.829332933293328551e+02 1.805570625339501533e-209
6.829832983298329054e+02 2.840581989614234025e-210
6.830333033303329557e+02 4.453430986462929770e-211
6.830833083308330060e+02 6.957875812030780604e-212
6.831333133313330563e+02 1.083311038092394902e-212
6.831833183318331066e+02 1.680831631991416967e-213
6.832333233323331569e+02 2.598901416340889329e-214
6.832833283328332072e+02 4.004515213950320454e-215
6.833333333333332575e+02 6.149002067856385493e-216
6.833833383338333078e+02 9.409225549220720002e-217
6.834333433343333581e+02 1.434820814336247682e-217
6.834833483348334084e+02 2.180399160462419463e-218
6.835333533353334587e+02 3.301937838224990960e-219
6.835833583358335090e+02 4.983062437552668755e-220
6.836333633363335593e+02 7.494079806378967719e-221
6.836833683368336096e+02 1.123142463979583388e-221
6.837333733373336599e+02 1.677435887288238575e-222
6.837833783378337102e+02 2.496614921187831378e-223
6.838333833383337605e+02 3.702983205540858673e-224
6.838833883388338108e+02 5.473264948733139821e-225
6.839333933393338611e+02 8.061869250489461131e-226
6.839833983398339115e+02 1.183367336933804561e-226
6.840334033403339618e+02 1.731003532574129635e-227
6.840834083408340121e+02 2.523311572571084303e-228
6.841334133413340624e+02 3.665543297354518018e-229
6.841834183418341127e+02 5.306404797878466201e-230
6.842334233423341630e+02 7.655207183777703882e-231
6.842834283428342133e+02 1.100545671996565717e-231
6.843334333433342636e+02 1.576716964106644237e-232
6.843834383438343139e+02 2.251095704579448733e-233
6.844334433443343642e+02 3.202791942291987478e-234
6.844834483448344145e+02 4.541068406133227654e-235
6.845334533453344648e+02 6.416259347211900714e-236
6.845834583458345151e+02 9.034421002227660020e-237
6.846334633463345654e+02 1.267690653833985430e-237
6.846834683468346157e+02 1.772641045370930936e-238
6.847334733473346660e+02 2.470147361729220948e-239
6.847834783478347163e+02 3.430200242767142696e-240
6.848334833483347666e+02 4.746906012115306928e-241
6.848834883488348169e+02 6.546306591499240937e-242
6.849334933493348672e+02 8.996562444784997649e-243
6.849834983498349175e+02 1.232115454754238894e-243
6.850335033503349678e+02 1.681592494858696095e-244
6.850835083508350181e+02 2.287097423427760374e-245
6.851335133513350684e+02 3.099867407038367827e-246
6.851835183518351187e+02 4.186934047709765654e-247
6.852335233523351690e+02 5.635645555323333504e-248
6.852835283528352193e+02 7.559372929559732340e-249
6.853335333533352696e+02 1.010467663695267542e-249
6.853835383538353199e+02 1.346026524251674818e-250
6.854335433543353702e+02 1.786814075255761415e-251
6.854835483548354205e+02 2.363739761397475407e-252
6.855335533553354708e+02 3.116122380077604872e-253
6.855835583558355211e+02 4.093774337081931094e-254
6.856335633563355714e+02 5.359544014338924021e-255
6.856835683568356217e+02 6.992401115957424477e-256
6.857335733573356720e+02 9.091161523918678047e-257
6.857835783578357223e+02 1.177896044841133358e-257
6.858335833583357726e+02 1.520859524602104917e-258
6.858835883588358229e+02 1.956887185640259256e-259
6.859335933593358732e+02 2.509210092522274096e-260
6.859835983598359235e+02 3.206290077148707342e-261
6.860336033603359738e+02 4.082847372871447771e-262
6.860836083608360241e+02 5.181052921538039368e-263
6.861336133613360744e+02 6.551903020790173911e-264
6.861836183618361247e+02 8.256793850369169049e-265
6.862336233623361750e+02 1.036931270515829455e-265
6.862836283628362253e+02 1.297726133675364644e-266
6.863336333633362756e+02 1.618492452414464489e-267
6.863836383638363259e+02 2.011559371359036761e-268
6.864336433643363762e+02 2.491435114522469169e-269
6.864836483648364265e+02 3.075111418433183662e-270
6.865336533653364768e+02 3.782393247931923381e-271
6.865836583658365271e+02 4.636252198071847496e-272
6.866336633663365774e+02 5.663200971592253891e-273
6.866836683668366277e+02 6.893685150658456528e-274
6.867336733673366780e+02 8.362487158138614527e-275
6.867836783678367283e+02 1.010913583841499856e-275
6.868336833683367786e+02 1.217831349944710356e-276
6.868836883688368289e+02 1.462025057395866403e-277
6.869336933693368792e+02 1.749109631551895582e-278
6.869836983698369295e+02 2.085325219217036854e-279
6.870337033703369798e+02 2.477565293357085870e-280
6.870837083708370301e+02 2.933397859514210740e-281
6.871337133713370804e+02 3.461077960097305163e-282
6.871837183718371307e+02 4.069549560071791798e-283
6.872337233723371810e+02 4.768434821523568425e-284
6.872837283728372313e+02 5.568008744404383051e-285
6.873337333733372816e+02 6.479157175939366720e-286
6.873837383738373319e+02 7.513316280517174096e-287
6.874337433743373822e+02 8.682391723654614941e-288
6.874837483748374325e+02 9.998656064499547850e-289
6.875337533753374828e+02 1.147462317645392411e-289
6.875837583758375331e+02 1.312289892740705374e-290
6.876337633763375834e+02 1.495600784982157501e-291
6.876837683768376337e+02 1.698619611295722337e-292
6.877337733773376840e+02 1.922521176818948348e-293
6.877837783778377343e+02 2.168406396258852497e-294
6.878337833783377846e+02 2.437276359123126878e-295
6.878837883788378349e+02 2.730004866623267487e-296
6.879337933793378852e+02 3.047309849788878700e-297
6.879837983798379355e+02 3.389724158498765901e-298
6.880338033803379858e+02 3.757566286883753103e-299
6.880838083808380361e+02 4.150911668849214001e-300
6.881338133813380864e+02 4.569565235202385916e-301
6.881838183818381367e+02 5.013035967954342220e-302
6.882338233823381870e+02 5.480514214814397575e-303
6.882838283828382373e+02 5.970852535110684405e-304
6.883338333833382876e+02 6.482550835042066035e-305
6.883838383838383379e+02 7.013746513673201246e-306
6.884338433843383882e+02 7.562210280321321930e-307
6.884838483848384385e+02 8.125348218862215998e-308
6.885338533853384888e+02 8.700210565011427573e-309
6.885838583858385391e+02 9.283507532063833103e-310
6.886338633863385894e+02 9.871632383777084477e-311
6.886838683868386397e+02 1.046069161086027235e-311
6.887338733873386900e+02 1.104654571846727025e-312
6.887838783878387403e+02 1.162486532512834948e-313
6.888338833883387906e+02 1.219133260959043790e-314
6.888838883888388409e+02 1.273927245308423669e-315
6.889338933893388912e+02 1.327144414702510398e-316
6.889838983898389415e+02 1.379704501490910561e-317
6.890339033903389918e+02 1.314002169710004071e-318
6.890839083908390421e+02 0.000000000000000000e+00
6.891339133913390924e+02 0.000000000000000000e+00
6.891839183918391427e+02 0.000000000000000000e+00
6.892339233923391930e+02 0.000000000000000000e+00
6.892839283928392433e+02 0.000000000000000000e+00
6.893339333933392936e+02 0.000000000000000000e+00
6.893839383938393439e+02 0.000000000000000000e+00
6.894339433943393942e+02 0.000000000000000000e+00
6.894839483948394445e+02 0.000000000000000000e+00
6.895339533953394948e+02 0.000000000000000000e+00
6.895839583958395451e+02 0.000000000000000000e+00
6.896339633963395954e+02 0.000000000000000000e+00
6.896839683968396457e+02 0.000000000000000000e+00
6.897339733973396960e+02 0.000000000000000000e+00
6.897839783978397463e+02 0.000000000000000000e+00
6.898339833983397966e+02 0.000000000000000000e+00
6.898839883988398469e+02 0.000000000000000000e+00
6.899339933993398972e+02 0.000000000000000000e+00
6.899839983998399475e+02 0.000000000000000000e+00
6.900340034003399978e+02 0.000000000000000000e+00
6.900840084008400481e+02 0.000000000000000000e+00
6.901340134013400984e+02 0.000000000000000000e+00
6.901840184018401487e+02 0.000000000000000000e+00
6.902340234023401990e+02 0.000000000000000000e+00
6.902840284028402493e+02 0.000000000000000000e+00
6.903340334033402996e+02 0.000000000000000000e+00
6.903840384038403499e+02 0.000000000000000000e+00
6.904340434043404002e+02 0.000000000000000000e+00
6.904840484048404505e+02 0.000000000000000000e+00
6.905340534053405008e+02 0.000000000000000000e+00
6.905840584058405511e+02 0.000000000000000000e+00
6.906340634063406014e+02 0.000000000000000000e+00
6.906840684068406517e+02 0.000000000000000000e+00
6.907340734073407020e+02 0.000000000000000000e+00
6.907840784078407523e+02 0.000000000000000000e+00
6.908340834083408026e+02 0.000000000000000000e+00
6.908840884088408529e+02 0.000000000000000000e+00
6.909340934093409032e+02 0.000000000000000000e+00
6.909840984098409535e+02 0.000000000000000000e+00
6.910341034103410038e+02 0.000000000000000000e+00
6.910841084108410541e+02 0.000000000000000000e+00
6.911341134113411044e+02 0.000000000000000000e+00
6.911841184118411547e+02 0.000000000000000000e+00
6.912341234123412050e+02 0.000000000000000000e+00
6.912841284128412553e+02 0.000000000000000000e+00
6.913341334133413056e+02 0.000000000000000000e+00
6.913841384138413559e+02 0.000000000000000000e+00
6.914341434143414062e+02 0.000000000000000000e+00
6.914841484148414565e+02 0.000000000000000000e+00
6.915341534153415068e+02 0.000000000000000000e+00
6.915841584158415571e+02 0.000000000000000000e+00
6.916341634163416074e+02 0.000000000000000000e+00
6.916841684168416577e+02 0.000000000000000000e+00
6.917341734173417080e+02 0.000000000000000000e+00
6.917841784178417583e+02 0.000000000000000000e+00
6.918341834183418086e+02 0.000000000000000000e+00
6.918841884188418589e+02 0.000000000000000000e+00
6.919341934193419092e+02 0.000000000000000000e+00
6.919841984198419595e+02 0.000000000000000000e+00
6.920342034203420098e+02 0.000000000000000000e+00
6.920842084208420601e+02 0.000000000000000000e+00
6.921342134213421105e+02 0.000000000000000000e+00
6.921842184218421608e+02 0.000000000000000000e+00
6.922342234223422111e+02 0.000000000000000000e+00
6.922842284228422614e+02 0.000000000000000000e+00
6.923342334233423117e+02 0.000000000000000000e+00
6.923842384238423620e+02 0.000000000000000000e+00
6.924342434243424123e+02 0.000000000000000000e+00
6.924842484248424626e+02 0.000000000000000000e+00
6.925342534253425129e+02 0.000000000000000000e+00
6.925842584258425632e+02 0.000000000000000000e+00
6.926342634263426135e+02 0.000000000000000000e+00
6.926842684268426638e+02 0.000000000000000000e+00
6.927342734273427141e+02 0.000000000000000000e+00
6.927842784278427644e+02 0.000000000000000000e+00
6.928342834283428147e+02 0.000000000000000000e+00
6.928842884288428650e+02 0.000000000000000000e+00
6.929342934293429153e+02 0.000000000000000000e+00
6.929842984298429656e+02 0.000000000000000000e+00
6.930343034303430159e+02 0.000000000000000000e+00
6.930843084308430662e+02 0.000000000000000000e+00
6.931343134313431165e+02 0.000000000000000000e+00
6.931843184318431668e+02 0.000000000000000000e+00
6.932343234323432171e+02 0.000000000000000000e+00
6.932843284328432674e+02 0.000000000000000000e+00
6.933343334333433177e+02 0.000000000000000000e+00
6.933843384338433680e+02 0.000000000000000000e+00
6.934343434343434183e+02 0.000000000000000000e+00
6.934843484348434686e+02 0.000000000000000000e+00
6.935343534353435189e+02 0.000000000000000000e+00
6.935843584358435692e+02 0.000000000000000000e+00
6.936343634363436195e+02 0.000000000000000000e+00
6.936843684368436698e+02 0.000000000000000000e+00
6.937343734373437201e+02 0.000000000000000000e+00
6.937843784378437704e+02 0.000000000000000000e+00
6.938343834383438207e+02 0.000000000000000000e+00
6.938843884388438710e+02 0.000000000000000000e+00
6.939343934393439213e+02 0.000000000000000000e+00
6.939843984398439716e+02 0.000000000000000000e+00
6.940344034403440219e+02 0.000000000000000000e+00
6.940844084408440722e+02 0.000000000000000000e+00
6.941344134413441225e+02 0.000000000000000000e+00
6.941844184418441728e+02 0.000000000000000000e+00
6.942344234423442231e+02 0.000000000000000000e+00
6.942844284428442734e+02 0.000000000000000000e+00
6.943344334433443237e+02 0.000000000000000000e+00
6.943844384438443740e+02 0.000000000000000000e+00
6.944344434443444243e+02 0.000000000000000000e+00
6.944844484448444746e+02 0.000000000000000000e+00
6.945344534453445249e+02 0.000000000000000000e+00
6.945844584458445752e+02 0.000000000000000000e+00
6.946344634463446255e+02 0.000000000000000000e+00
6.946844684468446758e+02 0.000000000000000000e+00
6.947344734473447261e+02 0.000000000000000000e+00
6.947844784478447764e+02 0.000000000000000000e+00
6.948344834483448267e+02 0.000000000000000000e+00
6.948844884488448770e+02 0.000000000000000000e+00
6.949344934493449273e+02 0.000000000000000000e+00
6.949844984498449776e+02 0.000000000000000000e+00
6.950345034503450279e+02 0.000000000000000000e+00
6.950845084508450782e+02 0.000000000000000000e+00
6.951345134513451285e+02 0.000000000000000000e+00
6.951845184518451788e+02 0.000000000000000000e+00
6.952345234523452291e+02 0.000000000000000000e+00
6.952845284528452794e+02 0.000000000000000000e+00
6.953345334533453297e+02 0.000000000000000000e+00
6.953845384538453800e+02 0.000000000000000000e+00
6.954345434543454303e+02 0.000000000000000000e+00
6.954845484548454806e+02 0.000000000000000000e+00
6.955345534553455309e+02 0.000000000000000000e+00
6.955845584558455812e+02 0.000000000000000000e+00
6.956345634563456315e+02 0.000000000000000000e+00
6.956845684568456818e+02 0.000000000000000000e+00
6.957345734573457321e+02 0.000000000000000000e+00
6.957845784578457824e+02 0.000000000000000000e+00
6.958345834583458327e+02 0.000000000000000000e+00
6.958845884588458830e+02 0.000000000000000000e+00
6.959345934593459333e+02 0.000000000000000000e+00
6.959845984598459836e+02 0.000000000000000000e+00
6.960346034603460339e+02 0.000000000000000000e+00
6.960846084608460842e+02 0.000000000000000000e+00
6.961346134613461345e+02 0.000000000000000000e+00
6.961846184618461848e+02 0.000000000000000000e+00
6.962346234623462351e+02 0.000000000000000000e+00
6.962846284628462854e+02 0.000000000000000000e+00
6.963346334633463357e+02 0.000000000000000000e+00
6.963846384638463860e+02 0.000000000000000000e+00
6.964346434643464363e+02 0.000000000000000000e+00
6.964846484648464866e+02 0.000000000000000000e+00
6.965346534653465369e+02 0.000000000000000000e+00
6.965846584658465872e+02 0.000000000000000000e+00
6.966346634663466375e+02 0.000000000000000000e+00
6.966846684668466878e+02 0.000000000000000000e+00
6.967346734673467381e+02 0.000000000000000000e+00
6.967846784678467884e+02 0.000000000000000000e+00
6.968346834683468387e+02 0.000000000000000000e+00
6.968846884688468890e+02 0.000000000000000000e+00
6.969346934693469393e+02 0.000000000000000000e+00
6.969846984698469896e+02 0.000000000000000000e+00
6.970347034703470399e+02 0.000000000000000000e+00
6.970847084708470902e+02 0.000000000000000000e+00
6.971347134713471405e+02 0.000000000000000000e+00
6.971847184718471908e+02 0.000000000000000000e+00
6.972347234723472411e+02 0.000000000000000000e+00
6.972847284728472914e+02 0.000000000000000000e+00
6.973347334733473417e+02 0.000000000000000000e+00
6.973847384738473920e+02 0.000000000000000000e+00
6.974347434743474423e+02 0.000000000000000000e+00
6.974847484748474926e+02 0.000000000000000000e+00
6.975347534753475429e+02 0.000000000000000000e+00
6.975847584758475932e+02 0.000000000000000000e+00
6.976347634763476435e+02 0.000000000000000000e+00
6.976847684768476938e+02 0.000000000000000000e+00
6.977347734773477441e+02 0.000000000000000000e+00
6.977847784778477944e+02 0.000000000000000000e+00
6.978347834783478447e+02 0.000000000000000000e+00
6.978847884788478950e+02 0.000000000000000000e+00
6.979347934793479453e+02 0.000000000000000000e+00
6.979847984798479956e+02 0.000000000000000000e+00
6.980348034803480459e+02 0.000000000000000000e+00
6.980848084808480962e+02 0.000000000000000000e+00
6.981348134813481465e+02 0.000000000000000000e+00
6.981848184818481968e+02 0.000000000000000000e+00
6.982348234823482471e+02 0.000000000000000000e+00
6.982848284828482974e+02 0.000000000000000000e+00
6.983348334833483477e+02 0.000000000000000000e+00
6.983848384838483980e+02 0.000000000000000000e+00
6.984348434843484483e+02 0.000000000000000000e+00
6.984848484848484986e+02 0.000000000000000000e+00
6.985348534853485489e+02 0.000000000000000000e+00
6.985848584858485992e+02 0.000000000000000000e+00
6.986348634863486495e+02 0.000000000000000000e+00
6.986848684868486998e+02 0.000000000000000000e+00
6.987348734873487501e+02 0.000000000000000000e+00
6.987848784878488004e+02 0.000000000000000000e+00
6.988348834883488507e+02 0.000000000000000000e+00
6.988848884888489010e+02 0.000000000000000000e+00
6.989348934893489513e+02 0.000000000000000000e+00
6.989848984898490016e+02 0.000000000000000000e+00
6.990349034903490519e+02 0.000000000000000000e+00
6.990849084908491022e+02 0.000000000000000000e+00
6.991349134913491525e+02 0.000000000000000000e+00
6.991849184918492028e+02 0.000000000000000000e+00
6.992349234923492531e+02 0.000000000000000000e+00
6.992849284928493034e+02 0.000000000000000000e+00
6.993349334933493537e+02 0.000000000000000000e+00
6.993849384938494040e+02 0.000000000000000000e+00
6.994349434943494543e+02 0.000000000000000000e+00
6.994849484948495046e+02 0.000000000000000000e+00
6.995349534953495549e+02 0.000000000000000000e+00
6.995849584958496052e+02 0.000000000000000000e+00
6.996349634963496555e+02 0.000000000000000000e+00
6.996849684968497058e+02 0.000000000000000000e+00
6.997349734973497561e+02 0.000000000000000000e+00
6.997849784978498064e+02 0.000000000000000000e+00
6.998349834983498567e+02 0.000000000000000000e+00
6.998849884988499070e+02 0.000000000000000000e+00
6.999349934993499573e+02 0.000000000000000000e+00
6.999849984998500076e+02 0.000000000000000000e+00
7.000350035003500579e+02 0.000000000000000000e+00
7.000850085008501082e+02 0.000000000000000000e+00
7.001350135013501585e+02 0.000000000000000000e+00
7.001850185018502088e+02 0.000000000000000000e+00
7.002350235023502592e+02 0.000000000000000000e+00
7.002850285028503095e+02 0.000000000000000000e+00
7.003350335033503598e+02 0.000000000000000000e+00
7.003850385038504101e+02 0.000000000000000000e+00
7.004350435043504604e+02 0.000000000000000000e+00
7.004850485048505107e+02 0.000000000000000000e+00
7.005350535053505610e+02 0.000000000000000000e+00
7.005850585058506113e+02 0.000000000000000000e+00
7.006350635063506616e+02 0.000000000000000000e+00
7.006850685068507119e+02 0.000000000000000000e+00
7.007350735073507622e+02 0.000000000000000000e+00
7.007850785078508125e+02 0.000000000000000000e+00
7.008350835083508628e+02 0.000000000000000000e+00
7.008850885088509131e+02 0.000000000000000000e+00
7.009350935093509634e+02 0.000000000000000000e+00
7.009850985098510137e+02 0.000000000000000000e+00
7.010351035103510640e+02 0.000000000000000000e+00
7.010851085108511143e+02 0.000000000000000000e+00
7.011351135113511646e+02 0.000000000000000000e+00
7.011851185118512149e+02 0.000000000000000000e+00
7.012351235123512652e+02 0.000000000000000000e+00
7.012851285128513155e+02 0.000000000000000000e+00
7.013351335133513658e+02 0.000000000000000000e+00
7.013851385138514161e+02 0.000000000000000000e+00
7.014351435143514664e+02 0.000000000000000000e+00
7.014851485148515167e+02 0.000000000000000000e+00
7.015351535153515670e+02 0.000000000000000000e+00
7.015851585158516173e+02 0.000000000000000000e+00
7.016351635163516676e+02 0.000000000000000000e+00
7.016851685168517179e+02 0.000000000000000000e+00
7.017351735173517682e+02 0.000000000000000000e+00
7.017851785178518185e+02 0.000000000000000000e+00
7.018351835183518688e+02 0.000000000000000000e+00
7.018851885188519191e+02 0.000000000000000000e+00
7.019351935193519694e+02 0.000000000000000000e+00
7.019851985198520197e+02 0.000000000000000000e+00
7.020352035203520700e+02 0.000000000000000000e+00
7.020852085208521203e+02 0.000000000000000000e+00
7.021352135213521706e+02 0.000000000000000000e+00
7.021852185218522209e+02 0.000000000000000000e+00
7.022352235223522712e+02 0.000000000000000000e+00
7.022852285228523215e+02 0.000000000000000000e+00
7.023352335233523718e+02 0.000000000000000000e+00
7.023852385238524221e+02 0.000000000000000000e+00
7.024352435243524724e+02 0.000000000000000000e+00
7.024852485248525227e+02 0.000000000000000000e+00
7.025352535253525730e+02 0.000000000000000000e+00
7.025852585258526233e+02 0.000000000000000000e+00
7.026352635263526736e+02 0.000000000000000000e+00
7.026852685268527239e+02 0.000000000000000000e+00
7.027352735273527742e+02 0.000000000000000000e+00
7.027852785278528245e+02 0.000000000000000000e+00
7.028352835283528748e+02 0.000000000000000000e+00
7.028852885288529251e+02 0.000000000000000000e+00
7.029352935293529754e+02 0.000000000000000000e+00
7.029852985298530257e+02 0.000000000000000000e+00
7.030353035303530760e+02 0.000000000000000000e+00
7.030853085308531263e+02 0.000000000000000000e+00
7.031353135313531766e+02 0.000000000000000000e+00
7.031853185318532269e+02 0.000000000000000000e+00
7.032353235323532772e+02 0.000000000000000000e+00
7.032853285328533275e+02 0.000000000000000000e+00
7.033353335333533778e+02 0.000000000000000000e+00
7.033853385338534281e+02 0.000000000000000000e+00
7.034353435343534784e+02 0.000000000000000000e+00
7.034853485348535287e+02 0.000000000000000000e+00
7.035353535353535790e+02 0.000000000000000000e+00
7.035853585358536293e+02 0.000000000000000000e+00
7.036353635363536796e+02 0.000000000000000000e+00
7.036853685368537299e+02 0.000000000000000000e+00
7.037353735373537802e+02 0.000000000000000000e+00
7.037853785378538305e+02 0.000000000000000000e+00
7.038353835383538808e+02 0.000000000000000000e+00
7.038853885388539311e+02 0.000000000000000000e+00
7.039353935393539814e+02 0.000000000000000000e+00
7.039853985398540317e+02 0.000000000000000000e+00
7.040354035403540820e+02 0.000000000000000000e+00
7.040854085408541323e+02 0.000000000000000000e+00
7.041354135413541826e+02 0.000000000000000000e+00
7.041854185418542329e+02 0.000000000000000000e+00
7.042354235423542832e+02 0.000000000000000000e+00
7.042854285428543335e+02 0.000000000000000000e+00
7.043354335433543838e+02 0.000000000000000000e+00
7.043854385438544341e+02 0.000000000000000000e+00
7.044354435443544844e+02 0.000000000000000000e+00
7.044854485448545347e+02 0.000000000000000000e+00
7.045354535453545850e+02 0.000000000000000000e+00
7.045854585458546353e+02 0.000000000000000000e+00
7.046354635463546856e+02 0.000000000000000000e+00
7.046854685468547359e+02 0.000000000000000000e+00
7.047354735473547862e+02 0.000000000000000000e+00
7.047854785478548365e+02 0.000000000000000000e+00
7.048354835483548868e+02 0.000000000000000000e+00
7.048854885488549371e+02 0.000000000000000000e+00
7.049354935493549874e+02 0.000000000000000000e+00
7.049854985498550377e+02 0.000000000000000000e+00
7.050355035503550880e+02 0.000000000000000000e+00
7.050855085508551383e+02 0.000000000000000000e+00
7.051355135513551886e+02 0.000000000000000000e+00
7.051855185518552389e+02 0.000000000000000000e+00
7.052355235523552892e+02 0.000000000000000000e+00
7.052855285528553395e+02 0.000000000000000000e+00
7.053355335533553898e+02 0.000000000000000000e+00
7.053855385538554401e+02 0.000000000000000000e+00
7.054355435543554904e+02 0.000000000000000000e+00
7.054855485548555407e+02 0.000000000000000000e+00
7.055355535553555910e+02 0.000000000000000000e+00
7.055855585558556413e+02 0.000000000000000000e+00
7.056355635563556916e+02 0.000000000000000000e+00
7.056855685568557419e+02 0.000000000000000000e+00
7.057355735573557922e+02 0.000000000000000000e+00
7.057855785578558425e+02 0.000000000000000000e+00
7.058355835583558928e+02 0.000000000000000000e+00
7.058855885588559431e+02 0.000000000000000000e+00
7.059355935593559934e+02 0.000000000000000000e+00
7.059855985598560437e+02 0.000000000000000000e+00
7.060356035603560940e+02 0.000000000000000000e+00
7.060856085608561443e+02 0.000000000000000000e+00
7.061356135613561946e+02 0.000000000000000000e+00
7.061856185618562449e+02 0.000000000000000000e+00
7.062356235623562952e+02 0.000000000000000000e+00
7.062856285628563455e+02 0.000000000000000000e+00
7.063356335633563958e+02 0.000000000000000000e+00
7.063856385638564461e+02 0.000000000000000000e+00
7.064356435643564964e+02 0.000000000000000000e+00
7.064856485648565467e+02 0.000000000000000000e+00
7.065356535653565970e+02 0.000000000000000000e+00
7.065856585658566473e+02 0.000000000000000000e+00
7.066356635663566976e+02 0.000000000000000000e+00
7.066856685668567479e+02 0.000000000000000000e+00
7.067356735673567982e+02 0.000000000000000000e+00
7.067856785678568485e+02 0.000000000000000000e+00
7.068356835683568988e+02 0.000000000000000000e+00
7.068856885688569491e+02 0.000000000000000000e+00
7.069356935693569994e+02 0.000000000000000000e+00
7.069856985698570497e+02 0.000000000000000000e+00
7.070357035703571000e+02 0.000000000000000000e+00
7.070857085708571503e+02 0.000000000000000000e+00
7.071357135713572006e+02 0.000000000000000000e+00
7.071857185718572509e+02 0.000000000000000000e+00
7.072357235723573012e+02 0.000000000000000000e+00
7.072857285728572379e+02 0.000000000000000000e+00
7.073357335733572882e+02 0.000000000000000000e+00
7.073857385738573385e+02 0.000000000000000000e+00
7.074357435743573888e+02 0.000000000000000000e+00
7.074857485748574391e+02 0.000000000000000000e+00
7.075357535753574894e+02 0.000000000000000000e+00
7.075857585758575397e+02 0.000000000000000000e+00
7.076357635763575900e+02 0.000000000000000000e+00
7.076857685768576403e+02 0.000000000000000000e+00
7.077357735773576906e+02 0.000000000000000000e+00
7.077857785778577409e+02 0.000000000000000000e+00
7.078357835783577912e+02 0.000000000000000000e+00
7.078857885788578415e+02 0.000000000000000000e+00
7.079357935793578918e+02 0.000000000000000000e+00
7.079857985798579421e+02 0.000000000000000000e+00
7.080358035803579924e+02 0.000000000000000000e+00
7.080858085808580427e+02 0.000000000000000000e+00
7.081358135813580930e+02 0.000000000000000000e+00
7.081858185818581433e+02 0.000000000000000000e+00
7.082358235823581936e+02 0.000000000000000000e+00
7.082858285828582439e+02 0.000000000000000000e+00
7.083358335833582942e+02 0.000000000000000000e+00
7.083858385838583445e+02 0.000000000000000000e+00
7.084358435843583948e+02 0.000000000000000000e+00
7.084858485848584451e+02 0.000000000000000000e+00
7.085358535853584954e+02 0.000000000000000000e+00
7.085858585858585457e+02 0.000000000000000000e+00
7.086358635863585960e+02 0.000000000000000000e+00
7.086858685868586463e+02 0.000000000000000000e+00
7.087358735873586966e+02 0.000000000000000000e+00
7.087858785878587469e+02 0.000000000000000000e+00
7.088358835883587972e+02 0.000000000000000000e+00
7.088858885888588475e+02 0.000000000000000000e+00
7.089358935893588978e+02 0.000000000000000000e+00
7.089858985898589481e+02 0.000000000000000000e+00
7.090359035903589984e+02 0.000000000000000000e+00
7.090859085908590487e+02 0.000000000000000000e+00
7.091359135913590990e+02 0.000000000000000000e+00
7.091859185918591493e+02 0.000000000000000000e+00
7.092359235923591996e+02 0.000000000000000000e+00
7.092859285928592499e+02 0.000000000000000000e+00
7.093359335933593002e+02 0.000000000000000000e+00
7.093859385938593505e+02 0.000000000000000000e+00
7.094359435943594008e+02 0.000000000000000000e+00
7.094859485948594511e+02 0.000000000000000000e+00
7.095359535953595014e+02 0.000000000000000000e+00
7.095859585958595517e+02 0.000000000000000000e+00
7.096359635963596020e+02 0.000000000000000000e+00
7.096859685968596523e+02 0.000000000000000000e+00
7.097359735973597026e+02 0.000000000000000000e+00
7.097859785978597529e+02 0.000000000000000000e+00
7.098359835983598032e+02 0.000000000000000000e+00
7.098859885988598535e+02 0.000000000000000000e+00
7.099359935993599038e+02 0.000000000000000000e+00
7.099859985998599541e+02 0.000000000000000000e+00
7.100360036003600044e+02 0.000000000000000000e+00
7.100860086008600547e+02 0.000000000000000000e+00
7.101360136013601050e+02 0.000000000000000000e+00
7.101860186018601553e+02 0.000000000000000000e+00
7.102360236023602056e+02 0.000000000000000000e+00
7.102860286028602559e+02 0.000000000000000000e+00
7.103360336033603062e+02 0.000000000000000000e+00
7.103860386038603565e+02 0.000000000000000000e+00
7.104360436043604068e+02 0.000000000000000000e+00
7.104860486048604571e+02 0.000000000000000000e+00
7.105360536053605074e+02 0.000000000000000000e+00
7.105860586058605577e+02 0.000000000000000000e+00
7.106360636063606080e+02 0.000000000000000000e+00
7.106860686068606583e+02 0.000000000000000000e+00
7.107360736073607086e+02 0.000000000000000000e+00
7.107860786078607589e+02 0.000000000000000000e+00
7.108360836083608092e+02 0.000000000000000000e+00
7.108860886088608595e+02 0.000000000000000000e+00
7.109360936093609098e+02 0.000000000000000000e+00
7.109860986098609601e+02 0.000000000000000000e+00
7.110361036103610104e+02 0.000000000000000000e+00
7.110861086108610607e+02 0.000000000000000000e+00
7.111361136113611110e+02 0.000000000000000000e+00
7.111861186118611613e+02 0.000000000000000000e+00
7.112361236123612116e+02 0.000000000000000000e+00
7.112861286128612619e+02 0.000000000000000000e+00
7.113361336133613122e+02 0.000000000000000000e+00
7.113861386138613625e+02 0.000000000000000000e+00
7.114361436143614128e+02 0.000000000000000000e+00
7.114861486148614631e+02 0.000000000000000000e+00
7.115361536153615134e+02 0.000000000000000000e+00
7.115861586158615637e+02 0.000000000000000000e+00
7.116361636163616140e+02 0.000000000000000000e+00
7.116861686168616643e+02 0.000000000000000000e+00
7.117361736173617146e+02 0.000000000000000000e+00
7.117861786178617649e+02 0.000000000000000000e+00
7.118361836183618152e+02 0.000000000000000000e+00
7.118861886188618655e+02 0.000000000000000000e+00
7.119361936193619158e+02 0.000000000000000000e+00
7.119861986198619661e+02 0.000000000000000000e+00
7.120362036203620164e+02 0.000000000000000000e+00
7.120862086208620667e+02 0.000000000000000000e+00
7.121362136213621170e+02 0.000000000000000000e+00
7.121862186218621673e+02 0.000000000000000000e+00
7.122362236223622176e+02 0.000000000000000000e+00
7.122862286228622679e+02 0.000000000000000000e+00
7.123362336233623182e+02 0.000000000000000000e+00
7.123862386238623685e+02 0.000000000000000000e+00
7.124362436243624188e+02 0.000000000000000000e+00
7.124862486248624691e+02 0.000000000000000000e+00
7.125362536253625194e+02 0.000000000000000000e+00
7.125862586258625697e+02 0.000000000000000000e+00
7.126362636263626200e+02 0.000000000000000000e+00
7.126862686268626703e+02 0.000000000000000000e+00
7.127362736273627206e+02 0.000000000000000000e+00
7.127862786278627709e+02 0.000000000000000000e+00
7.128362836283628212e+02 0.000000000000000000e+00
7.128862886288628715e+02 0.000000000000000000e+00
7.129362936293629218e+02 0.000000000000000000e+00
7.129862986298629721e+02 0.000000000000000000e+00
7.130363036303630224e+02 0.000000000000000000e+00
7.130863086308630727e+02 0.000000000000000000e+00
7.131363136313631230e+02 0.000000000000000000e+00
7.131863186318631733e+02 0.000000000000000000e+00
7.132363236323632236e+02 0.000000000000000000e+00
7.132863286328632739e+02 0.000000000000000000e+00
7.133363336333633242e+02 0.000000000000000000e+00
7.133863386338633745e+02 0.000000000000000000e+00
7.134363436343634248e+02 0.000000000000000000e+00
7.134863486348634751e+02 0.000000000000000000e+00
7.135363536353635254e+02 0.000000000000000000e+00
7.135863586358635757e+02 0.000000000000000000e+00
7.136363636363636260e+02 0.000000000000000000e+00
7.136863686368636763e+02 0.000000000000000000e+00
7.137363736373637266e+02 0.000000000000000000e+00
7.137863786378637769e+02 0.000000000000000000e+00
7.138363836383638272e+02 0.000000000000000000e+00
7.138863886388638775e+02 0.000000000000000000e+00
7.139363936393639278e+02 0.000000000000000000e+00
7.139863986398639781e+02 0.000000000000000000e+00
7.140364036403640284e+02 0.000000000000000000e+00
7.140864086408640787e+02 0.000000000000000000e+00
7.141364136413641290e+02 0.000000000000000000e+00
7.141864186418641793e+02 0.000000000000000000e+00
7.142364236423642296e+02 0.000000000000000000e+00
7.142864286428642799e+02 0.000000000000000000e+00
7.143364336433643302e+02 0.000000000000000000e+00
7.143864386438643805e+02 0.000000000000000000e+00
7.144364436443644308e+02 0.000000000000000000e+00
7.144864486448644811e+02 0.000000000000000000e+00
7.145364536453645314e+02 0.000000000000000000e+00
7.145864586458645817e+02 0.000000000000000000e+00
7.146364636463646320e+02 0.000000000000000000e+00
7.146864686468646823e+02 0.000000000000000000e+00
7.147364736473647326e+02 0.000000000000000000e+00
7.147864786478647829e+02 0.000000000000000000e+00
7.148364836483648332e+02 0.000000000000000000e+00
7.148864886488648835e+02 0.000000000000000000e+00
7.149364936493649338e+02 0.000000000000000000e+00
7.149864986498649841e+02 0.000000000000000000e+00
7.150365036503650344e+02 0.000000000000000000e+00
7.150865086508650847e+02 0.000000000000000000e+00
7.151365136513651350e+02 0.000000000000000000e+00
7.151865186518651853e+02 0.000000000000000000e+00
7.152365236523652356e+02 0.000000000000000000e+00
7.152865286528652859e+02 0.000000000000000000e+00
7.153365336533653362e+02 0.000000000000000000e+00
7.153865386538653866e+02 0.000000000000000000e+00
7.154365436543654369e+02 0.000000000000000000e+00
7.154865486548654872e+02 0.000000000000000000e+00
7.155365536553655375e+02 0.000000000000000000e+00
7.155865586558655878e+02 0.000000000000000000e+00
7.156365636563656381e+02 0.000000000000000000e+00
7.156865686568656884e+02 0.000000000000000000e+00
7.157365736573657387e+02 0.000000000000000000e+00
7.157865786578657890e+02 0.000000000000000000e+00
7.158365836583658393e+02 0.000000000000000000e+00
7.158865886588658896e+02 0.000000000000000000e+00
7.159365936593659399e+02 0.000000000000000000e+00
7.159865986598659902e+02 0.000000000000000000e+00
7.160366036603660405e+02 0.000000000000000000e+00
7.160866086608660908e+02 0.000000000000000000e+00
7.161366136613661411e+02 0.000000000000000000e+00
7.161866186618661914e+02 0.000000000000000000e+00
7.162366236623662417e+02 0.000000000000000000e+00
7.162866286628662920e+02 0.000000000000000000e+00
7.163366336633663423e+02 0.000000000000000000e+00
7.163866386638663926e+02 0.000000000000000000e+00
7.164366436643664429e+02 0.000000000000000000e+00
7.164866486648664932e+02 0.000000000000000000e+00
7.165366536653665435e+02 0.000000000000000000e+00
7.165866586658665938e+02 0.000000000000000000e+00
7.166366636663666441e+02 0.000000000000000000e+00
7.166866686668666944e+02 0.000000000000000000e+00
7.167366736673667447e+02 0.000000000000000000e+00
7.167866786678666813e+02 0.000000000000000000e+00
7.168366836683667316e+02 0.000000000000000000e+00
7.168866886688667819e+02 0.000000000000000000e+00
7.169366936693668322e+02 0.000000000000000000e+00
7.169866986698668825e+02 0.000000000000000000e+00
7.170367036703669328e+02 0.000000000000000000e+00
7.170867086708669831e+02 0.000000000000000000e+00
7.171367136713670334e+02 0.000000000000000000e+00
7.171867186718670837e+02 0.000000000000000000e+00
7.172367236723671340e+02 0.000000000000000000e+00
7.172867286728671843e+02 0.000000000000000000e+00
7.173367336733672346e+02 0.000000000000000000e+00
7.173867386738672849e+02 0.000000000000000000e+00
7.174367436743673352e+02 0.000000000000000000e+00
7.174867486748673855e+02 0.000000000000000000e+00
7.175367536753674358e+02 0.000000000000000000e+00
7.175867586758674861e+02 0.000000000000000000e+00
7.176367636763675364e+02 0.000000000000000000e+00
7.176867686768675867e+02 0.000000000000000000e+00
7.177367736773676370e+02 0.000000000000000000e+00
7.177867786778676873e+02 0.000000000000000000e+00
7.178367836783677376e+02 0.000000000000000000e+00
7.178867886788677879e+02 0.000000000000000000e+00
7.179367936793678382e+02 0.000000000000000000e+00
7.179867986798678885e+02 0.000000000000000000e+00
7.180368036803679388e+02 0.000000000000000000e+00
7.180868086808679891e+02 0.000000000000000000e+00
7.181368136813680394e+02 0.000000000000000000e+00
7.181868186818680897e+02 0.000000000000000000e+00
7.182368236823681400e+02 0.000000000000000000e+00
7.182868286828681903e+02 0.000000000000000000e+00
7.183368336833682406e+02 0.000000000000000000e+00
7.183868386838682909e+02 0.000000000000000000e+00
7.184368436843683412e+02 0.000000000000000000e+00
7.184868486848683915e+02 0.000000000000000000e+00
7.185368536853684418e+02 0.000000000000000000e+00
7.185868586858684921e+02 0.000000000000000000e+00
7.186368636863685424e+02 0.000000000000000000e+00
7.186868686868685927e+02 0.000000000000000000e+00
7.187368736873686430e+02 0.000000000000000000e+00
7.187868786878686933e+02 0.000000000000000000e+00
7.188368836883687436e+02 0.000000000000000000e+00
7.188868886888687939e+02 0.000000000000000000e+00
7.189368936893688442e+02 0.000000000000000000e+00
7.189868986898688945e+02 0.000000000000000000e+00
7.190369036903689448e+02 0.000000000000000000e+00
7.190869086908689951e+02 0.000000000000000000e+00
7.191369136913690454e+02 0.000000000000000000e+00
7.191869186918690957e+02 0.000000000000000000e+00
7.192369236923691460e+02 0.000000000000000000e+00
7.192869286928691963e+02 0.000000000000000000e+00
7.193369336933692466e+02 0.000000000000000000e+00
7.193869386938692969e+02 0.000000000000000000e+00
7.194369436943693472e+02 0.000000000000000000e+00
7.194869486948693975e+02 0.000000000000000000e+00
7.195369536953694478e+02 0.000000000000000000e+00
7.195869586958694981e+02 0.000000000000000000e+00
7.196369636963695484e+02 0.000000000000000000e+00
7.196869686968695987e+02 0.000000000000000000e+00
7.197369736973696490e+02 0.000000000000000000e+00
7.197869786978696993e+02 0.000000000000000000e+00
7.198369836983697496e+02 0.000000000000000000e+00
7.198869886988697999e+02 0.000000000000000000e+00
7.199369936993698502e+02 0.000000000000000000e+00
7.199869986998699005e+02 0.000000000000000000e+00
7.200370037003699508e+02 0.000000000000000000e+00
7.200870087008700011e+02 0.000000000000000000e+00
7.201370137013700514e+02 0.000000000000000000e+00
7.201870187018701017e+02 0.000000000000000000e+00
7.202370237023701520e+02 0.000000000000000000e+00
7.202870287028702023e+02 0.000000000000000000e+00
7.203370337033702526e+02 0.000000000000000000e+00
7.203870387038703029e+02 0.000000000000000000e+00
7.204370437043703532e+02 0.000000000000000000e+00
7.204870487048704035e+02 0.000000000000000000e+00
7.205370537053704538e+02 0.000000000000000000e+00
7.205870587058705041e+02 0.000000000000000000e+00
7.206370637063705544e+02 0.000000000000000000e+00
7.206870687068706047e+02 0.000000000000000000e+00
7.207370737073706550e+02 0.000000000000000000e+00
7.207870787078707053e+02 0.000000000000000000e+00
7.208370837083707556e+02 0.000000000000000000e+00
7.208870887088708059e+02 0.000000000000000000e+00
7.209370937093708562e+02 0.000000000000000000e+00
7.209870987098709065e+02 0.000000000000000000e+00
7.210371037103709568e+02 0.000000000000000000e+00
7.210871087108710071e+02 0.000000000000000000e+00
7.211371137113710574e+02 0.000000000000000000e+00
7.211871187118711077e+02 0.000000000000000000e+00
7.212371237123711580e+02 0.000000000000000000e+00
7.212871287128712083e+02 0.000000000000000000e+00
7.213371337133712586e+02 0.000000000000000000e+00
7.213871387138713089e+02 0.000000000000000000e+00
7.214371437143713592e+02 0.000000000000000000e+00
7.214871487148714095e+02 0.000000000000000000e+00
7.215371537153714598e+02 0.000000000000000000e+00
7.215871587158715101e+02 0.000000000000000000e+00
7.216371637163715604e+02 0.000000000000000000e+00
7.216871687168716107e+02 0.000000000000000000e+00
7.217371737173716610e+02 0.000000000000000000e+00
7.217871787178717113e+02 0.000000000000000000e+00
7.218371837183717616e+02 0.000000000000000000e+00
7.218871887188718119e+02 0.000000000000000000e+00
7.219371937193718622e+02 0.000000000000000000e+00
7.219871987198719125e+02 0.000000000000000000e+00
7.220372037203719628e+02 0.000000000000000000e+00
7.220872087208720131e+02 0.000000000000000000e+00
7.221372137213720634e+02 0.000000000000000000e+00
7.221872187218721137e+02 0.000000000000000000e+00
7.222372237223721640e+02 0.000000000000000000e+00
7.222872287228722143e+02 0.000000000000000000e+00
7.223372337233722646e+02 0.000000000000000000e+00
7.223872387238723149e+02 0.000000000000000000e+00
7.224372437243723653e+02 0.000000000000000000e+00
7.224872487248724156e+02 0.000000000000000000e+00
7.225372537253724659e+02 0.000000000000000000e+00
7.225872587258725162e+02 0.000000000000000000e+00
7.226372637263725665e+02 0.000000000000000000e+00
7.226872687268726168e+02 0.000000000000000000e+00
7.227372737273726671e+02 0.000000000000000000e+00
7.227872787278727174e+02 0.000000000000000000e+00
7.228372837283727677e+02 0.000000000000000000e+00
7.228872887288728180e+02 0.000000000000000000e+00
7.229372937293728683e+02 0.000000000000000000e+00
7.229872987298729186e+02 0.000000000000000000e+00
7.230373037303729689e+02 0.000000000000000000e+00
7.230873087308730192e+02 0.000000000000000000e+00
7.231373137313730695e+02 0.000000000000000000e+00
7.231873187318731198e+02 0.000000000000000000e+00
7.232373237323731701e+02 0.000000000000000000e+00
7.232873287328732204e+02 0.000000000000000000e+00
7.233373337333732707e+02 0.000000000000000000e+00
7.233873387338733210e+02 0.000000000000000000e+00
7.234373437343733713e+02 0.000000000000000000e+00
7.234873487348734216e+02 0.000000000000000000e+00
7.235373537353734719e+02 0.000000000000000000e+00
7.235873587358735222e+02 0.000000000000000000e+00
7.236373637363735725e+02 0.000000000000000000e+00
7.236873687368736228e+02 0.000000000000000000e+00
7.237373737373736731e+02 0.000000000000000000e+00
7.237873787378737234e+02 0.000000000000000000e+00
7.238373837383737737e+02 0.000000000000000000e+00
7.238873887388738240e+02 0.000000000000000000e+00
7.239373937393738743e+02 0.000000000000000000e+00
7.239873987398739246e+02 0.000000000000000000e+00
7.240374037403739749e+02 0.000000000000000000e+00
7.240874087408740252e+02 0.000000000000000000e+00
7.241374137413740755e+02 0.000000000000000000e+00
7.241874187418741258e+02 0.000000000000000000e+00
7.242374237423741761e+02 0.000000000000000000e+00
7.242874287428742264e+02 0.000000000000000000e+00
7.243374337433742767e+02 0.000000000000000000e+00
7.243874387438743270e+02 0.000000000000000000e+00
7.244374437443743773e+02 0.000000000000000000e+00
7.244874487448744276e+02 0.000000000000000000e+00
7.245374537453744779e+02 0.000000000000000000e+00
7.245874587458745282e+02 0.000000000000000000e+00
7.246374637463745785e+02 0.000000000000000000e+00
7.246874687468746288e+02 0.000000000000000000e+00
7.247374737473746791e+02 0.000000000000000000e+00
7.247874787478747294e+02 0.000000000000000000e+00
7.248374837483747797e+02 0.000000000000000000e+00
7.248874887488748300e+02 0.000000000000000000e+00
7.249374937493748803e+02 0.000000000000000000e+00
7.249874987498749306e+02 0.000000000000000000e+00
7.250375037503749809e+02 0.000000000000000000e+00
7.250875087508750312e+02 0.000000000000000000e+00
7.251375137513750815e+02 0.000000000000000000e+00
7.251875187518751318e+02 0.000000000000000000e+00
7.252375237523751821e+02 0.000000000000000000e+00
7.252875287528752324e+02 0.000000000000000000e+00
7.253375337533752827e+02 0.000000000000000000e+00
7.253875387538753330e+02 0.000000000000000000e+00
7.254375437543753833e+02 0.000000000000000000e+00
7.254875487548754336e+02 0.000000000000000000e+00
7.255375537553754839e+02 0.000000000000000000e+00
7.255875587558755342e+02 0.000000000000000000e+00
7.256375637563755845e+02 0.000000000000000000e+00
7.256875687568756348e+02 0.000000000000000000e+00
7.257375737573756851e+02 0.000000000000000000e+00
7.257875787578757354e+02 0.000000000000000000e+00
7.258375837583757857e+02 0.000000000000000000e+00
7.258875887588758360e+02 0.000000000000000000e+00
7.259375937593758863e+02 0.000000000000000000e+00
7.259875987598759366e+02 0.000000000000000000e+00
7.260376037603759869e+02 0.000000000000000000e+00
7.260876087608760372e+02 0.000000000000000000e+00
7.261376137613760875e+02 0.000000000000000000e+00
7.261876187618761378e+02 0.000000000000000000e+00
7.262376237623761881e+02 0.000000000000000000e+00
7.262876287628762384e+02 0.000000000000000000e+00
7.263376337633762887e+02 0.000000000000000000e+00
7.263876387638763390e+02 0.000000000000000000e+00
7.264376437643763893e+02 0.000000000000000000e+00
7.264876487648764396e+02 0.000000000000000000e+00
7.265376537653764899e+02 0.000000000000000000e+00
7.265876587658765402e+02 0.000000000000000000e+00
7.266376637663765905e+02 0.000000000000000000e+00
7.266876687668766408e+02 0.000000000000000000e+00
7.267376737673766911e+02 0.000000000000000000e+00
7.267876787678767414e+02 0.000000000000000000e+00
7.268376837683767917e+02 0.000000000000000000e+00
7.268876887688768420e+02 0.000000000000000000e+00
7.269376937693768923e+02 0.000000000000000000e+00
7.269876987698769426e+02 0.000000000000000000e+00
7.270377037703769929e+02 0.000000000000000000e+00
7.270877087708770432e+02 0.000000000000000000e+00
7.271377137713770935e+02 0.000000000000000000e+00
7.271877187718771438e+02 0.000000000000000000e+00
7.272377237723771941e+02 0.000000000000000000e+00
7.272877287728772444e+02 0.000000000000000000e+00
7.273377337733772947e+02 0.000000000000000000e+00
7.273877387738773450e+02 0.000000000000000000e+00
7.274377437743773953e+02 0.000000000000000000e+00
7.274877487748774456e+02 0.000000000000000000e+00
7.275377537753774959e+02 0.000000000000000000e+00
7.275877587758775462e+02 0.000000000000000000e+00
7.276377637763775965e+02 0.000000000000000000e+00
7.276877687768776468e+02 0.000000000000000000e+00
7.277377737773776971e+02 0.000000000000000000e+00
7.277877787778777474e+02 0.000000000000000000e+00
7.278377837783777977e+02 0.000000000000000000e+00
7.278877887788778480e+02 0.000000000000000000e+00
7.279377937793778983e+02 0.000000000000000000e+00
7.279877987798779486e+02 0.000000000000000000e+00
7.280378037803779989e+02 0.000000000000000000e+00
7.280878087808780492e+02 0.000000000000000000e+00
7.281378137813780995e+02 0.000000000000000000e+00
7.281878187818781498e+02 0.000000000000000000e+00
7.282378237823782001e+02 0.000000000000000000e+00
7.282878287828782504e+02 0.000000000000000000e+00
7.283378337833783007e+02 0.000000000000000000e+00
7.283878387838783510e+02 0.000000000000000000e+00
7.284378437843784013e+02 0.000000000000000000e+00
7.284878487848784516e+02 0.000000000000000000e+00
7.285378537853785019e+02 0.000000000000000000e+00
7.285878587858785522e+02 0.000000000000000000e+00
7.286378637863786025e+02 0.000000000000000000e+00
7.286878687868786528e+02 0.000000000000000000e+00
7.287378737873787031e+02 0.000000000000000000e+00
7.287878787878787534e+02 0.000000000000000000e+00
7.288378837883788037e+02 0.000000000000000000e+00
7.288878887888788540e+02 0.000000000000000000e+00
7.289378937893789043e+02 0.000000000000000000e+00
7.289878987898789546e+02 0.000000000000000000e+00
7.290379037903790049e+02 0.000000000000000000e+00
7.290879087908790552e+02 0.000000000000000000e+00
7.291379137913791055e+02 0.000000000000000000e+00
7.291879187918791558e+02 0.000000000000000000e+00
7.292379237923792061e+02 0.000000000000000000e+00
7.292879287928792564e+02 0.000000000000000000e+00
7.293379337933793067e+02 0.000000000000000000e+00
7.293879387938793570e+02 0.000000000000000000e+00
7.294379437943794073e+02 0.000000000000000000e+00
7.294879487948794576e+02 0.000000000000000000e+00
7.295379537953795079e+02 0.000000000000000000e+00
7.295879587958795582e+02 0.000000000000000000e+00
7.296379637963796085e+02 0.000000000000000000e+00
7.296879687968796588e+02 0.000000000000000000e+00
7.297379737973797091e+02 0.000000000000000000e+00
7.297879787978797594e+02 0.000000000000000000e+00
7.298379837983798097e+02 0.000000000000000000e+00
7.298879887988798600e+02 0.000000000000000000e+00
7.299379937993799103e+02 0.000000000000000000e+00
7.299879987998799606e+02 0.000000000000000000e+00
7.300380038003800109e+02 0.000000000000000000e+00
7.300880088008800612e+02 0.000000000000000000e+00
7.301380138013801115e+02 0.000000000000000000e+00
7.301880188018801618e+02 0.000000000000000000e+00
7.302380238023802121e+02 0.000000000000000000e+00
7.302880288028802624e+02 0.000000000000000000e+00
7.303380338033803127e+02 0.000000000000000000e+00
7.303880388038803630e+02 0.000000000000000000e+00
7.304380438043804133e+02 0.000000000000000000e+00
7.304880488048804636e+02 0.000000000000000000e+00
7.305380538053805139e+02 0.000000000000000000e+00
7.305880588058805643e+02 0.000000000000000000e+00
7.306380638063806146e+02 0.000000000000000000e+00
7.306880688068806649e+02 0.000000000000000000e+00
7.307380738073807152e+02 0.000000000000000000e+00
7.307880788078807655e+02 0.000000000000000000e+00
7.308380838083808158e+02 0.000000000000000000e+00
7.308880888088808661e+02 0.000000000000000000e+00
7.309380938093809164e+02 0.000000000000000000e+00
7.309880988098809667e+02 0.000000000000000000e+00
7.310381038103810170e+02 0.000000000000000000e+00
7.310881088108810673e+02 0.000000000000000000e+00
7.311381138113811176e+02 0.000000000000000000e+00
7.311881188118811679e+02 0.000000000000000000e+00
7.312381238123812182e+02 0.000000000000000000e+00
7.312881288128812685e+02 0.000000000000000000e+00
7.313381338133813188e+02 0.000000000000000000e+00
7.313881388138813691e+02 0.000000000000000000e+00
7.314381438143814194e+02 0.000000000000000000e+00
7.314881488148814697e+02 0.000000000000000000e+00
7.315381538153815200e+02 0.000000000000000000e+00
7.315881588158815703e+02 0.000000000000000000e+00
7.316381638163816206e+02 0.000000000000000000e+00
7.316881688168816709e+02 0.000000000000000000e+00
7.317381738173817212e+02 0.000000000000000000e+00
7.317881788178817715e+02 0.000000000000000000e+00
7.318381838183818218e+02 0.000000000000000000e+00
7.318881888188818721e+02 0.000000000000000000e+00
7.319381938193819224e+02 0.000000000000000000e+00
7.319881988198819727e+02 0.000000000000000000e+00
7.320382038203820230e+02 0.000000000000000000e+00
7.320882088208820733e+02 0.000000000000000000e+00
7.321382138213821236e+02 0.000000000000000000e+00
7.321882188218821739e+02 0.000000000000000000e+00
7.322382238223822242e+02 0.000000000000000000e+00
7.322882288228822745e+02 0.000000000000000000e+00
7.323382338233823248e+02 0.000000000000000000e+00
7.323882388238823751e+02 0.000000000000000000e+00
7.324382438243824254e+02 0.000000000000000000e+00
7.324882488248824757e+02 0.000000000000000000e+00
7.325382538253825260e+02 0.000000000000000000e+00
7.325882588258825763e+02 0.000000000000000000e+00
7.326382638263826266e+02 0.000000000000000000e+00
7.326882688268826769e+02 0.000000000000000000e+00
7.327382738273827272e+02 0.000000000000000000e+00
7.327882788278827775e+02 0.000000000000000000e+00
7.328382838283828278e+02 0.000000000000000000e+00
7.328882888288828781e+02 0.000000000000000000e+00
7.329382938293829284e+02 0.000000000000000000e+00
7.329882988298829787e+02 0.000000000000000000e+00
7.330383038303830290e+02 0.000000000000000000e+00
7.330883088308830793e+02 0.000000000000000000e+00
7.331383138313831296e+02 0.000000000000000000e+00
7.331883188318831799e+02 0.000000000000000000e+00
7.332383238323832302e+02 0.000000000000000000e+00
7.332883288328832805e+02 0.000000000000000000e+00
7.333383338333833308e+02 0.000000000000000000e+00
7.333883388338833811e+02 0.000000000000000000e+00
7.334383438343834314e+02 0.000000000000000000e+00
7.334883488348834817e+02 0.000000000000000000e+00
7.335383538353835320e+02 0.000000000000000000e+00
7.335883588358835823e+02 0.000000000000000000e+00
7.336383638363836326e+02 0.000000000000000000e+00
7.336883688368836829e+02 0.000000000000000000e+00
7.337383738373837332e+02 0.000000000000000000e+00
7.337883788378837835e+02 0.000000000000000000e+00
7.338383838383838338e+02 0.000000000000000000e+00
7.338883888388838841e+02 0.000000000000000000e+00
7.339383938393839344e+02 0.000000000000000000e+00
7.339883988398839847e+02 0.000000000000000000e+00
7.340384038403840350e+02 0.000000000000000000e+00
7.340884088408840853e+02 0.000000000000000000e+00
7.341384138413841356e+02 0.000000000000000000e+00
7.341884188418841859e+02 0.000000000000000000e+00
7.342384238423842362e+02 0.000000000000000000e+00
7.342884288428842865e+02 0.000000000000000000e+00
7.343384338433843368e+02 0.000000000000000000e+00
7.343884388438843871e+02 0.000000000000000000e+00
7.344384438443844374e+02 0.000000000000000000e+00
7.344884488448844877e+02 0.000000000000000000e+00
7.345384538453845380e+02 0.000000000000000000e+00
7.345884588458845883e+02 0.000000000000000000e+00
7.346384638463846386e+02 0.000000000000000000e+00
7.346884688468846889e+02 0.000000000000000000e+00
7.347384738473847392e+02 0.000000000000000000e+00
7.347884788478847895e+02 0.000000000000000000e+00
7.348384838483848398e+02 0.000000000000000000e+00
7.348884888488848901e+02 0.000000000000000000e+00
7.349384938493849404e+02 0.000000000000000000e+00
7.349884988498849907e+02 0.000000000000000000e+00
7.350385038503850410e+02 0.000000000000000000e+00
7.350885088508850913e+02 0.000000000000000000e+00
7.351385138513851416e+02 0.000000000000000000e+00
7.351885188518851919e+02 0.000000000000000000e+00
7.352385238523852422e+02 0.000000000000000000e+00
7.352885288528852925e+02 0.000000000000000000e+00
7.353385338533853428e+02 0.000000000000000000e+00
7.353885388538853931e+02 0.000000000000000000e+00
7.354385438543854434e+02 0.000000000000000000e+00
7.354885488548854937e+02 0.000000000000000000e+00
7.355385538553855440e+02 0.000000000000000000e+00
7.355885588558855943e+02 0.000000000000000000e+00
7.356385638563856446e+02 0.000000000000000000e+00
7.356885688568856949e+02 0.000000000000000000e+00
7.357385738573857452e+02 0.000000000000000000e+00
7.357885788578857955e+02 0.000000000000000000e+00
7.358385838583858458e+02 0.000000000000000000e+00
7.358885888588858961e+02 0.000000000000000000e+00
7.359385938593859464e+02 0.000000000000000000e+00
7.359885988598859967e+02 0.000000000000000000e+00
7.360386038603860470e+02 0.000000000000000000e+00
7.360886088608860973e+02 0.000000000000000000e+00
7.361386138613861476e+02 0.000000000000000000e+00
7.361886188618861979e+02 0.000000000000000000e+00
7.362386238623862482e+02 0.000000000000000000e+00
7.362886288628862985e+02 0.000000000000000000e+00
7.363386338633863488e+02 0.000000000000000000e+00
7.363886388638863991e+02 0.000000000000000000e+00
7.364386438643864494e+02 0.000000000000000000e+00
7.364886488648864997e+02 0.000000000000000000e+00
7.365386538653865500e+02 0.000000000000000000e+00
7.365886588658866003e+02 0.000000000000000000e+00
7.366386638663866506e+02 0.000000000000000000e+00
7.366886688668867009e+02 0.000000000000000000e+00
7.367386738673867512e+02 0.000000000000000000e+00
7.367886788678868015e+02 0.000000000000000000e+00
7.368386838683868518e+02 0.000000000000000000e+00
7.368886888688869021e+02 0.000000000000000000e+00
7.369386938693869524e+02 0.000000000000000000e+00
7.369886988698870027e+02 0.000000000000000000e+00
7.370387038703870530e+02 0.000000000000000000e+00
7.370887088708871033e+02 0.000000000000000000e+00
7.371387138713871536e+02 0.000000000000000000e+00
7.371887188718872039e+02 0.000000000000000000e+00
7.372387238723872542e+02 0.000000000000000000e+00
7.372887288728873045e+02 0.000000000000000000e+00
7.373387338733873548e+02 0.000000000000000000e+00
7.373887388738874051e+02 0.000000000000000000e+00
7.374387438743874554e+02 0.000000000000000000e+00
7.374887488748875057e+02 0.000000000000000000e+00
7.375387538753875560e+02 0.000000000000000000e+00
7.375887588758876063e+02 0.000000000000000000e+00
7.376387638763876566e+02 0.000000000000000000e+00
7.376887688768877069e+02 0.000000000000000000e+00
7.377387738773877572e+02 0.000000000000000000e+00
7.377887788778878075e+02 0.000000000000000000e+00
7.378387838783878578e+02 0.000000000000000000e+00
7.378887888788879081e+02 0.000000000000000000e+00
7.379387938793879584e+02 0.000000000000000000e+00
7.379887988798880087e+02 0.000000000000000000e+00
7.380388038803880590e+02 0.000000000000000000e+00
7.380888088808881093e+02 0.000000000000000000e+00
7.381388138813881596e+02 0.000000000000000000e+00
7.381888188818882099e+02 0.000000000000000000e+00
7.382388238823882602e+02 0.000000000000000000e+00
7.382888288828883105e+02 0.000000000000000000e+00
7.383388338833883608e+02 0.000000000000000000e+00
7.383888388838884111e+02 0.000000000000000000e+00
7.384388438843884614e+02 0.000000000000000000e+00
7.384888488848885117e+02 0.000000000000000000e+00
7.385388538853885620e+02 0.000000000000000000e+00
7.385888588858886123e+02 0.000000000000000000e+00
7.386388638863886626e+02 0.000000000000000000e+00
7.386888688868887130e+02 0.000000000000000000e+00
7.387388738873887633e+02 0.000000000000000000e+00
7.387888788878888136e+02 0.000000000000000000e+00
7.388388838883888639e+02 0.000000000000000000e+00
7.388888888888889142e+02 0.000000000000000000e+00
7.389388938893889645e+02 0.000000000000000000e+00
7.389888988898890148e+02 0.000000000000000000e+00
7.390389038903890651e+02 0.000000000000000000e+00
7.390889088908891154e+02 0.000000000000000000e+00
7.391389138913891657e+02 0.000000000000000000e+00
7.391889188918892160e+02 0.000000000000000000e+00
7.392389238923892663e+02 0.000000000000000000e+00
7.392889288928893166e+02 0.000000000000000000e+00
7.393389338933893669e+02 0.000000000000000000e+00
7.393889388938894172e+02 0.000000000000000000e+00
7.394389438943894675e+02 0.000000000000000000e+00
7.394889488948895178e+02 0.000000000000000000e+00
7.395389538953895681e+02 0.000000000000000000e+00
7.395889588958896184e+02 0.000000000000000000e+00
7.396389638963896687e+02 0.000000000000000000e+00
7.396889688968897190e+02 0.000000000000000000e+00
7.397389738973897693e+02 0.000000000000000000e+00
7.397889788978898196e+02 0.000000000000000000e+00
7.398389838983898699e+02 0.000000000000000000e+00
7.398889888988899202e+02 0.000000000000000000e+00
7.399389938993899705e+02 0.000000000000000000e+00
7.399889988998900208e+02 0.000000000000000000e+00
7.400390039003900711e+02 0.000000000000000000e+00
7.400890089008901214e+02 0.000000000000000000e+00
7.401390139013901717e+02 0.000000000000000000e+00
7.401890189018902220e+02 0.000000000000000000e+00
7.402390239023902723e+02 0.000000000000000000e+00
7.402890289028903226e+02 0.000000000000000000e+00
7.403390339033903729e+02 0.000000000000000000e+00
7.403890389038904232e+02 0.000000000000000000e+00
7.404390439043904735e+02 0.000000000000000000e+00
7.404890489048905238e+02 0.000000000000000000e+00
7.405390539053905741e+02 0.000000000000000000e+00
7.405890589058906244e+02 0.000000000000000000e+00
7.406390639063906747e+02 0.000000000000000000e+00
7.406890689068907250e+02 0.000000000000000000e+00
7.407390739073907753e+02 0.000000000000000000e+00
7.407890789078908256e+02 0.000000000000000000e+00
7.408390839083908759e+02 0.000000000000000000e+00
7.408890889088909262e+02 0.000000000000000000e+00
7.409390939093909765e+02 0.000000000000000000e+00
7.409890989098910268e+02 0.000000000000000000e+00
7.410391039103910771e+02 0.000000000000000000e+00
7.410891089108911274e+02 0.000000000000000000e+00
7.411391139113911777e+02 0.000000000000000000e+00
7.411891189118912280e+02 0.000000000000000000e+00
7.412391239123912783e+02 0.000000000000000000e+00
7.412891289128913286e+02 0.000000000000000000e+00
7.413391339133913789e+02 0.000000000000000000e+00
7.413891389138914292e+02 0.000000000000000000e+00
7.414391439143914795e+02 0.000000000000000000e+00
7.414891489148915298e+02 0.000000000000000000e+00
7.415391539153915801e+02 0.000000000000000000e+00
7.415891589158916304e+02 0.000000000000000000e+00
7.416391639163916807e+02 0.000000000000000000e+00
7.416891689168917310e+02 0.000000000000000000e+00
7.417391739173917813e+02 0.000000000000000000e+00
7.417891789178918316e+02 0.000000000000000000e+00
7.418391839183918819e+02 0.000000000000000000e+00
7.418891889188919322e+02 0.000000000000000000e+00
7.419391939193919825e+02 0.000000000000000000e+00
7.419891989198920328e+02 0.000000000000000000e+00
7.420392039203920831e+02 0.000000000000000000e+00
7.420892089208921334e+02 0.000000000000000000e+00
7.421392139213921837e+02 0.000000000000000000e+00
7.421892189218922340e+02 0.000000000000000000e+00
7.422392239223922843e+02 0.000000000000000000e+00
7.422892289228923346e+02 0.000000000000000000e+00
7.423392339233923849e+02 0.000000000000000000e+00
7.423892389238924352e+02 0.000000000000000000e+00
7.424392439243924855e+02 0.000000000000000000e+00
7.424892489248925358e+02 0.000000000000000000e+00
7.425392539253925861e+02 0.000000000000000000e+00
7.425892589258926364e+02 0.000000000000000000e+00
7.426392639263926867e+02 0.000000000000000000e+00
7.426892689268927370e+02 0.000000000000000000e+00
7.427392739273927873e+02 0.000000000000000000e+00
7.427892789278928376e+02 0.000000000000000000e+00
7.428392839283928879e+02 0.000000000000000000e+00
7.428892889288929382e+02 0.000000000000000000e+00
7.429392939293929885e+02 0.000000000000000000e+00
7.429892989298930388e+02 0.000000000000000000e+00
7.430393039303930891e+02 0.000000000000000000e+00
7.430893089308931394e+02 0.000000000000000000e+00
7.431393139313931897e+02 0.000000000000000000e+00
7.431893189318932400e+02 0.000000000000000000e+00
7.432393239323932903e+02 0.000000000000000000e+00
7.432893289328933406e+02 0.000000000000000000e+00
7.433393339333933909e+02 0.000000000000000000e+00
7.433893389338934412e+02 0.000000000000000000e+00
7.434393439343934915e+02 0.000000000000000000e+00
7.434893489348935418e+02 0.000000000000000000e+00
7.435393539353935921e+02 0.000000000000000000e+00
7.435893589358936424e+02 0.000000000000000000e+00
7.436393639363936927e+02 0.000000000000000000e+00
7.436893689368937430e+02 0.000000000000000000e+00
7.437393739373937933e+02 0.000000000000000000e+00
7.437893789378938436e+02 0.000000000000000000e+00
7.438393839383938939e+02 0.000000000000000000e+00
7.438893889388939442e+02 0.000000000000000000e+00
7.439393939393939945e+02 0.000000000000000000e+00
7.439893989398940448e+02 0.000000000000000000e+00
7.440394039403940951e+02 0.000000000000000000e+00
7.440894089408941454e+02 0.000000000000000000e+00
7.441394139413941957e+02 0.000000000000000000e+00
7.441894189418942460e+02 0.000000000000000000e+00
7.442394239423942963e+02 0.000000000000000000e+00
7.442894289428943466e+02 0.000000000000000000e+00
7.443394339433943969e+02 0.000000000000000000e+00
7.443894389438944472e+02 0.000000000000000000e+00
7.444394439443944975e+02 0.000000000000000000e+00
7.444894489448945478e+02 0.000000000000000000e+00
7.445394539453945981e+02 0.000000000000000000e+00
7.445894589458946484e+02 0.000000000000000000e+00
7.446394639463946987e+02 0.000000000000000000e+00
7.446894689468947490e+02 0.000000000000000000e+00
7.447394739473947993e+02 0.000000000000000000e+00
7.447894789478948496e+02 0.000000000000000000e+00
7.448394839483948999e+02 0.000000000000000000e+00
7.448894889488949502e+02 0.000000000000000000e+00
7.449394939493950005e+02 0.000000000000000000e+00
7.449894989498950508e+02 0.000000000000000000e+00
7.450395039503951011e+02 0.000000000000000000e+00
7.450895089508951514e+02 0.000000000000000000e+00
7.451395139513952017e+02 0.000000000000000000e+00
7.451895189518952520e+02 0.000000000000000000e+00
7.452395239523953023e+02 0.000000000000000000e+00
7.452895289528953526e+02 0.000000000000000000e+00
7.453395339533954029e+02 0.000000000000000000e+00
7.453895389538953395e+02 0.000000000000000000e+00
7.454395439543953898e+02 0.000000000000000000e+00
7.454895489548954401e+02 0.000000000000000000e+00
7.455395539553954904e+02 0.000000000000000000e+00
7.455895589558955407e+02 0.000000000000000000e+00
7.456395639563955910e+02 0.000000000000000000e+00
7.456895689568956413e+02 0.000000000000000000e+00
7.457395739573956917e+02 0.000000000000000000e+00
7.457895789578957420e+02 0.000000000000000000e+00
7.458395839583957923e+02 0.000000000000000000e+00
7.458895889588958426e+02 0.000000000000000000e+00
7.459395939593958929e+02 0.000000000000000000e+00
7.459895989598959432e+02 0.000000000000000000e+00
7.460396039603959935e+02 0.000000000000000000e+00
7.460896089608960438e+02 0.000000000000000000e+00
7.461396139613960941e+02 0.000000000000000000e+00
7.461896189618961444e+02 0.000000000000000000e+00
7.462396239623961947e+02 0.000000000000000000e+00
7.462896289628962450e+02 0.000000000000000000e+00
7.463396339633962953e+02 0.000000000000000000e+00
7.463896389638963456e+02 0.000000000000000000e+00
7.464396439643963959e+02 0.000000000000000000e+00
7.464896489648964462e+02 0.000000000000000000e+00
7.465396539653964965e+02 0.000000000000000000e+00
7.465896589658965468e+02 0.000000000000000000e+00
7.466396639663965971e+02 0.000000000000000000e+00
7.466896689668966474e+02 0.000000000000000000e+00
7.467396739673966977e+02 0.000000000000000000e+00
7.467896789678967480e+02 0.000000000000000000e+00
7.468396839683967983e+02 0.000000000000000000e+00
7.468896889688968486e+02 0.000000000000000000e+00
7.469396939693968989e+02 0.000000000000000000e+00
7.469896989698969492e+02 0.000000000000000000e+00
7.470397039703969995e+02 0.000000000000000000e+00
7.470897089708970498e+02 0.000000000000000000e+00
7.471397139713971001e+02 0.000000000000000000e+00
7.471897189718971504e+02 0.000000000000000000e+00
7.472397239723972007e+02 0.000000000000000000e+00
7.472897289728972510e+02 0.000000000000000000e+00
7.473397339733973013e+02 0.000000000000000000e+00
7.473897389738973516e+02 0.000000000000000000e+00
7.474397439743974019e+02 0.000000000000000000e+00
7.474897489748974522e+02 0.000000000000000000e+00
7.475397539753975025e+02 0.000000000000000000e+00
7.475897589758975528e+02 0.000000000000000000e+00
7.476397639763976031e+02 0.000000000000000000e+00
7.476897689768976534e+02 0.000000000000000000e+00
7.477397739773977037e+02 0.000000000000000000e+00
7.477897789778977540e+02 0.000000000000000000e+00
7.478397839783978043e+02 0.000000000000000000e+00
7.478897889788978546e+02 0.000000000000000000e+00
7.479397939793979049e+02 0.000000000000000000e+00
7.479897989798979552e+02 0.000000000000000000e+00
7.480398039803980055e+02 0.000000000000000000e+00
7.480898089808980558e+02 0.000000000000000000e+00
7.481398139813981061e+02 0.000000000000000000e+00
7.481898189818981564e+02 0.000000000000000000e+00
7.482398239823982067e+02 0.000000000000000000e+00
7.482898289828982570e+02 0.000000000000000000e+00
7.483398339833983073e+02 0.000000000000000000e+00
7.483898389838983576e+02 0.000000000000000000e+00
7.484398439843984079e+02 0.000000000000000000e+00
7.484898489848984582e+02 0.000000000000000000e+00
7.485398539853985085e+02 0.000000000000000000e+00
7.485898589858985588e+02 0.000000000000000000e+00
7.486398639863986091e+02 0.000000000000000000e+00
7.486898689868986594e+02 0.000000000000000000e+00
7.487398739873987097e+02 0.000000000000000000e+00
7.487898789878987600e+02 0.000000000000000000e+00
7.488398839883988103e+02 0.000000000000000000e+00
7.488898889888988606e+02 0.000000000000000000e+00
7.489398939893989109e+02 0.000000000000000000e+00
7.489898989898989612e+02 0.000000000000000000e+00
7.490399039903990115e+02 0.000000000000000000e+00
7.490899089908990618e+02 0.000000000000000000e+00
7.491399139913991121e+02 0.000000000000000000e+00
7.491899189918991624e+02 0.000000000000000000e+00
7.492399239923992127e+02 0.000000000000000000e+00
7.492899289928992630e+02 0.000000000000000000e+00
7.493399339933993133e+02 0.000000000000000000e+00
7.493899389938993636e+02 0.000000000000000000e+00
7.494399439943994139e+02 0.000000000000000000e+00
7.494899489948994642e+02 0.000000000000000000e+00
7.495399539953995145e+02 0.000000000000000000e+00
7.495899589958995648e+02 0.000000000000000000e+00
7.496399639963996151e+02 0.000000000000000000e+00
7.496899689968996654e+02 0.000000000000000000e+00
7.497399739973997157e+02 0.000000000000000000e+00
7.497899789978997660e+02 0.000000000000000000e+00
7.498399839983998163e+02 0.000000000000000000e+00
7.498899889988998666e+02 0.000000000000000000e+00
7.499399939993999169e+02 0.000000000000000000e+00
7.499899989998999672e+02 0.000000000000000000e+00
7.500400040004000175e+02 0.000000000000000000e+00
7.500900090009000678e+02 0.000000000000000000e+00
7.501400140014001181e+02 0.000000000000000000e+00
7.501900190019001684e+02 0.000000000000000000e+00
7.502400240024002187e+02 0.000000000000000000e+00
7.502900290029002690e+02 0.000000000000000000e+00
7.503400340034003193e+02 0.000000000000000000e+00
7.503900390039003696e+02 0.000000000000000000e+00
7.504400440044004199e+02 0.000000000000000000e+00
7.504900490049004702e+02 0.000000000000000000e+00
7.505400540054005205e+02 0.000000000000000000e+00
7.505900590059005708e+02 0.000000000000000000e+00
7.506400640064006211e+02 0.000000000000000000e+00
7.506900690069006714e+02 0.000000000000000000e+00
7.507400740074007217e+02 0.000000000000000000e+00
7.507900790079007720e+02 0.000000000000000000e+00
7.508400840084008223e+02 0.000000000000000000e+00
7.508900890089008726e+02 0.000000000000000000e+00
7.509400940094009229e+02 0.000000000000000000e+00
7.509900990099009732e+02 0.000000000000000000e+00
7.510401040104010235e+02 0.000000000000000000e+00
7.510901090109010738e+02 0.000000000000000000e+00
7.511401140114011241e+02 0.000000000000000000e+00
7.511901190119011744e+02 0.000000000000000000e+00
7.512401240124012247e+02 0.000000000000000000e+00
7.512901290129012750e+02 0.000000000000000000e+00
7.513401340134013253e+02 0.000000000000000000e+00
7.513901390139013756e+02 0.000000000000000000e+00
7.514401440144014259e+02 0.000000000000000000e+00
7.514901490149014762e+02 0.000000000000000000e+00
7.515401540154015265e+02 0.000000000000000000e+00
7.515901590159015768e+02 0.000000000000000000e+00
7.516401640164016271e+02 0.000000000000000000e+00
7.516901690169016774e+02 0.000000000000000000e+00
7.517401740174017277e+02 0.000000000000000000e+00
7.517901790179017780e+02 0.000000000000000000e+00
7.518401840184018283e+02 0.000000000000000000e+00
7.518901890189018786e+02 0.000000000000000000e+00
7.519401940194019289e+02 0.000000000000000000e+00
7.519901990199019792e+02 0.000000000000000000e+00
7.520402040204020295e+02 0.000000000000000000e+00
7.520902090209020798e+02 0.000000000000000000e+00
7.521402140214021301e+02 0.000000000000000000e+00
7.521902190219021804e+02 0.000000000000000000e+00
7.522402240224022307e+02 0.000000000000000000e+00
7.522902290229022810e+02 0.000000000000000000e+00
7.523402340234023313e+02 0.000000000000000000e+00
7.523902390239023816e+02 0.000000000000000000e+00
7.524402440244024319e+02 0.000000000000000000e+00
7.524902490249024822e+02 0.000000000000000000e+00
7.525402540254025325e+02 0.000000000000000000e+00
7.525902590259025828e+02 0.000000000000000000e+00
7.526402640264026331e+02 0.000000000000000000e+00
7.526902690269026834e+02 0.000000000000000000e+00
7.527402740274027337e+02 0.000000000000000000e+00
7.527902790279027840e+02 0.000000000000000000e+00
7.528402840284028343e+02 0.000000000000000000e+00
7.528902890289028846e+02 0.000000000000000000e+00
7.529402940294029349e+02 0.000000000000000000e+00
7.529902990299029852e+02 0.000000000000000000e+00
7.530403040304030355e+02 0.000000000000000000e+00
7.530903090309030858e+02 0.000000000000000000e+00
7.531403140314031361e+02 0.000000000000000000e+00
7.531903190319031864e+02 0.000000000000000000e+00
7.532403240324032367e+02 0.000000000000000000e+00
7.532903290329032870e+02 0.000000000000000000e+00
7.533403340334033373e+02 0.000000000000000000e+00
7.533903390339033876e+02 0.000000000000000000e+00
7.534403440344034379e+02 0.000000000000000000e+00
7.534903490349034882e+02 0.000000000000000000e+00
7.535403540354035385e+02 0.000000000000000000e+00
7.535903590359035888e+02 0.000000000000000000e+00
7.536403640364036391e+02 0.000000000000000000e+00
7.536903690369036894e+02 0.000000000000000000e+00
7.537403740374037397e+02 0.000000000000000000e+00
7.537903790379037900e+02 0.000000000000000000e+00
7.538403840384038403e+02 0.000000000000000000e+00
7.538903890389038907e+02 0.000000000000000000e+00
7.539403940394039410e+02 0.000000000000000000e+00
7.539903990399039913e+02 0.000000000000000000e+00
7.540404040404040416e+02 0.000000000000000000e+00
7.540904090409040919e+02 0.000000000000000000e+00
7.541404140414041422e+02 0.000000000000000000e+00
7.541904190419041925e+02 0.000000000000000000e+00
7.542404240424042428e+02 0.000000000000000000e+00
7.542904290429042931e+02 0.000000000000000000e+00
7.543404340434043434e+02 0.000000000000000000e+00
7.543904390439043937e+02 0.000000000000000000e+00
7.544404440444044440e+02 0.000000000000000000e+00
7.544904490449044943e+02 0.000000000000000000e+00
7.545404540454045446e+02 0.000000000000000000e+00
7.545904590459045949e+02 0.000000000000000000e+00
7.546404640464046452e+02 0.000000000000000000e+00
7.546904690469046955e+02 0.000000000000000000e+00
7.547404740474047458e+02 0.000000000000000000e+00
7.547904790479047961e+02 0.000000000000000000e+00
7.548404840484048464e+02 0.000000000000000000e+00
7.548904890489047830e+02 0.000000000000000000e+00
7.549404940494048333e+02 0.000000000000000000e+00
7.549904990499048836e+02 0.000000000000000000e+00
7.550405040504049339e+02 0.000000000000000000e+00
7.550905090509049842e+02 0.000000000000000000e+00
7.551405140514050345e+02 0.000000000000000000e+00
7.551905190519050848e+02 0.000000000000000000e+00
7.552405240524051351e+02 0.000000000000000000e+00
7.552905290529051854e+02 0.000000000000000000e+00
7.553405340534052357e+02 0.000000000000000000e+00
7.553905390539052860e+02 0.000000000000000000e+00
7.554405440544053363e+02 0.000000000000000000e+00
7.554905490549053866e+02 0.000000000000000000e+00
7.555405540554054369e+02 0.000000000000000000e+00
7.555905590559054872e+02 0.000000000000000000e+00
7.556405640564055375e+02 0.000000000000000000e+00
7.556905690569055878e+02 0.000000000000000000e+00
7.557405740574056381e+02 0.000000000000000000e+00
7.557905790579056884e+02 0.000000000000000000e+00
7.558405840584057387e+02 0.000000000000000000e+00
7.558905890589057890e+02 0.000000000000000000e+00
7.559405940594058393e+02 0.000000000000000000e+00
7.559905990599058896e+02 0.000000000000000000e+00
7.560406040604059399e+02 0.000000000000000000e+00
7.560906090609059902e+02 0.000000000000000000e+00
7.561406140614060405e+02 0.000000000000000000e+00
7.561906190619060908e+02 0.000000000000000000e+00
7.562406240624061411e+02 0.000000000000000000e+00
7.562906290629061914e+02 0.000000000000000000e+00
7.563406340634062417e+02 0.000000000000000000e+00
7.563906390639062920e+02 0.000000000000000000e+00
7.564406440644063423e+02 0.000000000000000000e+00
7.564906490649063926e+02 0.000000000000000000e+00
7.565406540654064429e+02 0.000000000000000000e+00
7.565906590659064932e+02 0.000000000000000000e+00
7.566406640664065435e+02 0.000000000000000000e+00
7.566906690669065938e+02 0.000000000000000000e+00
7.567406740674066441e+02 0.000000000000000000e+00
7.567906790679066944e+02 0.000000000000000000e+00
7.568406840684067447e+02 0.000000000000000000e+00
7.568906890689067950e+02 0.000000000000000000e+00
7.569406940694068453e+02 0.000000000000000000e+00
7.569906990699068956e+02 0.000000000000000000e+00
7.570407040704069459e+02 0.000000000000000000e+00
7.570907090709069962e+02 0.000000000000000000e+00
7.571407140714070465e+02 0.000000000000000000e+00
7.571907190719070968e+02 0.000000000000000000e+00
7.572407240724071471e+02 0.000000000000000000e+00
7.572907290729071974e+02 0.000000000000000000e+00
7.573407340734072477e+02 0.000000000000000000e+00
7.573907390739072980e+02 0.000000000000000000e+00
7.574407440744073483e+02 0.000000000000000000e+00
7.574907490749073986e+02 0.000000000000000000e+00
7.575407540754074489e+02 0.000000000000000000e+00
7.575907590759074992e+02 0.000000000000000000e+00
7.576407640764075495e+02 0.000000000000000000e+00
7.576907690769075998e+02 0.000000000000000000e+00
7.577407740774076501e+02 0.000000000000000000e+00
7.577907790779077004e+02 0.000000000000000000e+00
7.578407840784077507e+02 0.000000000000000000e+00
7.578907890789078010e+02 0.000000000000000000e+00
7.579407940794078513e+02 0.000000000000000000e+00
7.579907990799079016e+02 0.000000000000000000e+00
7.580408040804079519e+02 0.000000000000000000e+00
7.580908090809080022e+02 0.000000000000000000e+00
7.581408140814080525e+02 0.000000000000000000e+00
7.581908190819081028e+02 0.000000000000000000e+00
7.582408240824081531e+02 0.000000000000000000e+00
7.582908290829082034e+02 0.000000000000000000e+00
7.583408340834082537e+02 0.000000000000000000e+00
7.583908390839083040e+02 0.000000000000000000e+00
7.584408440844083543e+02 0.000000000000000000e+00
7.584908490849084046e+02 0.000000000000000000e+00
7.585408540854084549e+02 0.000000000000000000e+00
7.585908590859085052e+02 0.000000000000000000e+00
7.586408640864085555e+02 0.000000000000000000e+00
7.586908690869086058e+02 0.000000000000000000e+00
7.587408740874086561e+02 0.000000000000000000e+00
7.587908790879087064e+02 0.000000000000000000e+00
7.588408840884087567e+02 0.000000000000000000e+00
7.588908890889088070e+02 0.000000000000000000e+00
7.589408940894088573e+02 0.000000000000000000e+00
7.589908990899089076e+02 0.000000000000000000e+00
7.590409040904089579e+02 0.000000000000000000e+00
7.590909090909090082e+02 0.000000000000000000e+00
7.591409140914090585e+02 0.000000000000000000e+00
7.591909190919091088e+02 0.000000000000000000e+00
7.592409240924091591e+02 0.000000000000000000e+00
7.592909290929092094e+02 0.000000000000000000e+00
7.593409340934092597e+02 0.000000000000000000e+00
7.593909390939093100e+02 0.000000000000000000e+00
7.594409440944093603e+02 0.000000000000000000e+00
7.594909490949094106e+02 0.000000000000000000e+00
7.595409540954094609e+02 0.000000000000000000e+00
7.595909590959095112e+02 0.000000000000000000e+00
7.596409640964095615e+02 0.000000000000000000e+00
7.596909690969096118e+02 0.000000000000000000e+00
7.597409740974096621e+02 0.000000000000000000e+00
7.597909790979097124e+02 0.000000000000000000e+00
7.598409840984097627e+02 0.000000000000000000e+00
7.598909890989098130e+02 0.000000000000000000e+00
7.599409940994098633e+02 0.000000000000000000e+00
7.599909990999099136e+02 0.000000000000000000e+00
7.600410041004099639e+02 0.000000000000000000e+00
7.600910091009100142e+02 0.000000000000000000e+00
7.601410141014100645e+02 0.000000000000000000e+00
7.601910191019101148e+02 0.000000000000000000e+00
7.602410241024101651e+02 0.000000000000000000e+00
7.602910291029102154e+02 0.000000000000000000e+00
7.603410341034102657e+02 0.000000000000000000e+00
7.603910391039103160e+02 0.000000000000000000e+00
7.604410441044103663e+02 0.000000000000000000e+00
7.604910491049104166e+02 0.000000000000000000e+00
7.605410541054104669e+02 0.000000000000000000e+00
7.605910591059105172e+02 0.000000000000000000e+00
7.606410641064105675e+02 0.000000000000000000e+00
7.606910691069106178e+02 0.000000000000000000e+00
7.607410741074106681e+02 0.000000000000000000e+00
7.607910791079107184e+02 0.000000000000000000e+00
7.608410841084107687e+02 0.000000000000000000e+00
7.608910891089108190e+02 0.000000000000000000e+00
7.609410941094108694e+02 0.000000000000000000e+00
7.609910991099109197e+02 0.000000000000000000e+00
7.610411041104109700e+02 0.000000000000000000e+00
7.610911091109110203e+02 0.000000000000000000e+00
7.611411141114110706e+02 0.000000000000000000e+00
7.611911191119111209e+02 0.000000000000000000e+00
7.612411241124111712e+02 0.000000000000000000e+00
7.612911291129112215e+02 0.000000000000000000e+00
7.613411341134112718e+02 0.000000000000000000e+00
7.613911391139113221e+02 0.000000000000000000e+00
7.614411441144113724e+02 0.000000000000000000e+00
7.614911491149114227e+02 0.000000000000000000e+00
7.615411541154114730e+02 0.000000000000000000e+00
7.615911591159115233e+02 0.000000000000000000e+00
7.616411641164115736e+02 0.000000000000000000e+00
7.616911691169116239e+02 0.000000000000000000e+00
7.617411741174116742e+02 0.000000000000000000e+00
7.617911791179117245e+02 0.000000000000000000e+00
7.618411841184117748e+02 0.000000000000000000e+00
7.618911891189118251e+02 0.000000000000000000e+00
7.619411941194118754e+02 0.000000000000000000e+00
7.619911991199119257e+02 0.000000000000000000e+00
7.620412041204119760e+02 0.000000000000000000e+00
7.620912091209120263e+02 0.000000000000000000e+00
7.621412141214120766e+02 0.000000000000000000e+00
7.621912191219121269e+02 0.000000000000000000e+00
7.622412241224121772e+02 0.000000000000000000e+00
7.622912291229122275e+02 0.000000000000000000e+00
7.623412341234122778e+02 0.000000000000000000e+00
7.623912391239123281e+02 0.000000000000000000e+00
7.624412441244123784e+02 0.000000000000000000e+00
7.624912491249124287e+02 0.000000000000000000e+00
7.625412541254124790e+02 0.000000000000000000e+00
7.625912591259125293e+02 0.000000000000000000e+00
7.626412641264125796e+02 0.000000000000000000e+00
7.626912691269126299e+02 0.000000000000000000e+00
7.627412741274126802e+02 0.000000000000000000e+00
7.627912791279127305e+02 0.000000000000000000e+00
7.628412841284127808e+02 0.000000000000000000e+00
7.628912891289128311e+02 0.000000000000000000e+00
7.629412941294128814e+02 0.000000000000000000e+00
7.629912991299129317e+02 0.000000000000000000e+00
7.630413041304129820e+02 0.000000000000000000e+00
7.630913091309130323e+02 0.000000000000000000e+00
7.631413141314130826e+02 0.000000000000000000e+00
7.631913191319131329e+02 0.000000000000000000e+00
7.632413241324131832e+02 0.000000000000000000e+00
7.632913291329132335e+02 0.000000000000000000e+00
7.633413341334132838e+02 0.000000000000000000e+00
7.633913391339133341e+02 0.000000000000000000e+00
7.634413441344133844e+02 0.000000000000000000e+00
7.634913491349134347e+02 0.000000000000000000e+00
7.635413541354134850e+02 0.000000000000000000e+00
7.635913591359135353e+02 0.000000000000000000e+00
7.636413641364135856e+02 0.000000000000000000e+00
7.636913691369136359e+02 0.000000000000000000e+00
7.637413741374136862e+02 0.000000000000000000e+00
7.637913791379137365e+02 0.000000000000000000e+00
7.638413841384137868e+02 0.000000000000000000e+00
7.638913891389138371e+02 0.000000000000000000e+00
7.639413941394138874e+02 0.000000000000000000e+00
7.639913991399139377e+02 0.000000000000000000e+00
7.640414041404139880e+02 0.000000000000000000e+00
7.640914091409140383e+02 0.000000000000000000e+00
7.641414141414140886e+02 0.000000000000000000e+00
7.641914191419141389e+02 0.000000000000000000e+00
7.642414241424141892e+02 0.000000000000000000e+00
7.642914291429142395e+02 0.000000000000000000e+00
7.643414341434142898e+02 0.000000000000000000e+00
7.643914391439143401e+02 0.000000000000000000e+00
7.644414441444143904e+02 0.000000000000000000e+00
7.644914491449144407e+02 0.000000000000000000e+00
7.645414541454144910e+02 0.000000000000000000e+00
7.645914591459145413e+02 0.000000000000000000e+00
7.646414641464145916e+02 0.000000000000000000e+00
7.646914691469146419e+02 0.000000000000000000e+00
7.647414741474146922e+02 0.000000000000000000e+00
7.647914791479147425e+02 0.000000000000000000e+00
7.648414841484147928e+02 0.000000000000000000e+00
7.648914891489148431e+02 0.000000000000000000e+00
7.649414941494148934e+02 0.000000000000000000e+00
7.649914991499149437e+02 0.000000000000000000e+00
7.650415041504149940e+02 0.000000000000000000e+00
7.650915091509150443e+02 0.000000000000000000e+00
7.651415141514150946e+02 0.000000000000000000e+00
7.651915191519151449e+02 0.000000000000000000e+00
7.652415241524151952e+02 0.000000000000000000e+00
7.652915291529152455e+02 0.000000000000000000e+00
7.653415341534152958e+02 0.000000000000000000e+00
7.653915391539153461e+02 0.000000000000000000e+00
7.654415441544153964e+02 0.000000000000000000e+00
7.654915491549154467e+02 0.000000000000000000e+00
7.655415541554154970e+02 0.000000000000000000e+00
7.655915591559155473e+02 0.000000000000000000e+00
7.656415641564155976e+02 0.000000000000000000e+00
7.656915691569156479e+02 0.000000000000000000e+00
7.657415741574156982e+02 0.000000000000000000e+00
7.657915791579157485e+02 0.000000000000000000e+00
7.658415841584157988e+02 0.000000000000000000e+00
7.658915891589158491e+02 0.000000000000000000e+00
7.659415941594158994e+02 0.000000000000000000e+00
7.659915991599159497e+02 0.000000000000000000e+00
7.660416041604160000e+02 0.000000000000000000e+00
7.660916091609160503e+02 0.000000000000000000e+00
7.661416141614161006e+02 0.000000000000000000e+00
7.661916191619161509e+02 0.000000000000000000e+00
7.662416241624162012e+02 0.000000000000000000e+00
7.662916291629162515e+02 0.000000000000000000e+00
7.663416341634163018e+02 0.000000000000000000e+00
7.663916391639163521e+02 0.000000000000000000e+00
7.664416441644164024e+02 0.000000000000000000e+00
7.664916491649164527e+02 0.000000000000000000e+00
7.665416541654165030e+02 0.000000000000000000e+00
7.665916591659165533e+02 0.000000000000000000e+00
7.666416641664166036e+02 0.000000000000000000e+00
7.666916691669166539e+02 0.000000000000000000e+00
7.667416741674167042e+02 0.000000000000000000e+00
7.667916791679167545e+02 0.000000000000000000e+00
7.668416841684168048e+02 0.000000000000000000e+00
7.668916891689168551e+02 0.000000000000000000e+00
7.669416941694169054e+02 0.000000000000000000e+00
7.669916991699169557e+02 0.000000000000000000e+00
7.670417041704170060e+02 0.000000000000000000e+00
7.670917091709170563e+02 0.000000000000000000e+00
7.671417141714171066e+02 0.000000000000000000e+00
7.671917191719171569e+02 0.000000000000000000e+00
7.672417241724172072e+02 0.000000000000000000e+00
7.672917291729172575e+02 0.000000000000000000e+00
7.673417341734173078e+02 0.000000000000000000e+00
7.673917391739173581e+02 0.000000000000000000e+00
7.674417441744174084e+02 0.000000000000000000e+00
7.674917491749174587e+02 0.000000000000000000e+00
7.675417541754175090e+02 0.000000000000000000e+00
7.675917591759175593e+02 0.000000000000000000e+00
7.676417641764176096e+02 0.000000000000000000e+00
7.676917691769176599e+02 0.000000000000000000e+00
7.677417741774177102e+02 0.000000000000000000e+00
7.677917791779177605e+02 0.000000000000000000e+00
7.678417841784178108e+02 0.000000000000000000e+00
7.678917891789178611e+02 0.000000000000000000e+00
7.679417941794179114e+02 0.000000000000000000e+00
7.679917991799179617e+02 0.000000000000000000e+00
7.680418041804180120e+02 0.000000000000000000e+00
7.680918091809180623e+02 0.000000000000000000e+00
7.681418141814181126e+02 0.000000000000000000e+00
7.681918191819181629e+02 0.000000000000000000e+00
7.682418241824182132e+02 0.000000000000000000e+00
7.682918291829182635e+02 0.000000000000000000e+00
7.683418341834183138e+02 0.000000000000000000e+00
7.683918391839183641e+02 0.000000000000000000e+00
7.684418441844184144e+02 0.000000000000000000e+00
7.684918491849184647e+02 0.000000000000000000e+00
7.685418541854185150e+02 0.000000000000000000e+00
7.685918591859185653e+02 0.000000000000000000e+00
7.686418641864186156e+02 0.000000000000000000e+00
7.686918691869186659e+02 0.000000000000000000e+00
7.687418741874187162e+02 0.000000000000000000e+00
7.687918791879187665e+02 0.000000000000000000e+00
7.688418841884188168e+02 0.000000000000000000e+00
7.688918891889188671e+02 0.000000000000000000e+00
7.689418941894189174e+02 0.000000000000000000e+00
7.689918991899189677e+02 0.000000000000000000e+00
7.690419041904190181e+02 0.000000000000000000e+00
7.690919091909190684e+02 0.000000000000000000e+00
7.691419141914191187e+02 0.000000000000000000e+00
7.691919191919191690e+02 0.000000000000000000e+00
7.692419241924192193e+02 0.000000000000000000e+00
7.692919291929192696e+02 0.000000000000000000e+00
7.693419341934193199e+02 0.000000000000000000e+00
7.693919391939193702e+02 0.000000000000000000e+00
7.694419441944194205e+02 0.000000000000000000e+00
7.694919491949194708e+02 0.000000000000000000e+00
7.695419541954195211e+02 0.000000000000000000e+00
7.695919591959195714e+02 0.000000000000000000e+00
7.696419641964196217e+02 0.000000000000000000e+00
7.696919691969196720e+02 0.000000000000000000e+00
7.697419741974197223e+02 0.000000000000000000e+00
7.697919791979197726e+02 0.000000000000000000e+00
7.698419841984198229e+02 0.000000000000000000e+00
7.698919891989198732e+02 0.000000000000000000e+00
7.699419941994199235e+02 0.000000000000000000e+00
7.699919991999199738e+02 0.000000000000000000e+00
7.700420042004200241e+02 0.000000000000000000e+00
7.700920092009200744e+02 0.000000000000000000e+00
7.701420142014201247e+02 0.000000000000000000e+00
7.701920192019201750e+02 0.000000000000000000e+00
7.702420242024202253e+02 0.000000000000000000e+00
7.702920292029202756e+02 0.000000000000000000e+00
7.703420342034203259e+02 0.000000000000000000e+00
7.703920392039203762e+02 0.000000000000000000e+00
7.704420442044204265e+02 0.000000000000000000e+00
7.704920492049204768e+02 0.000000000000000000e+00
7.705420542054205271e+02 0.000000000000000000e+00
7.705920592059205774e+02 0.000000000000000000e+00
7.706420642064206277e+02 0.000000000000000000e+00
7.706920692069206780e+02 0.000000000000000000e+00
7.707420742074207283e+02 0.000000000000000000e+00
7.707920792079207786e+02 0.000000000000000000e+00
7.708420842084208289e+02 0.000000000000000000e+00
7.708920892089208792e+02 0.000000000000000000e+00
7.709420942094209295e+02 0.000000000000000000e+00
7.709920992099209798e+02 0.000000000000000000e+00
7.710421042104210301e+02 0.000000000000000000e+00
7.710921092109210804e+02 0.000000000000000000e+00
7.711421142114211307e+02 0.000000000000000000e+00
7.711921192119211810e+02 0.000000000000000000e+00
7.712421242124212313e+02 0.000000000000000000e+00
7.712921292129212816e+02 0.000000000000000000e+00
7.713421342134213319e+02 0.000000000000000000e+00
7.713921392139213822e+02 0.000000000000000000e+00
7.714421442144214325e+02 0.000000000000000000e+00
7.714921492149214828e+02 0.000000000000000000e+00
7.715421542154215331e+02 0.000000000000000000e+00
7.715921592159215834e+02 0.000000000000000000e+00
7.716421642164216337e+02 0.000000000000000000e+00
7.716921692169216840e+02 0.000000000000000000e+00
7.717421742174217343e+02 0.000000000000000000e+00
7.717921792179217846e+02 0.000000000000000000e+00
7.718421842184218349e+02 0.000000000000000000e+00
7.718921892189218852e+02 0.000000000000000000e+00
7.719421942194219355e+02 0.000000000000000000e+00
7.719921992199219858e+02 0.000000000000000000e+00
7.720422042204220361e+02 0.000000000000000000e+00
7.720922092209220864e+02 0.000000000000000000e+00
7.721422142214221367e+02 0.000000000000000000e+00
7.721922192219221870e+02 0.000000000000000000e+00
7.722422242224222373e+02 0.000000000000000000e+00
7.722922292229222876e+02 0.000000000000000000e+00
7.723422342234223379e+02 0.000000000000000000e+00
7.723922392239223882e+02 0.000000000000000000e+00
7.724422442244224385e+02 0.000000000000000000e+00
7.724922492249224888e+02 0.000000000000000000e+00
7.725422542254225391e+02 0.000000000000000000e+00
7.725922592259225894e+02 0.000000000000000000e+00
7.726422642264226397e+02 0.000000000000000000e+00
7.726922692269226900e+02 0.000000000000000000e+00
7.727422742274227403e+02 0.000000000000000000e+00
7.727922792279227906e+02 0.000000000000000000e+00
7.728422842284228409e+02 0.000000000000000000e+00
7.728922892289228912e+02 0.000000000000000000e+00
7.729422942294229415e+02 0.000000000000000000e+00
7.729922992299229918e+02 0.000000000000000000e+00
7.730423042304230421e+02 0.000000000000000000e+00
7.730923092309230924e+02 0.000000000000000000e+00
7.731423142314231427e+02 0.000000000000000000e+00
7.731923192319231930e+02 0.000000000000000000e+00
7.732423242324232433e+02 0.000000000000000000e+00
7.732923292329232936e+02 0.000000000000000000e+00
7.733423342334233439e+02 0.000000000000000000e+00
7.733923392339233942e+02 0.000000000000000000e+00
7.734423442344234445e+02 0.000000000000000000e+00
7.734923492349234948e+02 0.000000000000000000e+00
7.735423542354235451e+02 0.000000000000000000e+00
7.735923592359235954e+02 0.000000000000000000e+00
7.736423642364236457e+02 0.000000000000000000e+00
7.736923692369236960e+02 0.000000000000000000e+00
7.737423742374237463e+02 0.000000000000000000e+00
7.737923792379237966e+02 0.000000000000000000e+00
7.738423842384238469e+02 0.000000000000000000e+00
7.738923892389238972e+02 0.000000000000000000e+00
7.739423942394239475e+02 0.000000000000000000e+00
7.739923992399239978e+02 0.000000000000000000e+00
7.740424042404240481e+02 0.000000000000000000e+00
7.740924092409240984e+02 0.000000000000000000e+00
7.741424142414241487e+02 0.000000000000000000e+00
7.741924192419241990e+02 0.000000000000000000e+00
7.742424242424242493e+02 0.000000000000000000e+00
7.742924292429242996e+02 0.000000000000000000e+00
7.743424342434243499e+02 0.000000000000000000e+00
7.743924392439244002e+02 0.000000000000000000e+00
7.744424442444244505e+02 0.000000000000000000e+00
7.744924492449245008e+02 0.000000000000000000e+00
7.745424542454245511e+02 0.000000000000000000e+00
7.745924592459246014e+02 0.000000000000000000e+00
7.746424642464246517e+02 0.000000000000000000e+00
7.746924692469247020e+02 0.000000000000000000e+00
7.747424742474247523e+02 0.000000000000000000e+00
7.747924792479248026e+02 0.000000000000000000e+00
7.748424842484248529e+02 0.000000000000000000e+00
7.748924892489249032e+02 0.000000000000000000e+00
7.749424942494249535e+02 0.000000000000000000e+00
7.749924992499250038e+02 0.000000000000000000e+00
7.750425042504250541e+02 0.000000000000000000e+00
7.750925092509251044e+02 0.000000000000000000e+00
7.751425142514251547e+02 0.000000000000000000e+00
7.751925192519252050e+02 0.000000000000000000e+00
7.752425242524252553e+02 0.000000000000000000e+00
7.752925292529253056e+02 0.000000000000000000e+00
7.753425342534253559e+02 0.000000000000000000e+00
7.753925392539254062e+02 0.000000000000000000e+00
7.754425442544254565e+02 0.000000000000000000e+00
7.754925492549255068e+02 0.000000000000000000e+00
7.755425542554255571e+02 0.000000000000000000e+00
7.755925592559256074e+02 0.000000000000000000e+00
7.756425642564256577e+02 0.000000000000000000e+00
7.756925692569257080e+02 0.000000000000000000e+00
7.757425742574257583e+02 0.000000000000000000e+00
7.757925792579258086e+02 0.000000000000000000e+00
7.758425842584258589e+02 0.000000000000000000e+00
7.758925892589259092e+02 0.000000000000000000e+00
7.759425942594259595e+02 0.000000000000000000e+00
7.759925992599260098e+02 0.000000000000000000e+00
7.760426042604260601e+02 0.000000000000000000e+00
7.760926092609261104e+02 0.000000000000000000e+00
7.761426142614261607e+02 0.000000000000000000e+00
7.761926192619262110e+02 0.000000000000000000e+00
7.762426242624262613e+02 0.000000000000000000e+00
7.762926292629263116e+02 0.000000000000000000e+00
7.763426342634263619e+02 0.000000000000000000e+00
7.763926392639264122e+02 0.000000000000000000e+00
7.764426442644264625e+02 0.000000000000000000e+00
7.764926492649265128e+02 0.000000000000000000e+00
7.765426542654265631e+02 0.000000000000000000e+00
7.765926592659266134e+02 0.000000000000000000e+00
7.766426642664266637e+02 0.000000000000000000e+00
7.766926692669267140e+02 0.000000000000000000e+00
7.767426742674267643e+02 0.000000000000000000e+00
7.767926792679268146e+02 0.000000000000000000e+00
7.768426842684268649e+02 0.000000000000000000e+00
7.768926892689269152e+02 0.000000000000000000e+00
7.769426942694269655e+02 0.000000000000000000e+00
7.769926992699270158e+02 0.000000000000000000e+00
7.770427042704270661e+02 0.000000000000000000e+00
7.770927092709271164e+02 0.000000000000000000e+00
7.771427142714271668e+02 0.000000000000000000e+00
7.771927192719272171e+02 0.000000000000000000e+00
7.772427242724272674e+02 0.000000000000000000e+00
7.772927292729273177e+02 0.000000000000000000e+00
7.773427342734273680e+02 0.000000000000000000e+00
7.773927392739274183e+02 0.000000000000000000e+00
7.774427442744274686e+02 0.000000000000000000e+00
7.774927492749275189e+02 0.000000000000000000e+00
7.775427542754275692e+02 0.000000000000000000e+00
7.775927592759276195e+02 0.000000000000000000e+00
7.776427642764276698e+02 0.000000000000000000e+00
7.776927692769277201e+02 0.000000000000000000e+00
7.777427742774277704e+02 0.000000000000000000e+00
7.777927792779278207e+02 0.000000000000000000e+00
7.778427842784278710e+02 0.000000000000000000e+00
7.778927892789279213e+02 0.000000000000000000e+00
7.779427942794279716e+02 0.000000000000000000e+00
7.779927992799280219e+02 0.000000000000000000e+00
7.780428042804280722e+02 0.000000000000000000e+00
7.780928092809281225e+02 0.000000000000000000e+00
7.781428142814281728e+02 0.000000000000000000e+00
7.781928192819282231e+02 0.000000000000000000e+00
7.782428242824282734e+02 0.000000000000000000e+00
7.782928292829283237e+02 0.000000000000000000e+00
7.783428342834283740e+02 0.000000000000000000e+00
7.783928392839284243e+02 0.000000000000000000e+00
7.784428442844284746e+02 0.000000000000000000e+00
7.784928492849285249e+02 0.000000000000000000e+00
7.785428542854285752e+02 0.000000000000000000e+00
7.785928592859286255e+02 0.000000000000000000e+00
7.786428642864286758e+02 0.000000000000000000e+00
7.786928692869287261e+02 0.000000000000000000e+00
7.787428742874287764e+02 0.000000000000000000e+00
7.787928792879288267e+02 0.000000000000000000e+00
7.788428842884288770e+02 0.000000000000000000e+00
7.788928892889289273e+02 0.000000000000000000e+00
7.789428942894289776e+02 0.000000000000000000e+00
7.789928992899290279e+02 0.000000000000000000e+00
7.790429042904290782e+02 0.000000000000000000e+00
7.790929092909291285e+02 0.000000000000000000e+00
7.791429142914291788e+02 0.000000000000000000e+00
7.791929192919292291e+02 0.000000000000000000e+00
7.792429242924292794e+02 0.000000000000000000e+00
7.792929292929293297e+02 0.000000000000000000e+00
7.793429342934293800e+02 0.000000000000000000e+00
7.793929392939294303e+02 0.000000000000000000e+00
7.794429442944294806e+02 0.000000000000000000e+00
7.794929492949295309e+02 0.000000000000000000e+00
7.795429542954295812e+02 0.000000000000000000e+00
7.795929592959296315e+02 0.000000000000000000e+00
7.796429642964296818e+02 0.000000000000000000e+00
7.796929692969297321e+02 0.000000000000000000e+00
7.797429742974297824e+02 0.000000000000000000e+00
7.797929792979298327e+02 0.000000000000000000e+00
7.798429842984298830e+02 0.000000000000000000e+00
7.798929892989299333e+02 0.000000000000000000e+00
7.799429942994299836e+02 0.000000000000000000e+00
7.799929992999300339e+02 0.000000000000000000e+00
7.800430043004300842e+02 0.000000000000000000e+00
7.800930093009301345e+02 0.000000000000000000e+00
7.801430143014301848e+02 0.000000000000000000e+00
7.801930193019302351e+02 0.000000000000000000e+00
7.802430243024302854e+02 0.000000000000000000e+00
7.802930293029303357e+02 0.000000000000000000e+00
7.803430343034303860e+02 0.000000000000000000e+00
7.803930393039304363e+02 0.000000000000000000e+00
7.804430443044304866e+02 0.000000000000000000e+00
7.804930493049305369e+02 0.000000000000000000e+00
7.805430543054305872e+02 0.000000000000000000e+00
7.805930593059306375e+02 0.000000000000000000e+00
7.806430643064306878e+02 0.000000000000000000e+00
7.806930693069307381e+02 0.000000000000000000e+00
7.807430743074307884e+02 0.000000000000000000e+00
7.807930793079308387e+02 0.000000000000000000e+00
7.808430843084308890e+02 0.000000000000000000e+00
7.808930893089309393e+02 0.000000000000000000e+00
7.809430943094309896e+02 0.000000000000000000e+00
7.809930993099310399e+02 0.000000000000000000e+00
7.810431043104310902e+02 0.000000000000000000e+00
7.810931093109311405e+02 0.000000000000000000e+00
7.811431143114311908e+02 0.000000000000000000e+00
7.811931193119312411e+02 0.000000000000000000e+00
7.812431243124312914e+02 0.000000000000000000e+00
7.812931293129313417e+02 0.000000000000000000e+00
7.813431343134313920e+02 0.000000000000000000e+00
7.813931393139314423e+02 0.000000000000000000e+00
7.814431443144314926e+02 0.000000000000000000e+00
7.814931493149315429e+02 0.000000000000000000e+00
7.815431543154315932e+02 0.000000000000000000e+00
7.815931593159316435e+02 0.000000000000000000e+00
7.816431643164316938e+02 0.000000000000000000e+00
7.816931693169317441e+02 0.000000000000000000e+00
7.817431743174317944e+02 0.000000000000000000e+00
7.817931793179318447e+02 0.000000000000000000e+00
7.818431843184318950e+02 0.000000000000000000e+00
7.818931893189319453e+02 0.000000000000000000e+00
7.819431943194319956e+02 0.000000000000000000e+00
7.819931993199320459e+02 0.000000000000000000e+00
7.820432043204320962e+02 0.000000000000000000e+00
7.820932093209321465e+02 0.000000000000000000e+00
7.821432143214321968e+02 0.000000000000000000e+00
7.821932193219322471e+02 0.000000000000000000e+00
7.822432243224322974e+02 0.000000000000000000e+00
7.822932293229323477e+02 0.000000000000000000e+00
7.823432343234323980e+02 0.000000000000000000e+00
7.823932393239324483e+02 0.000000000000000000e+00
7.824432443244324986e+02 0.000000000000000000e+00
7.824932493249325489e+02 0.000000000000000000e+00
7.825432543254325992e+02 0.000000000000000000e+00
7.825932593259326495e+02 0.000000000000000000e+00
7.826432643264326998e+02 0.000000000000000000e+00
7.826932693269327501e+02 0.000000000000000000e+00
7.827432743274328004e+02 0.000000000000000000e+00
7.827932793279328507e+02 0.000000000000000000e+00
7.828432843284329010e+02 0.000000000000000000e+00
7.828932893289329513e+02 0.000000000000000000e+00
7.829432943294330016e+02 0.000000000000000000e+00
7.829932993299330519e+02 0.000000000000000000e+00
7.830433043304331022e+02 0.000000000000000000e+00
7.830933093309331525e+02 0.000000000000000000e+00
7.831433143314332028e+02 0.000000000000000000e+00
7.831933193319332531e+02 0.000000000000000000e+00
7.832433243324333034e+02 0.000000000000000000e+00
7.832933293329333537e+02 0.000000000000000000e+00
7.833433343334334040e+02 0.000000000000000000e+00
7.833933393339334543e+02 0.000000000000000000e+00
7.834433443344335046e+02 0.000000000000000000e+00
7.834933493349334412e+02 0.000000000000000000e+00
7.835433543354334915e+02 0.000000000000000000e+00
7.835933593359335418e+02 0.000000000000000000e+00
7.836433643364335921e+02 0.000000000000000000e+00
7.836933693369336424e+02 0.000000000000000000e+00
7.837433743374336927e+02 0.000000000000000000e+00
7.837933793379337430e+02 0.000000000000000000e+00
7.838433843384337933e+02 0.000000000000000000e+00
7.838933893389338436e+02 0.000000000000000000e+00
7.839433943394338939e+02 0.000000000000000000e+00
7.839933993399339442e+02 0.000000000000000000e+00
7.840434043404339945e+02 0.000000000000000000e+00
7.840934093409340448e+02 0.000000000000000000e+00
7.841434143414340951e+02 0.000000000000000000e+00
7.841934193419341455e+02 0.000000000000000000e+00
7.842434243424341958e+02 0.000000000000000000e+00
7.842934293429342461e+02 0.000000000000000000e+00
7.843434343434342964e+02 0.000000000000000000e+00
7.843934393439343467e+02 0.000000000000000000e+00
7.844434443444343970e+02 0.000000000000000000e+00
7.844934493449344473e+02 0.000000000000000000e+00
7.845434543454344976e+02 0.000000000000000000e+00
7.845934593459345479e+02 0.000000000000000000e+00
7.846434643464345982e+02 0.000000000000000000e+00
7.846934693469346485e+02 0.000000000000000000e+00
7.847434743474346988e+02 0.000000000000000000e+00
7.847934793479347491e+02 0.000000000000000000e+00
7.848434843484347994e+02 0.000000000000000000e+00
7.848934893489348497e+02 0.000000000000000000e+00
7.849434943494349000e+02 0.000000000000000000e+00
7.849934993499349503e+02 0.000000000000000000e+00
7.850435043504350006e+02 0.000000000000000000e+00
7.850935093509350509e+02 0.000000000000000000e+00
7.851435143514351012e+02 0.000000000000000000e+00
7.851935193519351515e+02 0.000000000000000000e+00
7.852435243524352018e+02 0.000000000000000000e+00
7.852935293529352521e+02 0.000000000000000000e+00
7.853435343534353024e+02 0.000000000000000000e+00
7.853935393539353527e+02 0.000000000000000000e+00
7.854435443544354030e+02 0.000000000000000000e+00
7.854935493549354533e+02 0.000000000000000000e+00
7.855435543554355036e+02 0.000000000000000000e+00
7.855935593559355539e+02 0.000000000000000000e+00
7.856435643564356042e+02 0.000000000000000000e+00
7.856935693569356545e+02 0.000000000000000000e+00
7.857435743574357048e+02 0.000000000000000000e+00
7.857935793579357551e+02 0.000000000000000000e+00
7.858435843584358054e+02 0.000000000000000000e+00
7.858935893589358557e+02 0.000000000000000000e+00
7.859435943594359060e+02 0.000000000000000000e+00
7.859935993599359563e+02 0.000000000000000000e+00
7.860436043604360066e+02 0.000000000000000000e+00
7.860936093609360569e+02 0.000000000000000000e+00
7.861436143614361072e+02 0.000000000000000000e+00
7.861936193619361575e+02 0.000000000000000000e+00
7.862436243624362078e+02 0.000000000000000000e+00
7.862936293629362581e+02 0.000000000000000000e+00
7.863436343634363084e+02 0.000000000000000000e+00
7.863936393639363587e+02 0.000000000000000000e+00
7.864436443644364090e+02 0.000000000000000000e+00
7.864936493649364593e+02 0.000000000000000000e+00
7.865436543654365096e+02 0.000000000000000000e+00
7.865936593659365599e+02 0.000000000000000000e+00
7.866436643664366102e+02 0.000000000000000000e+00
7.866936693669366605e+02 0.000000000000000000e+00
7.867436743674367108e+02 0.000000000000000000e+00
7.867936793679367611e+02 0.000000000000000000e+00
7.868436843684368114e+02 0.000000000000000000e+00
7.868936893689368617e+02 0.000000000000000000e+00
7.869436943694369120e+02 0.000000000000000000e+00
7.869936993699369623e+02 0.000000000000000000e+00
7.870437043704370126e+02 0.000000000000000000e+00
7.870937093709370629e+02 0.000000000000000000e+00
7.871437143714371132e+02 0.000000000000000000e+00
7.871937193719371635e+02 0.000000000000000000e+00
7.872437243724372138e+02 0.000000000000000000e+00
7.872937293729372641e+02 0.000000000000000000e+00
7.873437343734373144e+02 0.000000000000000000e+00
7.873937393739373647e+02 0.000000000000000000e+00
7.874437443744374150e+02 0.000000000000000000e+00
7.874937493749374653e+02 0.000000000000000000e+00
7.875437543754375156e+02 0.000000000000000000e+00
7.875937593759375659e+02 0.000000000000000000e+00
7.876437643764376162e+02 0.000000000000000000e+00
7.876937693769376665e+02 0.000000000000000000e+00
7.877437743774377168e+02 0.000000000000000000e+00
7.877937793779377671e+02 0.000000000000000000e+00
7.878437843784378174e+02 0.000000000000000000e+00
7.878937893789378677e+02 0.000000000000000000e+00
7.879437943794379180e+02 0.000000000000000000e+00
7.879937993799379683e+02 0.000000000000000000e+00
7.880438043804380186e+02 0.000000000000000000e+00
7.880938093809380689e+02 0.000000000000000000e+00
7.881438143814381192e+02 0.000000000000000000e+00
7.881938193819381695e+02 0.000000000000000000e+00
7.882438243824382198e+02 0.000000000000000000e+00
7.882938293829382701e+02 0.000000000000000000e+00
7.883438343834383204e+02 0.000000000000000000e+00
7.883938393839383707e+02 0.000000000000000000e+00
7.884438443844384210e+02 0.000000000000000000e+00
7.884938493849384713e+02 0.000000000000000000e+00
7.885438543854385216e+02 0.000000000000000000e+00
7.885938593859385719e+02 0.000000000000000000e+00
7.886438643864386222e+02 0.000000000000000000e+00
7.886938693869386725e+02 0.000000000000000000e+00
7.887438743874387228e+02 0.000000000000000000e+00
7.887938793879387731e+02 0.000000000000000000e+00
7.888438843884388234e+02 0.000000000000000000e+00
7.888938893889388737e+02 0.000000000000000000e+00
7.889438943894389240e+02 0.000000000000000000e+00
7.889938993899389743e+02 0.000000000000000000e+00
7.890439043904390246e+02 0.000000000000000000e+00
7.890939093909390749e+02 0.000000000000000000e+00
7.891439143914391252e+02 0.000000000000000000e+00
7.891939193919391755e+02 0.000000000000000000e+00
7.892439243924392258e+02 0.000000000000000000e+00
7.892939293929392761e+02 0.000000000000000000e+00
7.893439343934393264e+02 0.000000000000000000e+00
7.893939393939393767e+02 0.000000000000000000e+00
7.894439443944394270e+02 0.000000000000000000e+00
7.894939493949394773e+02 0.000000000000000000e+00
7.895439543954395276e+02 0.000000000000000000e+00
7.895939593959395779e+02 0.000000000000000000e+00
7.896439643964396282e+02 0.000000000000000000e+00
7.896939693969396785e+02 0.000000000000000000e+00
7.897439743974397288e+02 0.000000000000000000e+00
7.897939793979397791e+02 0.000000000000000000e+00
7.898439843984398294e+02 0.000000000000000000e+00
7.898939893989398797e+02 0.000000000000000000e+00
7.899439943994399300e+02 0.000000000000000000e+00
7.899939993999399803e+02 0.000000000000000000e+00
7.900440044004400306e+02 0.000000000000000000e+00
7.900940094009400809e+02 0.000000000000000000e+00
7.901440144014401312e+02 0.000000000000000000e+00
7.901940194019401815e+02 0.000000000000000000e+00
7.902440244024402318e+02 0.000000000000000000e+00
7.902940294029402821e+02 0.000000000000000000e+00
7.903440344034403324e+02 0.000000000000000000e+00
7.903940394039403827e+02 0.000000000000000000e+00
7.904440444044404330e+02 0.000000000000000000e+00
7.904940494049404833e+02 0.000000000000000000e+00
7.905440544054405336e+02 0.000000000000000000e+00
7.905940594059405839e+02 0.000000000000000000e+00
7.906440644064406342e+02 0.000000000000000000e+00
7.906940694069406845e+02 0.000000000000000000e+00
7.907440744074407348e+02 0.000000000000000000e+00
7.907940794079407851e+02 0.000000000000000000e+00
7.908440844084408354e+02 0.000000000000000000e+00
7.908940894089408857e+02 0.000000000000000000e+00
7.909440944094409360e+02 0.000000000000000000e+00
7.909940994099409863e+02 0.000000000000000000e+00
7.910441044104410366e+02 0.000000000000000000e+00
7.910941094109410869e+02 0.000000000000000000e+00
7.911441144114411372e+02 0.000000000000000000e+00
7.911941194119411875e+02 0.000000000000000000e+00
7.912441244124412378e+02 0.000000000000000000e+00
7.912941294129412881e+02 0.000000000000000000e+00
7.913441344134413384e+02 0.000000000000000000e+00
7.913941394139413887e+02 0.000000000000000000e+00
7.914441444144414390e+02 0.000000000000000000e+00
7.914941494149414893e+02 0.000000000000000000e+00
7.915441544154415396e+02 0.000000000000000000e+00
7.915941594159415899e+02 0.000000000000000000e+00
7.916441644164416402e+02 0.000000000000000000e+00
7.916941694169416905e+02 0.000000000000000000e+00
7.917441744174417408e+02 0.000000000000000000e+00
7.917941794179417911e+02 0.000000000000000000e+00
7.918441844184418414e+02 0.000000000000000000e+00
7.918941894189418917e+02 0.000000000000000000e+00
7.919441944194419420e+02 0.000000000000000000e+00
7.919941994199419923e+02 0.000000000000000000e+00
7.920442044204420426e+02 0.000000000000000000e+00
7.920942094209420929e+02 0.000000000000000000e+00
7.921442144214421432e+02 0.000000000000000000e+00
7.921942194219421935e+02 0.000000000000000000e+00
7.922442244224422438e+02 2.371515100037983412e-322
7.922942294229422941e+02 2.485150198581470117e-321
7.923442344234423445e+02 2.400664973142616958e-320
7.923942394239423948e+02 2.306100808528602370e-319
7.924442444244424451e+02 2.207213569513476874e-318
7.924942494249424954e+02 2.104621332220187870e-317
7.925442544254425457e+02 1.999906243066412782e-316
7.925942594259425960e+02 1.893826203693528541e-315
7.926442644264426463e+02 1.787166707332969728e-314
7.926942694269426966e+02 1.680678176608586221e-313
7.927442744274427469e+02 1.575065462848210779e-312
7.927942794279427972e+02 1.470981493946373055e-311
7.928442844284428475e+02 1.369021794426789636e-310
7.928942894289428978e+02 1.269720313744014822e-309
7.929442944294429481e+02 1.173546564014282389e-308
7.929942994299428847e+02 1.080904033661736527e-307
7.930443044304429350e+02 9.921298165348859659e-307
7.930943094309429853e+02 9.074953718280339939e-306
7.931443144314430356e+02 8.272083106807641355e-305
7.931943194319430859e+02 7.514150897171529839e-304
7.932443244324431362e+02 6.802044809144659672e-303
7.932943294329431865e+02 6.136116805550315631e-302
7.933443344334432368e+02 5.516229176173790850e-301
7.933943394339432871e+02 4.941804234561363242e-300
7.934443444344433374e+02 4.411876296019063376e-299
7.934943494349433877e+02 3.925144684989081400e-298
7.935443544354434380e+02 3.480026624587086716e-297
7.935943594359434883e+02 3.074708984764942912e-296
7.936443644364435386e+02 2.707198002769957232e-295
7.936943694369435889e+02 2.375366234707064670e-294
7.937443744374436392e+02 2.076996145040312361e-293
7.937943794379436895e+02 1.809819887060749669e-292
7.938443844384437398e+02 1.571554967714109961e-291
7.938943894389437901e+02 1.359935621284502796e-290
7.939443944394438404e+02 1.172739835661564447e-289
7.939943994399438907e+02 1.007812080271154553e-288
7.940444044404439410e+02 8.630818750181340017e-288
7.940944094409439913e+02 7.365784141370967421e-287
7.941444144414440416e+02 6.264415176706481806e-286
7.941944194419440919e+02 5.309292268805954587e-285
7.942444244424441422e+02 4.484223891490771263e-284
7.942944294429441925e+02 3.774265940763912451e-283
7.943444344434442428e+02 3.165718270130242698e-282
7.943944394439442931e+02 2.646102007803659664e-281
7.944444444444443434e+02 2.204121125446515492e-280
7.944944494449443937e+02 1.829611523997631179e-279
7.945444544454444440e+02 1.513480648230774879e-278
7.945944594459444943e+02 1.247640353268896467e-277
7.946444644464445446e+02 1.024935437236631899e-276
7.946944694469445949e+02 8.390699367940378247e-276
7.947444744474446452e+02 6.845329668708561938e-275
7.947944794479446955e+02 5.565255810786713376e-274
7.948444844484447458e+02 4.508898417357665252e-273
7.948944894489447961e+02 3.640410231928829497e-272
7.949444944494448464e+02 2.929036325831812888e-271
7.949944994499448967e+02 2.348517202027789255e-270
7.950445044504449470e+02 1.876537682004981667e-269
7.950945094509449973e+02 1.494222908300041739e-268
7.951445144514450476e+02 1.185681510963511503e-267
7.951945194519450979e+02 9.375949548779763591e-267
7.952445244524451482e+02 7.388512845864266473e-266
7.952945294529451985e+02 5.802208897659315585e-265
7.953445344534452488e+02 4.540715018350211627e-264
7.953945394539452991e+02 3.541193743276534607e-263
7.954445444544453494e+02 2.752134712087958533e-262
7.954945494549453997e+02 2.131494642443243902e-261
7.955445544554454500e+02 1.645104007875736944e-260
7.955945594559455003e+02 1.265310270676006172e-259
7.956445644564455506e+02 9.698292183534023041e-259
7.956945694569456009e+02 7.407779609042423431e-258
7.957445744574456512e+02 5.638653403966741270e-257
7.957945794579457015e+02 4.277177818136809474e-256
7.958445844584457518e+02 3.233208933020732735e-255
7.958945894589458021e+02 2.435593424690914731e-254
7.959445944594458524e+02 1.828396472313847940e-253
7.959945994599459027e+02 1.367824931783220171e-252
7.960446044604459530e+02 1.019730045193256890e-251
7.960946094609460033e+02 7.575904210792523980e-251
7.961446144614460536e+02 5.608907705017704789e-250
7.961946194619461039e+02 4.138249509980445898e-249
7.962446244624461542e+02 3.042633276653556427e-248
7.962946294629462045e+02 2.229344110723656062e-247
7.963446344634462548e+02 1.627792967786009452e-246
7.963946394639463051e+02 1.184447422175536529e-245
7.964446444644463554e+02 8.588690774905462518e-245
7.964946494649464057e+02 6.206299179820849489e-244
7.965446544654464560e+02 4.469233122230949936e-243
7.965946594659465063e+02 3.207213500322851216e-242
7.966446644664465566e+02 2.293597968746932150e-241
7.966946694669466069e+02 1.634561557928535613e-240
7.967446744674466572e+02 1.160859949888918095e-239
7.967946794679467075e+02 8.215858244323077657e-239
7.968446844684467578e+02 5.794561930034803583e-238
7.968946894689468081e+02 4.072703957355569150e-237
7.969446944694468584e+02 2.852591862736245503e-236
7.969946994699469087e+02 1.991090490839747901e-235
7.970447044704469590e+02 1.384959011711313155e-234
7.970947094709470093e+02 9.600136454340956933e-234
7.971447144714470596e+02 6.631510400692420865e-233
7.971947194719471099e+02 4.565013517622402013e-232
7.972447244724471602e+02 3.131599713262066785e-231
7.972947294729472105e+02 2.140843820139447059e-230
7.973447344734472608e+02 1.458472655324667918e-229
7.973947394739473111e+02 9.901617856702326520e-229
7.974447444744473614e+02 6.698978689575108797e-228
7.974947494749474117e+02 4.516537251435100320e-227
7.975447544754474620e+02 3.034570016110287282e-226
7.975947594759475123e+02 2.031810937614726576e-225
7.976447644764475626e+02 1.355701234242964589e-224
7.976947694769476129e+02 9.014450437750197667e-224
7.977447744774476632e+02 5.973227910249771957e-223
7.977947794779477135e+02 3.944332181403871473e-222
7.978447844784477638e+02 2.595568215980060222e-221
7.978947894789478141e+02 1.702103556677513177e-220
7.979447944794478644e+02 1.112331096959632585e-219
7.979947994799479147e+02 7.243971723102936799e-219
7.980448044804479650e+02 4.701256883426014762e-218
7.980948094809480153e+02 3.040505454831507427e-217
7.981448144814480656e+02 1.959621341056840871e-216
7.981948194819481159e+02 1.258615579574242185e-215
7.982448244824481662e+02 8.055798891180892012e-215
7.982948294829482165e+02 5.138291021932660285e-214
7.983448344834482668e+02 3.266053923844399944e-213
7.983948394839483171e+02 2.068819371749620588e-212
7.984448444844483674e+02 1.305919384598033459e-211
7.984948494849484177e+02 8.214946398339408327e-211
7.985448544854484680e+02 5.149768084137606141e-210
7.985948594859485183e+02 3.217104593102072297e-209
7.986448644864485686e+02 2.002798523294480615e-208
7.986948694869486189e+02 1.242521513757904361e-207
7.987448744874486692e+02 7.681838011737033217e-207
7.987948794879487195e+02 4.732830447320836743e-206
7.988448844884487698e+02 2.905837483275072945e-205
7.988948894889488201e+02 1.777936604073562156e-204
7.989448944894488704e+02 1.084066179880502901e-203
7.989948994899489207e+02 6.587033852861010885e-203
7.990449044904489710e+02 3.988582419913646440e-202
7.990949094909490213e+02 2.406810082068259266e-201
7.991449144914490716e+02 1.447303625119905753e-200
7.991949194919491219e+02 8.673054085212353903e-200
7.992449244924491722e+02 5.179395042877262571e-199
7.992949294929492225e+02 3.082340387038641454e-198
7.993449344934492728e+02 1.828002288188597644e-197
7.993949394939493232e+02 1.080357402583084777e-196
7.994449444944493735e+02 6.362865576697431432e-196
7.994949494949494238e+02 3.734501380740884850e-195
7.995449544954494741e+02 2.184273820487450198e-194
7.995949594959495244e+02 1.273139866245566401e-193
7.996449644964495747e+02 7.395026519573863187e-193
7.996949694969496250e+02 4.280533849979020329e-192
7.997449744974496753e+02 2.469168443859258270e-191
7.997949794979497256e+02 1.419378044503784976e-190
7.998449844984497759e+02 8.130926431009179732e-190
7.998949894989498262e+02 4.641694613513527649e-189
7.999449944994498765e+02 2.640630777357300641e-188
7.999949994999499268e+02 1.497039924670630883e-187
8.000450045004499771e+02 8.457727145675393119e-187
8.000950095009500274e+02 4.761771419928763637e-186
8.001450145014500777e+02 2.671640415435928679e-185
8.001950195019501280e+02 1.493764220299787779e-184
8.002450245024501783e+02 8.323015219417022859e-184
8.002950295029502286e+02 4.621403762041481073e-183
8.003450345034502789e+02 2.557182523163719351e-182
8.003950395039503292e+02 1.410081230200460087e-181
8.004450445044503795e+02 7.748562248937723059e-181
8.004950495049504298e+02 4.243192280642866020e-180
8.005450545054504801e+02 2.315575203498066946e-179
8.005950595059505304e+02 1.259272330416399210e-178
8.006450645064505807e+02 6.824565790488971924e-178
8.006950695069506310e+02 3.685742435562593686e-177
8.007450745074506813e+02 1.983670504355484107e-176
8.007950795079507316e+02 1.063919292380331381e-175
8.008450845084507819e+02 5.686465765175911950e-175
8.008950895089508322e+02 3.028801213476549549e-174
8.009450945094508825e+02 1.607658163675839635e-173
8.009950995099509328e+02 8.503764967981696615e-173
8.010451045104509831e+02 4.482531870011959616e-172
8.010951095109510334e+02 2.354670396769176985e-171
8.011451145114510837e+02 1.232626393259375208e-170
8.011951195119511340e+02 6.430243268809491682e-170
8.012451245124511843e+02 3.342858139977206631e-169
8.012951295129512346e+02 1.731821368627423776e-168
8.013451345134512849e+02 8.940933105499455606e-168
8.013951395139513352e+02 4.599993335780245954e-167
8.014451445144513855e+02 2.358447242474448426e-166
8.014951495149514358e+02 1.205007461448291140e-165
8.015451545154514861e+02 6.135471097465318671e-165
8.015951595159515364e+02 3.113154699072158833e-164
8.016451645164515867e+02 1.574157199029321842e-163
8.016951695169516370e+02 7.932135210265467618e-163
8.017451745174516873e+02 3.983150619783224546e-162
8.017951795179517376e+02 1.993232514551413900e-161
8.018451845184517879e+02 9.939941096103794004e-161
8.018951895189518382e+02 4.939742081387653465e-160
8.019451945194518885e+02 2.446354286844441315e-159
8.019951995199519388e+02 1.207338498336331619e-158
8.020452045204519891e+02 5.937906624548170498e-158
8.020952095209520394e+02 2.910263403436062955e-157
8.021452145214520897e+02 1.421431229561803235e-156
8.021952195219521400e+02 6.918533201569967411e-156
8.022452245224521903e+02 3.355805866295987404e-155
8.022952295229522406e+02 1.622087406286369034e-154
8.023452345234522909e+02 7.813512322453133286e-154
8.023952395239523412e+02 3.750705599727336408e-153
8.024452445244523915e+02 1.794214161201557653e-152
8.024952495249524418e+02 8.553231218598121066e-152
8.025452545254524921e+02 4.063317654183364503e-151
8.025952595259525424e+02 1.923649612716232257e-150
8.026452645264525927e+02 9.075400438134849378e-150
8.026952695269526430e+02 4.266780074921568883e-149
8.027452745274526933e+02 1.999076232193273555e-148
8.027952795279527436e+02 9.333683930364569106e-148
8.028452845284527939e+02 4.342816338959438589e-147
8.028952895289528442e+02 2.013652270011602576e-146
8.029452945294528945e+02 9.304480506774980860e-146
8.029952995299529448e+02 4.284443574398749315e-145
8.030453045304529951e+02 1.966035562402325408e-144
8.030953095309530454e+02 8.990481606414661901e-144
8.031453145314530957e+02 4.097030452079219207e-143
8.031953195319531460e+02 1.860587402488595594e-142
8.032453245324531963e+02 8.420262117647923794e-142
8.032953295329532466e+02 3.797482649343758207e-141
8.033453345334532969e+02 1.706713561775486130e-140
8.033953395339533472e+02 7.643990459769805915e-140
8.034453445344533975e+02 3.411727142837076205e-139
8.034953495349534478e+02 1.517480447819228551e-138
8.035453545354534981e+02 6.726150465983044593e-138
8.035953595359535484e+02 2.971014117154246379e-137
8.036453645364535987e+02 1.307788508700752486e-136
8.036953695369536490e+02 5.736737591335153711e-136
8.037453745374536993e+02 2.507766642021948990e-135
8.037953795379537496e+02 1.092455932886560671e-134
8.038453845384537999e+02 4.742588087856977297e-134
8.038953895389538502e+02 2.051736378453611126e-133
8.039453945394539005e+02 8.845500015935404618e-133
8.039953995399539508e+02 3.800300113099937013e-132
8.040454045404540011e+02 1.627076909302651201e-131
8.040954095409540514e+02 6.942133345501187281e-131
8.041454145414541017e+02 2.951701972367732455e-130
8.041954195419541520e+02 1.250681558797008120e-129
8.042454245424542023e+02 5.280994022404701658e-129
8.042954295429542526e+02 2.222180317995826628e-128
8.043454345434543029e+02 9.318319795251533931e-128
8.043954395439543532e+02 3.893952243135151696e-127
8.044454445444544035e+02 1.621579811982427390e-126
8.044954495449544538e+02 6.729468080163048637e-126
8.045454545454545041e+02 2.783029750587022647e-125
8.045954595459545544e+02 1.146963680530878744e-124
8.046454645464546047e+02 4.710599597830858794e-124
8.046954695469546550e+02 1.927957366304275894e-123
8.047454745474547053e+02 7.863454429402775762e-123
8.047954795479547556e+02 3.196127076569145010e-122
8.048454845484548059e+02 1.294581572293149258e-121
8.048954895489548562e+02 5.225520120470218983e-121
8.049454945494549065e+02 2.101959537718654939e-120
8.049954995499549568e+02 8.425853538330589325e-120
8.050455045504550071e+02 3.365876596747983512e-119
8.050955095509550574e+02 1.339914865660490061e-118
8.051455145514551077e+02 5.315583648969112281e-118
8.051955195519551580e+02 2.101451864762281054e-117
8.052455245524552083e+02 8.279091412910615295e-117
8.052955295529552586e+02 3.250428771731214629e-116
8.053455345534553089e+02 1.271725492123038805e-115
8.053955395539553592e+02 4.958391919619893453e-115
8.054455445544554095e+02 1.926562397260560109e-114
8.054955495549554598e+02 7.459677720862788095e-114
8.055455545554555101e+02 2.878404411010891503e-113
8.055955595559555604e+02 1.106823374089345649e-112
8.056455645564556107e+02 4.241305934614710128e-112
8.056955695569556610e+02 1.619629391804003068e-111
8.057455745574557113e+02 6.163486843802247681e-111
8.057955795579557616e+02 2.337394810483224509e-110
8.058455845584558119e+02 8.833492804907477686e-110
8.058955895589558622e+02 3.326807175304255937e-109
8.059455945594559125e+02 1.248583492689056465e-108
8.059955995599559628e+02 4.669843664925794281e-108
8.060456045604560131e+02 1.740531517055565267e-107
8.060956095609560634e+02 6.464817109882143196e-107
8.061456145614561137e+02 2.392904684612821203e-106
8.061956195619561640e+02 8.826517084185278001e-106
8.062456245624562143e+02 3.244502745769730207e-105
8.062956295629562646e+02 1.188506999651883470e-104
8.063456345634563149e+02 4.338605513851447460e-104
8.063956395639563652e+02 1.578314006103946814e-103
8.064456445644564155e+02 5.721784385667479431e-103
8.064956495649564658e+02 2.067113872581842994e-102
8.065456545654565161e+02 7.442042659005123881e-102
8.065956595659565664e+02 2.670021470002379737e-101
8.066456645664566167e+02 9.546236769591121863e-101
8.066956695669566670e+02 3.401296594934293107e-100
8.067456745674567173e+02 1.207679421970689230e-99
8.067956795679567676e+02 4.273204653248644182e-99
8.068456845684568179e+02 1.506782572317611987e-98
8.068956895689568682e+02 5.294712203809991617e-98
8.069456945694569185e+02 1.854082304775872692e-97
8.069956995699569688e+02 6.470093316107508234e-97
8.070457045704570191e+02 2.250023066083675913e-96
8.070957095709570694e+02 7.797552225754645891e-96
8.071457145714571197e+02 2.692926597233408117e-95
8.071957195719571700e+02 9.267991920761203978e-95
8.072457245724572203e+02 3.178642533060208332e-94
8.072957295729572706e+02 1.086407244673589859e-93
8.073457345734573209e+02 3.700313673507119457e-93
8.073957395739573712e+02 1.255970268605447015e-92
8.074457445744574215e+02 4.248299380996475361e-92
8.074957495749574719e+02 1.432009215400546621e-91
8.075457545754575222e+02 4.810292229186453183e-91
8.075957595759575725e+02 1.610245392080435554e-90
8.076457645764576228e+02 5.371649060671871081e-90
8.076957695769576731e+02 1.785739756347449959e-89
8.077457745774577234e+02 5.915938891257935658e-89
8.077957795779577737e+02 1.953098623138821880e-88
8.078457845784578240e+02 6.425688350200539529e-88
8.078957895789578743e+02 2.106736110517199039e-87
8.079457945794579246e+02 6.883282984265871000e-87
8.079957995799579749e+02 2.241176815428508382e-86
8.080458045804580252e+02 7.271962597406197474e-86
8.080958095809580755e+02 2.351376525311812409e-85
8.081458145814581258e+02 7.576833675556586024e-85
8.081958195819581761e+02 2.433035083467017528e-84
8.082458245824582264e+02 7.785814254100866672e-84
8.082958295829582767e+02 2.482874473651949414e-83
8.083458345834583270e+02 7.890427876759644535e-83
8.083958395839583773e+02 2.498857091087538102e-82
8.084458445844584276e+02 7.886373973246151372e-82
8.084958495849584779e+02 2.480323949260786439e-81
8.085458545854585282e+02 7.773821170378577558e-81
8.085958595859585785e+02 2.428039758237455831e-80
8.086458645864586288e+02 7.557395657456269411e-80
8.086958695869586791e+02 2.344140577085107349e-79
8.087458745874587294e+02 7.245865724402794158e-79
8.087958795879587797e+02 2.231989034229366454e-78
8.088458845884588300e+02 6.851552451286114064e-78
8.088958895889588803e+02 2.095950791075508399e-77
8.089458945894589306e+02 6.389521741740509431e-77
8.089958995899589809e+02 1.941112952528920064e-76
8.090459045904590312e+02 5.876631491504490754e-76
8.090959095909590815e+02 1.772969702823534867e-75
8.091459145914591318e+02 5.330517662343768056e-75
8.091959195919591821e+02 1.597102119634248994e-74
8.092459245924592324e+02 4.768603610744590424e-74
8.092959295929592827e+02 1.418877851378599855e-73
8.093459345934593330e+02 4.207208699115811722e-73
8.093959395939593833e+02 1.243192478024852339e-72
8.094459445944594336e+02 3.660816624269070947e-72
8.094959495949594839e+02 1.074268573810155310e-71
8.095459545954595342e+02 3.141543478023314493e-71
8.095959595959595845e+02 9.155216044044330877e-71
8.096459645964596348e+02 2.658823150010990818e-70
8.096959695969596851e+02 7.694947302053997782e-70
8.097459745974597354e+02 2.219306093064857754e-69
8.097959795979597857e+02 6.378581825334023339e-69
8.098459845984598360e+02 1.826949066920878704e-68
8.098959895989598863e+02 5.214637764058835335e-68
8.099459945994599366e+02 1.483259919071393869e-67
8.099959995999599869e+02 4.204417173293390162e-67
8.100460046004600372e+02 1.187653573007678238e-66
8.100960096009600875e+02 3.343252750281272149e-66
8.101460146014601378e+02 9.378731625139823862e-66
8.101960196019601881e+02 2.621890129244443407e-65
8.102460246024602384e+02 7.304329657500520298e-65
8.102960296029602887e+02 2.027877677319218434e-64
8.103460346034603390e+02 5.610462596795726769e-64
8.103960396039603893e+02 1.546860436225798618e-63
8.104460446044604396e+02 4.250100028614046712e-63
8.104960496049604899e+02 1.163704589564425720e-62
8.105460546054605402e+02 3.175279321107298549e-62
8.105960596059605905e+02 8.634093196482483805e-62
8.106460646064606408e+02 2.339629859429329952e-61
8.106960696069606911e+02 6.317906904859130837e-61
8.107460746074607414e+02 1.700180184871262034e-60
8.107960796079607917e+02 4.559448950061255341e-60
8.108460846084608420e+02 1.218499799461212790e-59
8.108960896089608923e+02 3.245146312901771100e-59
8.109460946094609426e+02 8.612690433074440452e-59
8.109960996099609929e+02 2.277923560581439137e-58
8.110461046104610432e+02 6.003924588475580665e-58
8.110961096109610935e+02 1.576983334941502545e-57
8.111461146114611438e+02 4.127763363458873587e-57
8.111961196119611941e+02 1.076708926876532786e-56
8.112461246124612444e+02 2.798837535226314937e-56
8.112961296129612947e+02 7.250249310724176380e-56
8.113461346134613450e+02 1.871647629048492006e-55
8.113961396139613953e+02 4.814943048078752210e-55
8.114461446144614456e+02 1.234395020836546547e-54
8.114961496149614959e+02 3.153647373706982738e-54
8.115461546154615462e+02 8.029122544412438549e-54
8.115961596159615965e+02 2.037131437187361515e-53
8.116461646164616468e+02 5.150697541321698675e-53
8.116961696169616971e+02 1.297803980286127955e-52
8.117461746174617474e+02 3.258728932445276330e-52
8.117961796179617977e+02 8.154239760340857020e-52
8.118461846184618480e+02 2.033362679756775005e-51
8.118961896189618983e+02 5.052919461840787819e-51
8.119461946194619486e+02 1.251313374281389442e-50
8.119961996199619989e+02 3.088061960322254631e-50
8.120462046204620492e+02 7.594552009837529544e-50
8.120962096209620995e+02 1.861292291392727769e-49
8.121462146214621498e+02 4.545935689944346802e-49
8.121962196219622001e+02 1.106441140117066792e-48
8.122462246224622504e+02 2.683673582539633666e-48
8.122962296229623007e+02 6.486754227598965773e-48
8.123462346234623510e+02 1.562505671584313782e-47
8.123962396239624013e+02 3.750698871990496991e-47
8.124462446244624516e+02 8.972206497884143545e-47
8.124962496249625019e+02 2.138862278794871957e-46
8.125462546254625522e+02 5.081160484656280311e-46
8.125962596259626025e+02 1.202927808460597779e-45
8.126462646264626528e+02 2.838002751223273600e-45
8.126962696269627031e+02 6.672409429590198216e-45
8.127462746274627534e+02 1.563324825111220326e-44
8.127962796279628037e+02 3.650164670764374813e-44
8.128462846284628540e+02 8.493220925946178901e-44
8.128962896289629043e+02 1.969378313466354754e-43
8.129462946294629546e+02 4.550746918576740848e-43
8.129962996299630049e+02 1.047931886256307729e-42
8.130463046304630552e+02 2.404807418335578917e-42
8.130963096309631055e+02 5.499515936502783952e-42
8.131463146314631558e+02 1.253330416469731415e-41
8.131963196319632061e+02 2.846450828328058159e-41
8.132463246324632564e+02 6.442268538493750616e-41
8.132963296329633067e+02 1.453018132702012611e-40
8.133463346334633570e+02 3.265881009224311117e-40
8.133963396339634073e+02 7.315210635289272597e-40
8.134463446344634576e+02 1.632865870825020564e-39
8.134963496349635079e+02 3.632214004654513619e-39
8.135463546354635582e+02 8.051737916711065826e-39
8.135963596359636085e+02 1.778710059888081356e-38
8.136463646364636588e+02 3.915778048088003321e-38
8.136963696369637091e+02 8.590696865868248398e-38
8.137463746374637594e+02 1.878175582255721103e-37
8.137963796379638097e+02 4.092055369270839462e-37
8.138463846384638600e+02 8.884732925083638123e-37
8.138963896389639103e+02 1.922404911698553817e-36
8.139463946394639606e+02 4.145176445000650657e-36
8.139963996399640109e+02 8.907152565373560749e-36
8.140464046404640612e+02 1.907359373673788582e-35
8.140964096409641115e+02 4.070277180073909359e-35
8.141464146414641618e+02 8.655921636593015681e-35
8.141964196419642121e+02 1.834427598507938794e-34
8.142464246424642624e+02 3.874233743644782861e-34
8.142964296429643127e+02 8.153969900059641579e-34
8.143464346434643630e+02 1.710214116013514365e-33
8.143964396439644133e+02 3.574621197019344436e-33
8.144464446444644636e+02 7.445738548308095659e-33
8.144964496449645139e+02 1.545552688418415576e-32
8.145464546454645642e+02 3.197114469002282406e-32
8.145964596459646145e+02 6.590691114139498892e-32
8.146464646464646648e+02 1.353948653991667968e-31
8.146964696469647151e+02 2.771864275351487152e-31
8.147464746474647654e+02 5.655100442297040137e-31
8.147964796479648157e+02 1.149760401954977751e-30
8.148464846484648660e+02 2.329555719094609418e-30
8.148964896489649163e+02 4.703678805075102879e-30
8.149464946494649666e+02 9.464574282837938031e-30
8.149964996499650169e+02 1.897856856243572611e-29
8.150465046504650672e+02 3.792493438086201917e-29
8.150965096509651175e+02 7.552405732491203039e-29
8.151465146514651678e+02 1.498804382900472468e-28
8.151965196519652181e+02 2.964174990533754008e-28
8.152465246524652684e+02 5.842006616397343051e-28
8.152965296529653187e+02 1.147412697601738513e-27
8.153465346534653690e+02 2.245829288170657615e-27
8.153965396539654193e+02 4.380597954622377967e-27
8.154465446544654696e+02 8.515098971922244167e-27
8.154965496549655199e+02 1.649475006268368306e-26
8.155465546554655702e+02 3.184209256226838706e-26
8.155965596559656205e+02 6.125723254345113202e-26
8.156465646564656709e+02 1.174392166504311823e-25
8.156965696569657212e+02 2.243721823109853228e-25
8.157465746574657715e+02 4.271939220294458106e-25
8.157965796579658218e+02 8.105529674957782945e-25
8.158465846584658721e+02 1.532632794697363583e-24
8.158965896589659224e+02 2.887987479695025904e-24
8.159465946594659727e+02 5.423168226503770067e-24
8.159965996599660230e+02 1.014872600628128307e-23
8.160466046604660733e+02 1.892651982636259768e-23
8.160966096609661236e+02 3.517473966544600580e-23
8.161466146614661739e+02 6.514663966184902385e-23
8.161966196619662242e+02 1.202414642887298210e-22
8.162466246624662745e+02 2.211656701289129616e-22
8.162966296629663248e+02 4.053988488832140747e-22
8.163466346634663751e+02 7.405404055368386641e-22
8.163966396639664254e+02 1.348082836601893405e-21
8.164466446644664757e+02 2.445603749628213930e-21
8.164966496649665260e+02 4.421375691837028334e-21
8.165466546654665763e+02 7.965823653063332129e-21
8.165966596659666266e+02 1.430230466852220792e-20
8.166466646664666769e+02 2.559078226071033420e-20
8.166966696669667272e+02 4.563136181274991866e-20
8.167466746674667775e+02 8.108597916719006199e-20
8.167966796679668278e+02 1.435921526012461332e-19
8.168466846684668781e+02 2.534068745221112514e-19
8.168966896689669284e+02 4.456654508571993909e-19
8.169466946694669787e+02 7.810926986372733977e-19
8.169966996699670290e+02 1.364266995356730106e-18
8.170467046704670793e+02 2.374649427005608214e-18
8.170967096709671296e+02 4.119107482250232218e-18
8.171467146714671799e+02 7.120498419222293379e-18
8.171967196719672302e+02 1.226652290394894148e-17
8.172467246724672805e+02 2.105894099972976093e-17
8.172967296729673308e+02 3.602929159710408134e-17
8.173467346734673811e+02 6.142981833375724989e-17
8.173967396739674314e+02 1.043775805162036677e-16
8.174467446744674817e+02 1.767420487973969961e-16
8.174967496749675320e+02 2.982478974228965366e-16
8.175467546754675823e+02 5.015565747226500489e-16
8.175967596759676326e+02 8.405579990343071079e-16
8.176467646764676829e+02 1.403850485213331295e-15
8.176967696769677332e+02 2.336574527279649845e-15
8.177467746774677835e+02 3.875647148294296055e-15
8.177967796779678338e+02 6.406411631057462133e-15
8.178467846784678841e+02 1.055338241096363450e-14
8.178967896789679344e+02 1.732506812954853180e-14
8.179467946794679847e+02 2.834424448869737927e-14
8.179967996799680350e+02 4.621273814298411126e-14
8.180468046804680853e+02 7.508715120351919718e-14
8.180968096809681356e+02 1.215841313253683361e-13
8.181468146814681859e+02 1.961985284003310812e-13
8.181968196819682362e+02 3.155167492206186477e-13
8.182468246824682865e+02 5.056583277764908268e-13
8.182968296829683368e+02 8.076072995546404706e-13
8.183468346834683871e+02 1.285440245341207483e-12
8.183968396839684374e+02 2.038977349348777371e-12
8.184468446844684877e+02 3.223161241519639029e-12
8.184968496849685380e+02 5.077630131774391633e-12
8.185468546854685883e+02 7.971678523619382014e-12
8.185968596859686386e+02 1.247235500974350657e-11
8.186468646864686889e+02 1.944721528478265526e-11
8.186968696869687392e+02 3.021878188388069716e-11
8.187468746874687895e+02 4.679585329485483628e-11
8.187968796879688398e+02 7.221858756098886598e-11
8.188468846884688901e+02 1.110713723844652392e-10
8.188968896889689404e+02 1.702421702056124115e-10
8.189468946894689907e+02 2.600425153023618097e-10
8.189968996899690410e+02 3.958531643296908495e-10
8.190469046904690913e+02 6.005328829609471843e-10
8.190969096909691416e+02 9.079307810332257685e-10
8.191469146914691919e+02 1.367988157553114777e-09
8.191969196919692422e+02 2.054120754290284916e-09
8.192469246924692925e+02 3.073859637824747862e-09
8.192969296929693428e+02 4.584130016722655463e-09
8.193469346934693931e+02 6.813104772608407693e-09
8.193969396939694434e+02 1.009134093942486760e-08
8.194469446944694937e+02 1.489597025972833002e-08
8.194969496949695440e+02 2.191317291801275411e-08
8.195469546954695943e+02 3.212615456565890097e-08
8.195969596959696446e+02 4.693855353458940029e-08
8.196469646964696949e+02 6.834686842902095109e-08
8.196969696969697452e+02 9.918043159215221723e-08
8.197469746974697955e+02 1.434340725355683270e-07
8.197969796979698458e+02 2.067274504669186933e-07
8.198469846984698961e+02 2.969367739308379679e-07
8.198969896989699464e+02 4.250601494483680832e-07
8.199469946994699967e+02 6.063982329540688704e-07
8.199969996999700470e+02 8.621586206904164585e-07
8.200470047004700973e+02 1.221627301944503905e-06
8.200970097009701476e+02 1.725095747251586295e-06
8.201470147014701979e+02 2.427790611318333407e-06
8.201970197019702482e+02 3.405128035312707164e-06
8.202470247024702985e+02 4.759710365887482737e-06
8.202970297029703488e+02 6.630604919223615260e-06
8.203470347034703991e+02 9.205598437491881931e-06
8.203970397039704494e+02 1.273731459017284956e-05
8.204470447044704997e+02 1.756432416725800858e-05
8.204970497049705500e+02 2.413867900750728929e-05
8.205470547054706003e+02 3.306167350275334473e-05
8.205970597059706506e+02 4.513009597363379474e-05
8.206470647064707009e+02 6.139579267372794358e-05
8.206970697069707512e+02 8.324204819261675405e-05
8.207470747074708015e+02 1.124811083684234566e-04
8.207970797079708518e+02 1.514781584396489625e-04
8.208470847084709021e+02 2.033082450281572682e-04
8.208970897089709524e+02 2.719540223085459394e-04
8.209470947094710027e+02 3.625538382371355697e-04
8.209970997099710530e+02 4.817115843105446204e-04
8.210471047104711033e+02 6.378819398067398904e-04
8.210971097109711536e+02 8.418471748296131943e-04
8.211471147114712039e+02 1.107304558289447368e-03
8.211971197119712542e+02 1.451586664316594942e-03
8.212471247124713045e+02 1.896540492785436316e-03
8.212971297129713548e+02 2.469595315225565045e-03
8.213471347134714051e+02 3.205053511163449484e-03
8.213971397139714554e+02 4.145643339192621978e-03
8.214471447144715057e+02 5.344377537842255090e-03
8.214971497149715560e+02 6.866766794262643345e-03
8.215471547154716063e+02 8.793442345012230862e-03
8.215971597159715429e+02 1.122324714038198598e-02
8.216471647164715932e+02 1.427685993206435043e-02
8.216971697169716435e+02 1.810102111320880530e-02
8.217471747174716938e+02 2.287343288766757049e-02
8.217971797179717441e+02 2.880840906435520529e-02
8.218471847184717944e+02 3.616335111430755977e-02
8.218971897189718447e+02 4.524612670191173469e-02
8.219471947194718950e+02 5.642342428287699940e-02
8.219971997199719453e+02 7.013015209710442288e-02
8.220472047204719956e+02 8.687994150545451377e-02
8.220972097209720459e+02 1.072768026540084629e-01
8.221472147214720962e+02 1.320279644417306497e-01
8.221972197219721465e+02 1.619579102981321683e-01
8.222472247224721968e+02 1.980235959884489305e-01
8.222972297229722471e+02 2.413308052853871399e-01
8.223472347234722974e+02 2.931515637272166241e-01
8.223972397239723477e+02 3.549424898196738010e-01
8.224472447244723980e+02 4.283639171119359434e-01
8.224972497249724483e+02 5.152995699735154478e-01
8.225472547254724986e+02 6.178765212457923983e-01
8.225972597259725489e+02 7.384851021261712445e-01
8.226472647264725992e+02 8.797983748284443628e-01
8.226972697269726496e+02 1.044790718198440160e+00
8.227472747274726999e+02 1.236755017279969726e+00
8.227972797279727502e+02 1.459317891820088642e+00
8.228472847284728005e+02 1.716452348110791171e+00
8.228972897289728508e+02 2.012487195817658669e+00
8.229472947294729011e+02 2.352112539111887113e+00
8.229972997299729514e+02 2.740380632129805871e+00
8.230473047304730017e+02 3.182701385136403438e+00
8.230973097309730520e+02 3.684831822240904220e+00
8.231473147314731023e+02 4.252858826338806075e+00
8.231973197319731526e+02 4.893174564013391681e+00
8.232473247324732029e+02 5.612444063819899576e+00
8.232973297329732532e+02 6.417564526500575184e+00
8.233473347334733035e+02 7.315616075335579893e+00
8.233973397339733538e+02 8.313803808319333299e+00
8.234473447344734041e+02 9.419391189583196322e+00
8.234973497349734544e+02 1.063962501295777408e+01
8.235473547354735047e+02 1.198165238233235463e+01
8.235973597359735550e+02 1.345243037715199286e+01
8.236473647364736053e+02 1.505862930175551639e+01
8.236973697369736556e+02 1.680653064829283494e+01
8.237473747374737059e+02 1.870192112803365347e+01
8.237973797379737562e+02 2.074998433790804953e+01
8.238473847384738065e+02 2.295519182078483311e+01
8.238973897389738568e+02 2.532119544198522121e+01
8.239473947394739071e+02 2.785072313380807429e+01
8.239973997399739574e+02 3.054548014791603450e+01
8.240474047404740077e+02 3.340605799662783681e+01
8.240974097409740580e+02 3.643185325389524820e+01
8.241474147414741083e+02 3.962099832175195502e+01
8.241974197419741586e+02 4.297030614657450087e+01
8.242474247424742089e+02 4.647523069154879494e+01
8.242974297429742592e+02 5.012984473902982074e+01
8.243474347434743095e+02 5.392683631258631038e+01
8.243974397439743598e+02 5.785752467879783012e+01
8.244474447444744101e+02 6.191189652036635493e+01
8.244974497449744604e+02 6.607866247339131860e+01
8.245474547454745107e+02 7.034533380258157820e+01
8.245974597459745610e+02 7.469831855957785649e+01
8.246474647464746113e+02 7.912303614290745202e+01
8.246974697469746616e+02 8.360404876513725014e+01
8.247474747474747119e+02 8.812520794514054501e+01
8.247974797479747622e+02 9.266981379213595460e+01
8.248474847484748125e+02 9.722078454346242893e+01
8.248974897489748628e+02 1.017608335688263139e+02
8.249474947494749131e+02 1.062726508673158321e+02
8.249974997499749634e+02 1.107390859653143735e+02
8.250475047504750137e+02 1.151433290770226421e+02
8.250975097509750640e+02 1.194690874159641822e+02
8.251475147514751143e+02 1.237007536447715808e+02
8.251975197519751646e+02 1.278235636188049540e+02
8.252475247524752149e+02 1.318237408118073972e+02
8.252975297529752652e+02 1.356886251021486487e+02
8.253475347534753155e+02 1.394067839379787017e+02
8.253975397539753658e+02 1.429681042793158383e+02
8.254475447544754161e+02 1.463638641243264829e+02
8.254975497549754664e+02 1.495867828548589955e+02
8.255475547554755167e+02 1.526310500715373166e+02
8.255975597559755670e+02 1.554923330204187266e+02
8.256475647564756173e+02 1.581677631308779723e+02
8.256975697569756676e+02 1.606559025782975425e+02
8.257475747574757179e+02 1.629566921466339409e+02
8.257975797579757682e+02 1.650713819875559523e+02
8.258475847584758185e+02 1.670024471485485265e+02
8.258975897589758688e+02 1.687534899675600002e+02
8.259475947594759191e+02 1.703291316033552221e+02
8.259975997599759694e+02 1.717348950871678426e+02
8.260476047604760197e+02 1.729770823423641843e+02
8.260976097609760700e+02 1.740626476258879052e+02
8.261476147614761203e+02 1.749990698006677690e+02
8.261976197619761706e+02 1.757942257554706487e+02
8.262476247624762209e+02 1.764562671522933783e+02
8.262976297629762712e+02 1.769935025064576166e+02
8.263476347634763215e+02 1.774142863968357062e+02
8.263976397639763718e+02 1.777269173691831838e+02
8.264476447644764221e+02 1.779395458407137482e+02
8.264976497649764724e+02 1.780600930452237094e+02
8.265476547654765227e+02 1.780961817815671964e+02
8.265976597659765730e+02 1.780550794502404415e+02
8.266476647664766233e+02 1.779436535890587834e+02
8.266976697669766736e+02 1.777683398548393825e+02
8.267476747674767239e+02 1.775351221485701103e+02
8.267976797679767742e+02 1.772495243511415026e+02
8.268476847684768245e+02 1.769166129291552636e+02
8.268976897689768748e+02 1.765410094887443506e+02
8.269476947694769251e+02 1.761269122022385432e+02
8.269976997699769754e+02 1.756781249096945885e+02
8.270477047704770257e+02 1.751980926058885757e+02
8.270977097709770760e+02 1.746899419637654489e+02
8.271477147714771263e+02 1.741565255173127866e+02
8.271977197719771766e+02 1.736004681294876661e+02
8.272477247724772269e+02 1.730242144026789219e+02
8.272977297729772772e+02 1.724300757481996982e+02
8.273477347734773275e+02 1.718202759149270946e+02
8.273977397739773778e+02 1.711969938824924213e+02
8.274477447744774281e+02 1.705624031480612075e+02
8.274977497749774784e+02 1.699187065741739673e+02
8.275477547754775287e+02 1.692681661146061742e+02
8.275977597759775790e+02 1.686131268919390891e+02
8.276477647764776293e+02 1.679560352607075799e+02
8.276977697769776796e+02 1.672994506499037186e+02
8.277477747774777299e+02 1.666460511347409579e+02
8.277977797779777802e+02 1.659986328366584019e+02
8.278477847784778305e+02 1.653601033896225942e+02
8.278977897789778808e+02 1.647334698372970649e+02
8.279477947794779311e+02 1.641218214374491140e+02
8.279977997799779814e+02 1.635283079453461994e+02
8.280478047804780317e+02 1.629561140256317913e+02
8.280978097809780820e+02 1.624084305014818312e+02
8.281478147814781323e+02 1.618884231904392550e+02
8.281978197819781826e+02 1.613992000983155322e+02
8.282478247824782329e+02 1.609437777464985402e+02
8.282978297829782832e+02 1.605250473948102012e+02
8.283478347834783335e+02 1.601457418929757353e+02
8.283978397839783838e+02 1.598084038503035629e+02
8.284478447844784341e+02 1.595153557570889404e+02
8.284978497849784844e+02 1.592686726244633633e+02
8.285478547854785347e+02 1.590701576339454562e+02
8.285978597859785850e+02 1.589213212059231637e+02
8.286478647864786353e+02 1.588233638098163567e+02
8.286978697869786856e+02 1.587771627498374585e+02
8.287478747874787359e+02 1.587832630710825299e+02
8.287978797879787862e+02 1.588418726430634536e+02
8.288478847884788365e+02 1.589528613934858186e+02
8.288978897889788868e+02 1.591157645856751230e+02
8.289478947894789371e+02 1.593297899599554341e+02
8.289978997899789874e+02 1.595938284936783305e+02
8.290479047904790377e+02 1.599064684774511989e+02
8.290979097909790880e+02 1.602660125571788399e+02
8.291479147914791383e+02 1.606704973533281589e+02
8.291979197919791886e+02 1.611177152406615392e+02
8.292479247924792389e+02 1.616052378536570586e+02
8.292979297929792892e+02 1.621304408748358128e+02
8.293479347934793395e+02 1.626905296649684658e+02
8.293979397939793898e+02 1.632825653051687027e+02
8.294479447944794401e+02 1.639034906406037919e+02
8.294979497949794904e+02 1.645501559432143495e+02
8.295479547954795407e+02 1.652193438455828414e+02
8.295979597959795910e+02 1.659077932389661214e+02
8.296479647964796413e+02 1.666122218744659733e+02
8.296979697969796916e+02 1.673293474562479446e+02
8.297479747974797419e+02 1.680559070684593053e+02
8.297979797979797922e+02 1.687886748318250909e+02
8.298479847984798425e+02 1.695244777405844729e+02
8.298979897989798928e+02 1.702602096841917216e+02
8.299479947994799431e+02 1.709928437097892413e+02
8.299979997999799934e+02 1.717194426296172196e+02
8.300480048004800437e+02 1.724371681210318457e+02
8.300980098009800940e+02 1.731432885045215073e+02
8.301480148014801443e+02 1.738351854159629966e+02
8.301980198019801946e+02 1.745103596124155274e+02
8.302480248024802449e+02 1.751664361652187836e+02
8.302980298029802952e+02 1.758011692994522264e+02
8.303480348034803455e+02 1.764124471345612335e+02
8.303980398039803958e+02 1.769982965670565704e+02
8.304480448044804461e+02 1.775568885128287775e+02
8.304980498049804964e+02 1.780865436942759175e+02
8.305480548054805467e+02 1.785857391169151356e+02
8.305980598059805970e+02 1.790531153325463833e+02
8.306480648064806473e+02 1.794874845327442188e+02
8.306980698069806976e+02 1.798878394591151562e+02
8.307480748074807479e+02 1.802533630572173990e+02
8.307980798079807983e+02 1.805834387412772628e+02
8.308480848084808486e+02 1.808776610789102222e+02
8.308980898089808989e+02 1.811358466509988148e+02
8.309480948094809492e+02 1.813580447936627706e+02
8.309980998099809995e+02 1.815445478886525166e+02
8.310481048104810498e+02 1.816959008370818935e+02
8.310981098109809864e+02 1.818129093304420110e+02
8.311481148114810367e+02 1.818966465232607561e+02
8.311981198119810870e+02 1.819484577141639647e+02
8.312481248124811373e+02 1.819699626567125108e+02
8.312981298129811876e+02 1.819630551480934173e+02
8.313481348134812379e+02 1.819298995821391145e+02
8.313981398139812882e+02 1.818729242025145538e+02
8.314481448144813385e+02 1.817948108513207046e+02
8.314981498149813888e+02 1.816984810766759040e+02
8.315481548154814391e+02 1.815870785387697026e+02
8.315981598159814894e+02 1.814639477360022397e+02
8.316481648164815397e+02 1.813326091595776290e+02
8.316981698169815900e+02 1.811967310746116482e+02
8.317481748174816403e+02 1.810600982166107258e+02
8.317981798179816906e+02 1.809265777820297671e+02
8.318481848184817409e+02 1.808000831782897819e+02
8.318981898189817912e+02 1.806845360796174020e+02
8.319481948194818415e+02 1.805838274076158996e+02
8.319981998199818918e+02 1.805017779165879972e+02
8.320482048204819421e+02 1.804420991101401910e+02
8.320982098209819924e+02 1.804083552442188818e+02
8.321482148214820427e+02 1.804039271792836416e+02
8.321982198219820930e+02 1.804319788278345698e+02
8.322482248224821433e+02 1.804954269005428671e+02
8.322982298229821936e+02 1.805969145830721345e+02
8.323482348234822439e+02 1.807387896756700059e+02
8.323982398239822942e+02 1.809230875993970642e+02
8.324482448244823445e+02 1.811515195186344158e+02
8.324982498249823948e+02 1.814254656531805381e+02
8.325482548254824451e+02 1.817459736605095202e+02
8.325982598259824954e+02 1.821137617670959230e+02
8.326482648264825457e+02 1.825292261261920999e+02
8.326982698269825960e+02 1.829924516884493073e+02
8.327482748274826463e+02 1.835032257025517879e+02
8.327982798279826966e+02 1.840610528270967166e+02
8.328482848284827469e+02 1.846651707434171215e+02
8.328982898289827972e+02 1.853145651218707997e+02
8.329482948294828475e+02 1.860079828192987748e+02
8.329982998299828978e+02 1.867439422781909002e+02
8.330483048304829481e+02 1.875207402604762308e+02
8.330983098309829984e+02 1.883364542787357720e+02
8.331483148314830487e+02 1.891889403786985611e+02
8.331983198319830990e+02 1.900758262683918076e+02
8.332483248324831493e+02 1.909945001663493542e+02
8.332983298329831996e+02 1.919420961351115977e+02
8.333483348334832499e+02 1.929154770551902232e+02
8.333983398339833002e+02 1.939112167550184722e+02
8.334483448344833505e+02 1.949255831197785085e+02
8.334983498349834008e+02 1.959545242327068593e+02
8.335483548354834511e+02 1.969936597350779834e+02
8.335983598359835014e+02 1.980382796078709760e+02
8.336483648364835517e+02 1.990833524666228413e+02
8.336983698369836020e+02 2.001235452150457945e+02
8.337483748374836523e+02 2.011532555238551367e+02
8.337983798379837026e+02 2.021666580980015056e+02
8.338483848384837529e+02 2.031577650852086663e+02
8.338983898389838032e+02 2.041205002860783111e+02
8.339483948394838535e+02 2.050487860825044777e+02
8.339983998399839038e+02 2.059366412436245639e+02
8.340484048404839541e+02 2.067782870376064750e+02
8.340984098409840044e+02 2.075682584153926200e+02
8.341484148414840547e+02 2.083015164805348434e+02
8.341984198419841050e+02 2.089735580557271533e+02
8.342484248424841553e+02 2.095805179342940505e+02
8.342984298429842056e+02 2.101192593886466682e+02
8.343484348434842559e+02 2.105874487128385510e+02
8.343984398439843062e+02 2.109836100069498173e+02
8.344484448444843565e+02 2.113071570592225328e+02
8.344984498449844068e+02 2.115584000274908760e+02
8.345484548454844571e+02 2.117385256325009948e+02
8.345984598459845074e+02 2.118495507094911545e+02
8.346484648464845577e+02 2.118942501692508529e+02
8.346984698469846080e+02 2.118760616375841153e+02
8.347484748474846583e+02 2.117989702107177834e+02
8.347984798479847086e+02 2.116673778211905699e+02
8.348484848484847589e+02 2.114859625943839490e+02
8.348984898489848092e+02 2.112595342364349165e+02
8.349484948494848595e+02 2.109928918853485698e+02
8.349984998499849098e+02 2.106906909462018973e+02
8.350485048504849601e+02 2.103573252000608420e+02
8.350985098509850104e+02 2.099968299219947880e+02
8.351485148514850607e+02 2.096128108801742087e+02
8.351985198519851110e+02 2.092084029456661654e+02
8.352485248524851613e+02 2.087862606667907812e+02
8.352985298529852116e+02 2.083485816119958827e+02
8.353485348534852619e+02 2.078971616314544519e+02
8.353985398539853122e+02 2.074334795081960294e+02
8.354485448544853625e+02 2.069588068469712141e+02
8.354985498549854128e+02 2.064743375658356115e+02
8.355485548554854631e+02 2.059813300903643665e+02
8.355985598559855134e+02 2.054812543742617663e+02
8.356485648564855637e+02 2.049759352420611549e+02
8.356985698569856140e+02 2.044676833138745451e+02
8.357485748574856643e+02 2.039594049555392132e+02
8.357985798579857146e+02 2.034546833075695247e+02
8.358485848584857649e+02 2.029578234704745512e+02
8.358985898589858152e+02 2.024738563296359359e+02
8.359485948594858655e+02 2.020084972384048569e+02
8.359985998599859158e+02 2.015680577747085636e+02
8.360486048604859661e+02 2.011593109613168338e+02
8.360986098609860164e+02 2.007893125993599597e+02
8.361486148614860667e+02 2.004651836084144634e+02
8.361986198619861170e+02 2.001938603919714694e+02
8.362486248624861673e+02 1.999818221542913648e+02
8.362986298629862176e+02 1.998348056904077055e+02
8.363486348634862679e+02 1.997575193735526113e+02
8.363986398639863182e+02 1.997533688068511140e+02
8.364486448644863685e+02 1.998242068404636029e+02
8.364986498649864188e+02 1.999701203539429741e+02
8.365486548654864691e+02 2.001892653612811728e+02
8.365986598659865194e+02 2.004777606307808355e+02
8.366486648664865697e+02 2.008296481638715534e+02
8.366986698669866200e+02 2.012369266078757448e+02
8.367486748674866703e+02 2.016896610679657726e+02
8.367986798679867206e+02 2.021761699293963375e+02
8.368486848684867709e+02 2.026832863108016340e+02
8.368986898689868212e+02 2.031966887588519057e+02
8.369486948694868715e+02 2.037012928828843314e+02
8.369986998699869218e+02 2.041816929325140961e+02
8.370487048704869721e+02 2.046226399525085071e+02
8.370987098709870224e+02 2.050095412072363672e+02
8.371487148714870727e+02 2.053289641366915532e+02
8.371987198719871230e+02 2.055691272539058332e+02
8.372487248724871733e+02 2.057203601648673725e+02
8.372987298729872236e+02 2.057755153091679858e+02
8.373487348734872739e+02 2.057303150808604073e+02
8.373987398739873242e+02 2.055836196686832977e+02
8.374487448744873745e+02 2.053376032040138739e+02
8.374987498749874248e+02 2.049978285532747861e+02
8.375487548754874751e+02 2.045732142498117128e+02
8.375987598759875254e+02 2.040758905235496456e+02
8.376487648764875757e+02 2.035209450382326963e+02
8.376987698769876260e+02 2.029260626613010743e+02
8.377487748774876763e+02 2.023110672427743282e+02
8.377987798779877266e+02 2.016973768405430008e+02
8.378487848784877770e+02 2.011073869796331905e+02
8.378987898789878273e+02 2.005637992617066914e+02
8.379487948794878776e+02 2.000889148514972078e+02
8.379987998799879279e+02 1.997039139793807578e+02
8.380488048804879782e+02 1.994281435539520260e+02
8.380988098809880285e+02 1.992784352372121646e+02
8.381488148814880788e+02 1.992684758826432017e+02
8.381988198819881291e+02 1.994082510813379940e+02
8.382488248824881794e+02 1.997035807348063372e+02
8.382988298829882297e+02 2.001557631283370142e+02
8.383488348834882800e+02 2.007613409891699234e+02
8.383988398839883303e+02 2.015119995701023754e+02
8.384488448844883806e+02 2.023946030069073174e+02
8.384988498849884309e+02 2.033913711734983565e+02
8.385488548854884812e+02 2.044801951257448138e+02
8.385988598859885315e+02 2.056350851100349928e+02
8.386488648864885818e+02 2.068267411420048347e+02
8.386988698869886321e+02 2.080232324553271610e+02
8.387488748874886824e+02 2.091907687924143886e+02
8.387988798879887327e+02 2.102945436584896015e+02
8.388488848884887830e+02 2.112996273726887750e+02
8.388988898889888333e+02 2.121718860919238523e+02
8.389488948894888836e+02 2.128789020028024481e+02
8.389988998899889339e+02 2.133908696007764547e+02
8.390489048904889842e+02 2.136814434092886188e+02
8.390989098909890345e+02 2.137285136191958088e+02
8.391489148914890848e+02 2.135148879139688916e+02
8.391989198919891351e+02 2.130288601339863135e+02
8.392489248924891854e+02 2.122646493516774058e+02
8.392989298929892357e+02 2.112226962920406663e+02
8.393489348934892860e+02 2.099098077424700932e+02
8.393989398939893363e+02 2.083391435460078185e+02
8.394489448944893866e+02 2.065300448524063199e+02
8.394989498949894369e+02 2.045077063996057518e+02
8.395489548954894872e+02 2.023026996041772918e+02
8.395989598959895375e+02 1.999503570477088488e+02
8.396489648964895878e+02 1.974900324596083578e+02
8.396989698969896381e+02 1.949642534282409656e+02
8.397489748974896884e+02 1.924177867468922329e+02
8.397989798979897387e+02 1.898966384578025384e+02
8.398489848984897890e+02 1.874470122504518770e+02
8.398989898989898393e+02 1.851142508688996315e+02
8.399489948994898896e+02 1.829417855724717299e+02
8.399989998999899399e+02 1.809701184749622485e+02
8.400490049004899902e+02 1.792358617749814300e+02
8.400990099009900405e+02 1.777708565130345733e+02
8.401490149014900908e+02 1.766013915907093406e+02
8.401990199019901411e+02 1.757475414163507423e+02
8.402490249024901914e+02 1.752226377616283628e+02
8.402990299029902417e+02 1.750328882940558515e+02
8.403490349034902920e+02 1.751771508675016946e+02
8.403990399039903423e+02 1.756468690860954780e+02
8.404490449044903926e+02 1.764261709894244916e+02
8.404990499049904429e+02 1.774921290222434891e+02
8.405490549054904932e+02 1.788151758331480607e+02
8.405990599059905435e+02 1.803596669745515442e+02
8.406490649064905938e+02 1.820845783277908936e+02
8.406990699069906441e+02 1.839443231237962095e+02
8.407490749074906944e+02 1.858896708361877472e+02
8.407990799079907447e+02 1.878687480463549093e+02
8.408490849084907950e+02 1.898280996659364064e+02
8.408990899089908453e+02 1.917137876873783568e+02
8.409490949094908956e+02 1.934725039424498050e+02
8.409990999099909459e+02 1.950526731938688840e+02
8.410491049104909962e+02 1.964055232657552210e+02
8.410991099109910465e+02 1.974860998205968201e+02
8.411491149114910968e+02 1.982542047870264241e+02
8.411991199119911471e+02 1.986752392948070849e+02
8.412491249124911974e+02 1.987209342304990685e+02
8.412991299129912477e+02 1.983699541287262491e+02
8.413491349134912980e+02 1.976083629908401349e+02
8.413991399139913483e+02 1.964299436998246335e+02
8.414491449144913986e+02 1.948363658981970730e+02
8.414991499149914489e+02 1.928372004335686256e+02
8.415491549154914992e+02 1.904497816745369789e+02
8.415991599159915495e+02 1.876989220812885435e+02
8.416491649164915998e+02 1.846164863101676588e+02
8.416991699169916501e+02 1.812408347770159480e+02
8.417491749174917004e+02 1.776161489476054953e+02
8.417991799179917507e+02 1.737916526234865842e+02
8.418491849184918010e+02 1.698207451186161450e+02
8.418991899189918513e+02 1.657600634592255631e+02
8.419491949194919016e+02 1.616684915817749300e+02
8.419991999199919519e+02 1.576061349583123956e+02
8.420492049204920022e+02 1.536332791622689911e+02
8.420992099209920525e+02 1.498093506266161228e+02
8.421492149214921028e+02 1.461918972732616453e+02
8.421992199219921531e+02 1.428356058452599200e+02
8.422492249224922034e+02 1.397913716922720084e+02
8.422992299229922537e+02 1.371054354857631949e+02
8.423492349234923040e+02 1.348185999133921484e+02
8.423992399239923543e+02 1.329655378587482062e+02
8.424492449244924046e+02 1.315742019456429546e+02
8.424992499249924549e+02 1.306653436431687112e+02
8.425492549254925052e+02 1.302521484109016967e+02
8.425992599259925555e+02 1.303399916298724861e+02
8.426492649264926058e+02 1.309263183263936696e+02
8.426992699269926561e+02 1.320006479608325378e+02
8.427492749274927064e+02 1.335447038276055309e+02
8.427992799279927567e+02 1.355326649004845763e+02
8.428492849284928070e+02 1.379315362634293365e+02
8.428992899289928573e+02 1.407016325979810176e+02
8.429492949294929076e+02 1.437971675631331436e+02
8.429992999299929579e+02 1.471669403158950331e+02
8.430493049304930082e+02 1.507551088984852470e+02
8.430993099309930585e+02 1.545020387841114200e+02
8.431493149314931088e+02 1.583452135551072786e+02
8.431993199319931591e+02 1.622201935162377424e+02
8.432493249324932094e+02 1.660616070564139193e+02
8.432993299329932597e+02 1.698041587992694303e+02
8.433493349334933100e+02 1.733836380617676980e+02
8.433993399339933603e+02 1.767379109022682826e+02
8.434493449344934106e+02 1.798078791124769964e+02
8.434993499349934609e+02 1.825383899117591113e+02
8.435493549354935112e+02 1.848790808489608253e+02
8.435993599359935615e+02 1.867851455074182070e+02
8.436493649364936118e+02 1.882180070330902026e+02
8.436993699369936621e+02 1.891458882415788878e+02
8.437493749374937124e+02 1.895442690730681647e+02
8.437993799379937627e+02 1.893962244093851268e+02
8.438493849384938130e+02 1.886926376887826962e+02
8.438993899389938633e+02 1.874322882875650578e+02
8.439493949394939136e+02 1.856218132131259324e+02
8.439993999399939639e+02 1.832755461966718826e+02
8.440494049404940142e+02 1.804152397116309601e+02
8.440994099409940645e+02 1.770696777037707363e+02
8.441494149414941148e+02 1.732741888351096975e+02
8.441994199419941651e+02 1.690700717578685897e+02
8.442494249424942154e+02 1.645039452998217087e+02
8.442994299429942657e+02 1.596270374241740342e+02
8.443494349434943160e+02 1.544944274055228277e+02
8.443994399439943663e+02 1.491642558337500191e+02
8.444494449444944166e+02 1.436969168303543825e+02
8.444994499449944669e+02 1.381542462621091829e+02
8.445494549454945172e+02 1.325987188039836724e+02
8.445994599459945675e+02 1.270926654877852684e+02
8.446494649464946178e+02 1.216975219352537607e+02
8.446994699469946681e+02 1.164731158814305019e+02
8.447494749474947184e+02 1.114770009168252471e+02
8.447994799479947687e+02 1.067638416865864457e+02
8.448494849484948190e+02 1.023848541503253671e+02
8.448994899489948693e+02 9.838730299062812890e+01
8.449494949494949196e+02 9.481405691646405387e+01
8.449994999499949699e+02 9.170320148385872017e+01
8.450495049504950202e+02 8.908770818210120979e+01
8.450995099509950705e+02 8.699515792746930742e+01
8.451495149514951208e+02 8.544751677181960758e+01
8.451995199519951711e+02 8.446096156007692457e+01
8.452495249524952214e+02 8.404575343491417527e+01
8.452995299529952717e+02 8.420615745293041243e+01
8.453495349534953220e+02 8.494040709843157799e+01
8.453995399539953723e+02 8.624071310472946550e+01
8.454495449544954226e+02 8.809331665986746884e+01
8.454995499549954729e+02 9.047858772292134688e+01
8.455495549554955232e+02 9.337116974851390694e+01
8.455995599559955735e+02 9.674017255491504841e+01
8.456495649564956238e+02 1.005494153258559749e+02
8.456995699569956741e+02 1.047577217681244264e+02
8.457495749574957244e+02 1.093192692277435043e+02
8.457995799579957747e+02 1.141839930817718596e+02
8.458495849584958250e+02 1.192980469692839876e+02
8.458995899589958753e+02 1.246043184171255405e+02
8.459495949594959257e+02 1.300429981809663218e+02
8.459995999599959760e+02 1.355522002005324964e+02
8.460496049604960263e+02 1.410686275118126503e+02
8.460996099609960766e+02 1.465282778300314988e+02
8.461496149614961269e+02 1.518671808836017476e+02
8.461996199619961772e+02 1.570221580132350709e+02
8.462496249624962275e+02 1.619315931246467812e+02
8.462996299629962778e+02 1.665362028678778756e+02
8.463496349634963281e+02 1.707797929753041331e+02
8.463996399639963784e+02 1.746099870791258866e+02
8.464496449644964287e+02 1.779789140911745164e+02
8.464996499649964790e+02 1.808438403931445748e+02
8.465496549654965293e+02 1.831677336684572595e+02
8.465996599659965796e+02 1.849197462062337820e+02
8.466496649664966299e+02 1.860756069052149542e+02
8.466996699669966802e+02 1.866179129668717849e+02
8.467496749674967305e+02 1.865363143436601092e+02
8.467996799679967808e+02 1.858275863387603692e+02
8.468496849684968311e+02 1.844955882656676920e+02
8.468996899689968814e+02 1.825511086900450266e+02
8.469496949694969317e+02 1.800116004083591861e+02
8.469996999699969820e+02 1.769008108830259971e+02
8.470497049704970323e+02 1.732483162695357919e+02
8.470997099709970826e+02 1.690889693604026718e+02
8.471497149714971329e+02 1.644622736654832238e+02
8.471997199719971832e+02 1.594116973911384321e+02
8.472497249724972335e+02 1.539839422279764847e+02
8.472997299729972838e+02 1.482281825793076280e+02
8.473497349734973341e+02 1.421952911462201428e+02
8.473997399739973844e+02 1.359370666322165562e+02
8.474497449744974347e+02 1.295054787575678006e+02
8.474997499749974850e+02 1.229519448118506801e+02
8.475497549754975353e+02 1.163266506657088826e+02
8.475997599759975856e+02 1.096779275630859729e+02
8.476497649764976359e+02 1.030516941841234484e+02
8.476997699769976862e+02 9.649097147280824061e+01
8.477497749774977365e+02 9.003547563087333572e+01
8.477997799779977868e+02 8.372129255867722009e+01
8.478497849784978371e+02 7.758063494025761031e+01
8.478997899789978874e+02 7.164168118381930128e+01
8.479497949794979377e+02 6.592849359390883990e+01
8.479997999799979880e+02 6.046101151224418402e+01
8.480498049804980383e+02 5.525511375580385476e+01
8.480998099809980886e+02 5.032274352830957298e+01
8.481498149814981389e+02 4.567208809926809465e+01
8.481998199819981892e+02 4.130780493776552476e+01
8.482498249824982395e+02 3.723128565127831990e+01
8.482998299829982898e+02 3.344094899943529242e+01
8.483498349834983401e+02 2.993255440823960356e+01
8.483998399839983904e+02 2.669952777518000531e+01
8.484498449844984407e+02 2.373329189903006053e+01
8.484998499849984910e+02 2.102359455622801931e+01
8.485498549854985413e+02 1.855882804351469417e+01
8.485998599859985916e+02 1.632633487901232172e+01
8.486498649864986419e+02 1.431269526750993926e+01
8.486998699869986922e+02 1.250399285911293212e+01
8.487498749874987425e+02 1.088605623558134283e+01
8.487998799879987928e+02 9.444674421445535373e+00
8.488498849884988431e+02 8.165785517437425867e+00
8.488998899889988934e+02 7.035638276449056150e+00
8.489498949894989437e+02 6.040927076120651940e+00
8.489998999899989940e+02 5.168901280528520381e+00
8.490499049904990443e+02 4.407450423506805492e+00
8.490999099909990946e+02 3.745166988638396255e+00
8.491499149914991449e+02 3.171388809648915341e+00
8.491999199919991952e+02 2.676223276060675893e+00
8.492499249924992455e+02 2.250555610632170467e+00
8.492999299929992958e+02 1.886043496782317641e+00
8.493499349934993461e+02 1.575100286142957273e+00
8.493999399939993964e+02 1.310868919190584680e+00
8.494499449944994467e+02 1.087188556078923174e+00
8.494999499949994970e+02 8.985557503839457505e-01
8.495499549954995473e+02 7.400818148163129662e-01
8.495999599959995976e+02 6.074478334588848671e-01
8.496499649964996479e+02 4.968585770895652676e-01
8.496999699969996982e+02 4.049963828531192300e-01
8.497499749974997485e+02 3.289758719929615216e-01
8.497999799979997988e+02 2.663002034583511479e-01
8.498499849984998491e+02 2.148193998130249749e-01
8.498999899989998994e+02 1.726911368668545832e-01
8.499499949994999497e+02 1.383442608540319252e-01
8.500000000000000000e+02 1.104451870782255790e-01
